month,town,flat_type,block,street_name,storey_range,floor_area_sqm,flat_model,lease_commence_date,resale_price,computed_remaining_lease_in_years_months
2016-12,KALLANG/WHAMPOA,3 ROOM,57,JLN MA'MOR,01 TO 03,259.0,Terrace,1972,1150000.0,54 Years 0 Months
2016-09,CENTRAL AREA,5 ROOM,1G,CANTONMENT RD,43 TO 45,106.0,Type S2,2011,1120000.0,93 Years 3 Months
2016-08,KALLANG/WHAMPOA,5 ROOM,8,BOON KENG RD,28 TO 30,119.0,DBSS,2011,1100000.0,93 Years 5 Months
2016-11,CENTRAL AREA,5 ROOM,1B,CANTONMENT RD,31 TO 33,106.0,Type S2,2011,1100000.0,93 Years 1 Months
2016-11,CENTRAL AREA,5 ROOM,1D,CANTONMENT RD,46 TO 48,107.0,Type S2,2011,1100000.0,93 Years 1 Months
2014-10,BISHAN,EXECUTIVE,194,BISHAN ST 13,22 TO 24,150.0,Maisonette,1987,1088888.0,71 Years 3 Months
2015-11,CENTRAL AREA,5 ROOM,1D,CANTONMENT RD,43 TO 45,107.0,Type S2,2011,1088000.0,94 Years 2 Months
2016-06,CENTRAL AREA,5 ROOM,1D,CANTONMENT RD,34 TO 36,107.0,Type S2,2011,1070000.0,93 Years 7 Months
2016-08,CENTRAL AREA,5 ROOM,1B,CANTONMENT RD,31 TO 33,105.0,Type S2,2011,1070000.0,93 Years 5 Months
2016-01,CENTRAL AREA,5 ROOM,1B,CANTONMENT RD,28 TO 30,108.0,Type S2,2011,1068888.0,94 Years 0 Months
2016-05,CENTRAL AREA,5 ROOM,1D,CANTONMENT RD,19 TO 21,106.0,Type S2,2011,1063888.0,93 Years 8 Months
2015-04,CENTRAL AREA,5 ROOM,1G,CANTONMENT RD,28 TO 30,107.0,Type S2,2011,1060000.0,94 Years 9 Months
2015-03,KALLANG/WHAMPOA,3 ROOM,53,JLN MA'MOR,01 TO 03,280.0,Terrace,1972,1060000.0,55 Years 10 Months
2016-09,CENTRAL AREA,5 ROOM,1C,CANTONMENT RD,40 TO 42,106.0,Type S2,2011,1055000.0,93 Years 3 Months
2015-04,CENTRAL AREA,5 ROOM,1A,CANTONMENT RD,46 TO 48,107.0,Type S2,2011,1050000.0,94 Years 9 Months
2015-04,BISHAN,EXECUTIVE,192,BISHAN ST 13,22 TO 24,149.0,Maisonette,1987,1050000.0,70 Years 9 Months
2013-11,BISHAN,EXECUTIVE,190,BISHAN ST 13,19 TO 21,150.0,Maisonette,1987,1050000.0,72 Years 1 Months
2016-08,BISHAN,EXECUTIVE,187,BISHAN ST 13,07 TO 09,153.0,Maisonette,1987,1050000.0,69 Years 5 Months
2016-03,CENTRAL AREA,5 ROOM,1B,CANTONMENT RD,25 TO 27,105.0,Type S2,2011,1050000.0,93 Years 10 Months
2015-08,CENTRAL AREA,5 ROOM,1B,CANTONMENT RD,19 TO 21,107.0,Type S2,2011,1050000.0,94 Years 5 Months
2016-07,CENTRAL AREA,5 ROOM,1D,CANTONMENT RD,25 TO 27,105.0,Type S2,2011,1040000.0,93 Years 6 Months
2015-02,CENTRAL AREA,5 ROOM,1B,CANTONMENT RD,43 TO 45,105.0,Type S2,2011,1040000.0,94 Years 10 Months
2016-10,BISHAN,5 ROOM,273B,BISHAN ST 24,40 TO 42,120.0,DBSS,2011,1038000.0,93 Years 3 Months
2015-02,CENTRAL AREA,5 ROOM,1A,CANTONMENT RD,37 TO 39,107.0,Type S2,2011,1030000.0,94 Years 10 Months
2016-05,KALLANG/WHAMPOA,5 ROOM,9,BOON KENG RD,40 TO 42,119.0,DBSS,2011,1028000.0,93 Years 8 Months
2016-07,KALLANG/WHAMPOA,5 ROOM,7,BOON KENG RD,31 TO 33,117.0,DBSS,2011,1025000.0,93 Years 6 Months
2013-04,KALLANG/WHAMPOA,3 ROOM,65,JLN MA'MOR,01 TO 03,266.0,Terrace,1972,1020000.0,57 Years 9 Months
2016-01,CENTRAL AREA,5 ROOM,1F,CANTONMENT RD,28 TO 30,107.0,Type S2,2011,1020000.0,94 Years 0 Months
2015-03,CENTRAL AREA,5 ROOM,1B,CANTONMENT RD,22 TO 24,107.0,Type S2,2011,1018000.0,94 Years 10 Months
2015-12,CENTRAL AREA,5 ROOM,1F,CANTONMENT RD,37 TO 39,106.0,Type S2,2011,1018000.0,94 Years 1 Months
2012-10,BISHAN,EXECUTIVE,194,BISHAN ST 13,22 TO 24,163.0,Maisonette,1987,1010000.0,73 Years 2 Months
2016-08,CLEMENTI,5 ROOM,441A,CLEMENTI AVE 3,16 TO 18,116.0,Improved,2012,1005000.0,94 Years 5 Months
2016-03,KALLANG/WHAMPOA,5 ROOM,8,BOON KENG RD,40 TO 42,119.0,DBSS,2011,1004888.0,93 Years 10 Months
2013-05,BUKIT TIMAH,EXECUTIVE,3,TOH YI DR,10 TO 12,146.0,Maisonette,1988,1000000.0,73 Years 8 Months
2015-02,CENTRAL AREA,5 ROOM,1B,CANTONMENT RD,22 TO 24,105.0,Type S2,2011,1000000.0,94 Years 10 Months
2014-12,BISHAN,EXECUTIVE,190,BISHAN ST 13,19 TO 21,150.0,Maisonette,1987,1000000.0,71 Years 1 Months
2012-07,QUEENSTOWN,EXECUTIVE,149,MEI LING ST,16 TO 18,150.0,Apartment,1995,1000000.0,81 Years 6 Months
2015-09,BUKIT TIMAH,EXECUTIVE,2,TOH YI DR,10 TO 12,154.0,Maisonette,1988,1000000.0,71 Years 4 Months
2016-11,KALLANG/WHAMPOA,5 ROOM,7,BOON KENG RD,25 TO 27,117.0,DBSS,2011,1000000.0,93 Years 1 Months
2015-12,QUEENSTOWN,EXECUTIVE,150,MEI LING ST,04 TO 06,153.0,Maisonette,1995,998888.0,78 Years 1 Months
2016-09,CENTRAL AREA,5 ROOM,1F,CANTONMENT RD,22 TO 24,105.0,Type S2,2011,998000.0,93 Years 3 Months
2015-05,CENTRAL AREA,5 ROOM,1B,CANTONMENT RD,22 TO 24,107.0,Type S2,2011,998000.0,94 Years 8 Months
2016-09,CENTRAL AREA,5 ROOM,1D,CANTONMENT RD,31 TO 33,106.0,Type S2,2011,995000.0,93 Years 3 Months
2016-08,BUKIT TIMAH,EXECUTIVE,8,TOH YI DR,01 TO 03,145.0,Maisonette,1989,995000.0,71 Years 5 Months
2015-05,BISHAN,EXECUTIVE,219,BISHAN ST 23,07 TO 09,146.0,Maisonette,1992,995000.0,75 Years 8 Months
2016-11,BISHAN,5 ROOM,273B,BISHAN ST 24,34 TO 36,120.0,DBSS,2011,995000.0,93 Years 1 Months
2013-11,KALLANG/WHAMPOA,3 ROOM,59,JLN MA'MOR,01 TO 03,180.0,Terrace,1972,993888.0,57 Years 1 Months
2015-02,CENTRAL AREA,5 ROOM,1C,CANTONMENT RD,28 TO 30,107.0,Type S2,2011,991000.0,94 Years 10 Months
2016-09,QUEENSTOWN,EXECUTIVE,148,MEI LING ST,04 TO 06,150.0,Apartment,1995,990000.0,77 Years 3 Months
2015-09,CENTRAL AREA,4 ROOM,1D,CANTONMENT RD,43 TO 45,93.0,Type S1,2011,990000.0,94 Years 4 Months
2016-07,KALLANG/WHAMPOA,5 ROOM,8,BOON KENG RD,37 TO 39,117.0,DBSS,2011,990000.0,93 Years 6 Months
2016-05,BUKIT TIMAH,EXECUTIVE,3,TOH YI DR,10 TO 12,146.0,Maisonette,1988,990000.0,70 Years 8 Months
2012-08,KALLANG/WHAMPOA,3 ROOM,65,JLN MA'MOR,01 TO 03,249.0,Terrace,1972,988888.0,58 Years 4 Months
2016-02,CENTRAL AREA,4 ROOM,1D,CANTONMENT RD,46 TO 48,96.0,Type S1,2011,988000.0,93 Years 10 Months
2016-03,KALLANG/WHAMPOA,5 ROOM,9,BOON KENG RD,34 TO 36,117.0,DBSS,2011,988000.0,93 Years 10 Months
2016-10,KALLANG/WHAMPOA,5 ROOM,7,BOON KENG RD,25 TO 27,119.0,DBSS,2011,988000.0,93 Years 3 Months
2016-08,KALLANG/WHAMPOA,5 ROOM,9,BOON KENG RD,31 TO 33,119.0,DBSS,2011,986000.0,93 Years 5 Months
2015-02,QUEENSTOWN,5 ROOM,9,HOLLAND AVE,22 TO 24,147.0,Adjoined flat,1974,985000.0,57 Years 10 Months
2013-12,BISHAN,EXECUTIVE,173,BISHAN ST 13,19 TO 21,163.0,Maisonette,1987,983000.0,72 Years 1 Months
2014-05,BUKIT TIMAH,EXECUTIVE,2,TOH YI DR,04 TO 06,154.0,Maisonette,1988,980000.0,72 Years 8 Months
2013-08,QUEENSTOWN,EXECUTIVE,149,MEI LING ST,07 TO 09,150.0,Apartment,1995,980000.0,80 Years 5 Months
2014-11,BISHAN,EXECUTIVE,103,BISHAN ST 12,22 TO 24,163.0,Maisonette,1986,980000.0,70 Years 2 Months
2016-09,QUEENSTOWN,5 ROOM,23,GHIM MOH LINK,37 TO 39,113.0,Improved,2013,980000.0,95 Years 4 Months
2015-09,CENTRAL AREA,5 ROOM,1G,CANTONMENT RD,31 TO 33,105.0,Type S2,2011,980000.0,94 Years 4 Months
2012-07,BISHAN,EXECUTIVE,190,BISHAN ST 13,19 TO 21,163.0,Maisonette,1987,980000.0,73 Years 6 Months
2016-06,KALLANG/WHAMPOA,5 ROOM,8,BOON KENG RD,22 TO 24,117.0,DBSS,2011,980000.0,93 Years 7 Months
2016-11,BISHAN,5 ROOM,275A,BISHAN ST 24,16 TO 18,120.0,DBSS,2011,980000.0,93 Years 1 Months
2012-09,BISHAN,MULTI-GENERATION,137,BISHAN ST 12,07 TO 09,165.0,Multi Generation,1987,980000.0,73 Years 3 Months
2015-02,BUKIT TIMAH,EXECUTIVE,3,TOH YI DR,10 TO 12,146.0,Maisonette,1988,980000.0,71 Years 10 Months
2016-06,TOA PAYOH,EXECUTIVE,101B,LOR 2 TOA PAYOH,10 TO 12,145.0,Apartment,1993,980000.0,75 Years 7 Months
2015-09,BUKIT TIMAH,EXECUTIVE,8,TOH YI DR,01 TO 03,145.0,Maisonette,1989,980000.0,72 Years 4 Months
2016-09,CENTRAL AREA,5 ROOM,1B,CANTONMENT RD,16 TO 18,105.0,Type S2,2011,980000.0,93 Years 3 Months
2015-09,BUKIT TIMAH,EXECUTIVE,7,TOH YI DR,10 TO 12,142.0,Apartment,1989,980000.0,72 Years 4 Months
2015-08,BISHAN,EXECUTIVE,102,BISHAN ST 12,22 TO 24,163.0,Maisonette,1987,980000.0,70 Years 5 Months
2016-04,KALLANG/WHAMPOA,5 ROOM,9,BOON KENG RD,31 TO 33,117.0,DBSS,2011,980000.0,93 Years 9 Months
2016-07,CENTRAL AREA,5 ROOM,1F,CANTONMENT RD,07 TO 09,107.0,Type S2,2011,980000.0,93 Years 6 Months
2015-05,CENTRAL AREA,5 ROOM,1A,CANTONMENT RD,31 TO 33,107.0,Type S2,2011,980000.0,94 Years 8 Months
2016-04,QUEENSTOWN,4 ROOM,43,STIRLING RD,01 TO 03,108.0,Terrace,1968,980000.0,50 Years 8 Months
2016-12,BUKIT TIMAH,EXECUTIVE,3,TOH YI DR,10 TO 12,146.0,Maisonette,1988,980000.0,70 Years 0 Months
2015-01,CENTRAL AREA,5 ROOM,1C,CANTONMENT RD,31 TO 33,106.0,Type S2,2011,980000.0,94 Years 11 Months
2014-01,BISHAN,EXECUTIVE,168,BISHAN ST 13,19 TO 21,150.0,Maisonette,1986,980000.0,70 Years 11 Months
2016-09,ANG MO KIO,5 ROOM,588C,ANG MO KIO ST 52,28 TO 30,120.0,DBSS,2011,980000.0,93 Years 3 Months
2014-03,TOA PAYOH,EXECUTIVE,99B,LOR 2 TOA PAYOH,07 TO 09,144.0,Apartment,1993,980000.0,77 Years 10 Months
2016-05,BISHAN,EXECUTIVE,186,BISHAN ST 13,10 TO 12,146.0,Maisonette,1987,979000.0,69 Years 8 Months
2015-09,CENTRAL AREA,5 ROOM,1F,CANTONMENT RD,28 TO 30,105.0,Type S2,2011,978000.0,94 Years 4 Months
2015-06,CENTRAL AREA,5 ROOM,1C,CANTONMENT RD,31 TO 33,106.0,Type S2,2011,975000.0,94 Years 7 Months
2016-11,CENTRAL AREA,5 ROOM,1C,CANTONMENT RD,10 TO 12,106.0,Type S2,2011,975000.0,93 Years 1 Months
2015-03,CENTRAL AREA,5 ROOM,1C,CANTONMENT RD,31 TO 33,105.0,Type S2,2011,973888.0,94 Years 10 Months
2012-07,BISHAN,EXECUTIVE,135,BISHAN ST 12,22 TO 24,150.0,Maisonette,1987,970000.0,73 Years 6 Months
2012-11,TAMPINES,MULTI-GENERATION,460,TAMPINES ST 42,04 TO 06,166.0,Multi Generation,1987,970000.0,73 Years 1 Months
2016-02,BUKIT TIMAH,EXECUTIVE,2,TOH YI DR,13 TO 15,146.0,Maisonette,1988,970000.0,70 Years 10 Months
2016-09,BISHAN,5 ROOM,273A,BISHAN ST 24,22 TO 24,120.0,DBSS,2011,970000.0,93 Years 3 Months
2016-10,GEYLANG,5 ROOM,60,DAKOTA CRES,10 TO 12,152.0,Model A-Maisonette,1983,968888.0,65 Years 2 Months
2016-05,QUEENSTOWN,5 ROOM,18C,HOLLAND DR,31 TO 33,117.0,Improved,2012,968000.0,94 Years 8 Months
2012-09,BUKIT TIMAH,5 ROOM,1,QUEEN'S RD,22 TO 24,125.0,Standard,1974,968000.0,60 Years 3 Months
2016-06,BUKIT TIMAH,EXECUTIVE,10,TOH YI DR,04 TO 06,146.0,Maisonette,1989,968000.0,71 Years 7 Months
2016-08,BUKIT MERAH,5 ROOM,126A,KIM TIAN RD,37 TO 39,113.0,Improved,2013,968000.0,95 Years 5 Months
2015-06,CENTRAL AREA,4 ROOM,1G,CANTONMENT RD,40 TO 42,96.0,Type S1,2011,965000.0,94 Years 7 Months
2016-08,KALLANG/WHAMPOA,5 ROOM,7,BOON KENG RD,37 TO 39,107.0,DBSS,2011,965000.0,93 Years 5 Months
2015-08,CENTRAL AREA,5 ROOM,1A,CANTONMENT RD,28 TO 30,105.0,Type S2,2011,965000.0,94 Years 5 Months
2012-11,CENTRAL AREA,5 ROOM,5,TG PAGAR PLAZA,10 TO 12,139.0,Adjoined flat,1977,965000.0,63 Years 1 Months
2013-04,TOA PAYOH,EXECUTIVE,101B,LOR 2 TOA PAYOH,07 TO 09,147.0,Apartment,1993,964000.0,78 Years 9 Months
2016-06,QUEENSTOWN,5 ROOM,23,GHIM MOH LINK,19 TO 21,113.0,Improved,2013,963888.0,95 Years 7 Months
2013-07,QUEENSTOWN,5 ROOM,91,TANGLIN HALT RD,34 TO 36,110.0,Improved,2008,961000.0,93 Years 6 Months
2014-08,QUEENSTOWN,5 ROOM,90,TANGLIN HALT RD,40 TO 42,110.0,Improved,2008,960000.0,92 Years 5 Months
2016-09,CENTRAL AREA,4 ROOM,1A,CANTONMENT RD,46 TO 48,95.0,Type S1,2011,960000.0,93 Years 3 Months
2016-07,QUEENSTOWN,EXECUTIVE,150,MEI LING ST,07 TO 09,146.0,Maisonette,1995,960000.0,77 Years 6 Months
2013-10,CLEMENTI,EXECUTIVE,206,CLEMENTI AVE 6,01 TO 03,156.0,Maisonette,1985,960000.0,70 Years 3 Months
2016-09,CLEMENTI,EXECUTIVE,430,CLEMENTI AVE 3,07 TO 09,162.0,Adjoined flat,1979,960000.0,61 Years 3 Months
2016-06,CLEMENTI,5 ROOM,425,CLEMENTI AVE 1,28 TO 30,117.0,Improved,2013,960000.0,95 Years 7 Months
2015-02,CENTRAL AREA,5 ROOM,1C,CANTONMENT RD,37 TO 39,107.0,Type S2,2011,960000.0,94 Years 10 Months
2015-06,CENTRAL AREA,4 ROOM,1D,CANTONMENT RD,40 TO 42,96.0,Type S1,2011,960000.0,94 Years 7 Months
2016-10,BISHAN,5 ROOM,275A,BISHAN ST 24,22 TO 24,120.0,DBSS,2011,960000.0,93 Years 3 Months
2016-08,GEYLANG,5 ROOM,60,DAKOTA CRES,04 TO 06,140.0,Model A-Maisonette,1983,960000.0,65 Years 5 Months
2015-12,QUEENSTOWN,5 ROOM,90,TANGLIN HALT RD,37 TO 39,110.0,Improved,2008,960000.0,91 Years 1 Months
2015-03,BUKIT TIMAH,EXECUTIVE,7,TOH YI DR,07 TO 09,146.0,Maisonette,1989,960000.0,72 Years 10 Months
2013-07,BUKIT TIMAH,EXECUTIVE,7,TOH YI DR,04 TO 06,146.0,Maisonette,1989,960000.0,74 Years 6 Months
2015-03,CENTRAL AREA,5 ROOM,1F,CANTONMENT RD,10 TO 12,106.0,Type S2,2011,958800.0,94 Years 10 Months
2016-08,BISHAN,EXECUTIVE,453,SIN MING AVE,16 TO 18,162.0,Maisonette,1990,958000.0,72 Years 5 Months
2016-10,BISHAN,EXECUTIVE,447,BRIGHT HILL DR,22 TO 24,169.0,Maisonette,1990,958000.0,72 Years 3 Months
2015-06,KALLANG/WHAMPOA,3 ROOM,60,JLN BAHAGIA,01 TO 03,241.0,Terrace,1972,958000.0,55 Years 7 Months
2015-09,QUEENSTOWN,5 ROOM,62A,STRATHMORE AVE,25 TO 27,118.0,Improved,2011,958000.0,94 Years 4 Months
2015-02,CENTRAL AREA,5 ROOM,1E,CANTONMENT RD,10 TO 12,107.0,Type S2,2011,956000.0,94 Years 10 Months
2014-04,BISHAN,EXECUTIVE,187,BISHAN ST 13,10 TO 12,146.0,Maisonette,1987,956000.0,71 Years 9 Months
2015-01,CENTRAL AREA,4 ROOM,1A,CANTONMENT RD,46 TO 48,97.0,Type S1,2011,955000.0,94 Years 11 Months
2016-08,BISHAN,EXECUTIVE,201,BISHAN ST 23,07 TO 09,149.0,Maisonette,1992,955000.0,74 Years 4 Months
2016-03,QUEENSTOWN,5 ROOM,18D,HOLLAND DR,28 TO 30,117.0,Improved,2012,955000.0,94 Years 10 Months
2016-05,BISHAN,EXECUTIVE,187,BISHAN ST 13,04 TO 06,153.0,Maisonette,1987,955000.0,69 Years 8 Months
2015-01,BISHAN,EXECUTIVE,450,SIN MING AVE,22 TO 24,174.0,Maisonette,1989,955000.0,73 Years 0 Months
2016-07,QUEENSTOWN,5 ROOM,52,STRATHMORE AVE,40 TO 42,110.0,Improved,2006,955000.0,88 Years 6 Months
2015-08,TOA PAYOH,5 ROOM,154,LOR 2 TOA PAYOH,22 TO 24,124.0,Improved,2001,955000.0,84 Years 5 Months
2015-12,QUEENSTOWN,5 ROOM,22,GHIM MOH LINK,22 TO 24,113.0,Improved,2013,955000.0,96 Years 1 Months
2013-10,QUEENSTOWN,5 ROOM,89,TANGLIN HALT RD,31 TO 33,110.0,Improved,2008,955000.0,93 Years 3 Months
2015-11,CENTRAL AREA,5 ROOM,1F,CANTONMENT RD,13 TO 15,107.0,Type S2,2011,955000.0,94 Years 2 Months
2016-08,CENTRAL AREA,5 ROOM,1A,CANTONMENT RD,13 TO 15,106.0,Type S2,2011,952000.0,93 Years 5 Months
2015-08,CENTRAL AREA,5 ROOM,1C,CANTONMENT RD,34 TO 36,107.0,Type S2,2011,950000.0,94 Years 5 Months
2013-01,BISHAN,EXECUTIVE,222,BISHAN ST 23,10 TO 12,154.0,Maisonette,1992,950000.0,77 Years 11 Months
2015-11,CENTRAL AREA,5 ROOM,1E,CANTONMENT RD,22 TO 24,105.0,Type S2,2011,950000.0,94 Years 2 Months
2015-08,CENTRAL AREA,5 ROOM,1D,CANTONMENT RD,22 TO 24,105.0,Type S2,2011,950000.0,94 Years 5 Months
2015-06,QUEENSTOWN,5 ROOM,146,MEI LING ST,19 TO 21,133.0,Model A,1995,950000.0,78 Years 7 Months
2016-10,BISHAN,5 ROOM,273A,BISHAN ST 24,34 TO 36,120.0,DBSS,2011,950000.0,93 Years 3 Months
2016-11,KALLANG/WHAMPOA,5 ROOM,7,BOON KENG RD,40 TO 42,107.0,DBSS,2011,950000.0,93 Years 1 Months
2014-07,BISHAN,EXECUTIVE,231,BISHAN ST 23,04 TO 06,148.0,Maisonette,1992,950000.0,76 Years 6 Months
2013-05,TOA PAYOH,5 ROOM,79C,TOA PAYOH CTRL,34 TO 36,110.0,Improved,2009,950000.0,94 Years 8 Months
2015-11,BISHAN,EXECUTIVE,101,BISHAN ST 12,22 TO 24,163.0,Maisonette,1987,950000.0,70 Years 2 Months
2016-05,BUKIT MERAH,5 ROOM,81,REDHILL LANE,19 TO 21,139.0,Model A,1996,950000.0,78 Years 8 Months
2012-08,BISHAN,EXECUTIVE,231,BISHAN ST 23,16 TO 18,148.0,Maisonette,1992,950000.0,78 Years 4 Months
2015-02,CENTRAL AREA,4 ROOM,1C,CANTONMENT RD,43 TO 45,93.0,Type S1,2011,950000.0,94 Years 10 Months
2016-04,KALLANG/WHAMPOA,5 ROOM,7,BOON KENG RD,25 TO 27,119.0,DBSS,2011,950000.0,93 Years 9 Months
2016-05,CENTRAL AREA,4 ROOM,1D,CANTONMENT RD,37 TO 39,95.0,Type S1,2011,950000.0,93 Years 8 Months
2013-09,MARINE PARADE,5 ROOM,3,MARINE TER,16 TO 18,122.0,Standard,1975,950000.0,60 Years 3 Months
2016-03,GEYLANG,5 ROOM,62,DAKOTA CRES,04 TO 06,153.0,Model A-Maisonette,1984,950000.0,66 Years 10 Months
2016-09,QUEENSTOWN,5 ROOM,62A,STRATHMORE AVE,28 TO 30,117.0,Improved,2011,950000.0,93 Years 3 Months
2016-01,BUKIT TIMAH,5 ROOM,1,QUEEN'S RD,22 TO 24,125.0,Standard,1974,950000.0,57 Years 0 Months
2015-10,BUKIT MERAH,5 ROOM,127D,KIM TIAN RD,34 TO 36,113.0,Improved,2013,950000.0,96 Years 3 Months
2015-05,BISHAN,EXECUTIVE,450,SIN MING AVE,22 TO 24,160.0,Maisonette,1989,950000.0,72 Years 8 Months
2016-03,CENTRAL AREA,4 ROOM,1C,CANTONMENT RD,34 TO 36,93.0,Type S1,2011,950000.0,93 Years 10 Months
2015-03,CENTRAL AREA,5 ROOM,1A,CANTONMENT RD,13 TO 15,107.0,Type S2,2011,950000.0,94 Years 10 Months
2015-01,QUEENSTOWN,5 ROOM,18D,HOLLAND DR,19 TO 21,117.0,Improved,2012,950000.0,95 Years 11 Months
2016-02,QUEENSTOWN,5 ROOM,28,GHIM MOH LINK,34 TO 36,113.0,Improved,2013,948888.0,95 Years 11 Months
2015-04,CENTRAL AREA,5 ROOM,1C,CANTONMENT RD,10 TO 12,106.0,Type S2,2011,948888.0,94 Years 9 Months
2016-04,QUEENSTOWN,5 ROOM,18C,HOLLAND DR,19 TO 21,117.0,Improved,2012,945000.0,94 Years 9 Months
2013-01,BUKIT MERAH,5 ROOM,23,JLN MEMBINA,25 TO 27,110.0,Improved,2003,945000.0,88 Years 11 Months
2016-08,TOA PAYOH,5 ROOM,152,LOR 2 TOA PAYOH,22 TO 24,110.0,Improved,2006,945000.0,88 Years 5 Months
2015-02,CENTRAL AREA,4 ROOM,1D,CANTONMENT RD,37 TO 39,95.0,Type S1,2011,945000.0,94 Years 10 Months
2016-09,KALLANG/WHAMPOA,5 ROOM,9,BOON KENG RD,34 TO 36,107.0,DBSS,2011,945000.0,93 Years 3 Months
2016-06,BISHAN,EXECUTIVE,212,BISHAN ST 23,10 TO 12,149.0,Maisonette,1992,945000.0,74 Years 7 Months
2012-12,GEYLANG,EXECUTIVE,132,GEYLANG EAST AVE 1,16 TO 18,152.0,Maisonette,1987,943999.0,73 Years 0 Months
2015-10,CENTRAL AREA,4 ROOM,1B,CANTONMENT RD,31 TO 33,94.0,Type S1,2011,940000.0,94 Years 3 Months
2016-11,CENTRAL AREA,5 ROOM,1G,CANTONMENT RD,10 TO 12,106.0,Type S2,2011,940000.0,93 Years 1 Months
2016-05,QUEENSTOWN,4 ROOM,43,STIRLING RD,01 TO 03,111.0,Terrace,1968,940000.0,50 Years 8 Months
2015-07,BISHAN,EXECUTIVE,245,BISHAN ST 22,07 TO 09,154.0,Maisonette,1992,940000.0,75 Years 6 Months
2013-05,TOA PAYOH,EXECUTIVE,99A,LOR 2 TOA PAYOH,10 TO 12,145.0,Apartment,1993,940000.0,78 Years 8 Months
2016-07,BUKIT MERAH,5 ROOM,4B,BOON TIONG RD,19 TO 21,115.0,Improved,2005,940000.0,87 Years 6 Months
2016-06,CENTRAL AREA,4 ROOM,1F,CANTONMENT RD,34 TO 36,95.0,Type S1,2011,940000.0,93 Years 7 Months
2013-05,BISHAN,EXECUTIVE,186,BISHAN ST 13,01 TO 03,142.0,Apartment,1987,940000.0,72 Years 8 Months
2012-11,BISHAN,EXECUTIVE,183,BISHAN ST 13,19 TO 21,150.0,Maisonette,1987,940000.0,73 Years 1 Months
2014-08,KALLANG/WHAMPOA,3 ROOM,63,JLN MA'MOR,01 TO 03,118.0,Terrace,1972,940000.0,56 Years 5 Months
2015-08,BISHAN,EXECUTIVE,231,BISHAN ST 23,16 TO 18,148.0,Maisonette,1992,939999.0,75 Years 5 Months
2015-07,CENTRAL AREA,5 ROOM,1E,CANTONMENT RD,22 TO 24,107.0,Type S2,2011,939000.0,94 Years 6 Months
2016-12,CENTRAL AREA,4 ROOM,1G,CANTONMENT RD,34 TO 36,97.0,Type S1,2011,938888.0,93 Years 1 Months
2016-02,CENTRAL AREA,4 ROOM,1B,CANTONMENT RD,49 TO 51,94.0,Type S1,2011,938880.0,93 Years 10 Months
2016-11,QUEENSTOWN,5 ROOM,3,HOLLAND CL,19 TO 21,124.0,Improved,1998,938000.0,80 Years 1 Months
2013-04,MARINE PARADE,5 ROOM,77,MARINE DR,19 TO 21,117.0,Standard,1977,938000.0,62 Years 9 Months
2013-01,BUKIT BATOK,EXECUTIVE,289D,BT BATOK ST 25,04 TO 06,165.0,Maisonette,1997,938000.0,82 Years 11 Months
2015-08,BUKIT TIMAH,EXECUTIVE,7,TOH YI DR,01 TO 03,142.0,Apartment,1989,938000.0,72 Years 5 Months
2016-08,TOA PAYOH,5 ROOM,79A,TOA PAYOH CTRL,28 TO 30,111.0,Improved,2009,938000.0,91 Years 5 Months
2012-09,BISHAN,EXECUTIVE,183,BISHAN ST 13,19 TO 21,150.0,Maisonette,1987,938000.0,73 Years 3 Months
2015-06,CENTRAL AREA,4 ROOM,1F,CANTONMENT RD,46 TO 48,96.0,Type S1,2011,938000.0,94 Years 7 Months
2014-12,ANG MO KIO,EXECUTIVE,611,ANG MO KIO AVE 5,10 TO 12,178.0,Adjoined flat,1980,938000.0,64 Years 1 Months
2012-11,BISHAN,EXECUTIVE,241,BISHAN ST 22,07 TO 09,141.0,Apartment,1992,938000.0,78 Years 1 Months
2013-08,TOA PAYOH,5 ROOM,79C,TOA PAYOH CTRL,40 TO 42,110.0,Improved,2009,937000.0,94 Years 5 Months
2016-04,GEYLANG,5 ROOM,60,DAKOTA CRES,07 TO 09,140.0,Model A-Maisonette,1983,935000.0,65 Years 9 Months
2015-08,QUEENSTOWN,5 ROOM,89,TANGLIN HALT RD,25 TO 27,110.0,Improved,2008,935000.0,91 Years 5 Months
2013-07,QUEENSTOWN,5 ROOM,91,TANGLIN HALT RD,31 TO 33,110.0,Improved,2008,935000.0,93 Years 6 Months
2015-09,CENTRAL AREA,4 ROOM,1E,CANTONMENT RD,43 TO 45,95.0,Type S1,2011,935000.0,94 Years 4 Months
2016-10,QUEENSTOWN,EXECUTIVE,147,MEI LING ST,04 TO 06,146.0,Maisonette,1995,935000.0,77 Years 3 Months
2015-07,CENTRAL AREA,5 ROOM,1C,CANTONMENT RD,16 TO 18,105.0,Type S2,2011,935000.0,94 Years 6 Months
2016-10,QUEENSTOWN,5 ROOM,89,TANGLIN HALT RD,34 TO 36,110.0,Improved,2008,935000.0,90 Years 2 Months
2016-02,BEDOK,EXECUTIVE,108,LENGKONG TIGA,07 TO 09,146.0,Maisonette,1989,935000.0,71 Years 10 Months
2012-11,MARINE PARADE,5 ROOM,43,MARINE CRES,16 TO 18,120.0,Standard,1975,935000.0,61 Years 1 Months
2016-06,QUEENSTOWN,5 ROOM,90,TANGLIN HALT RD,34 TO 36,110.0,Improved,2008,933000.0,90 Years 7 Months
2016-08,BUKIT MERAH,5 ROOM,125,BT MERAH VIEW,16 TO 18,132.0,Model A,1996,930888.0,78 Years 4 Months
2015-12,QUEENSTOWN,5 ROOM,28,GHIM MOH LINK,16 TO 18,113.0,Improved,2013,930000.0,96 Years 1 Months
2016-09,KALLANG/WHAMPOA,5 ROOM,9,BOON KENG RD,13 TO 15,119.0,DBSS,2011,930000.0,93 Years 3 Months
2016-10,BUKIT TIMAH,5 ROOM,1,QUEEN'S RD,22 TO 24,125.0,Standard,1974,930000.0,56 Years 3 Months
2016-02,CENTRAL AREA,4 ROOM,1D,CANTONMENT RD,31 TO 33,94.0,Type S1,2011,930000.0,93 Years 10 Months
2016-08,BUKIT TIMAH,EXECUTIVE,2,TOH YI DR,01 TO 03,150.0,Maisonette,1988,930000.0,70 Years 4 Months
2016-03,CENTRAL AREA,5 ROOM,1C,CANTONMENT RD,19 TO 21,107.0,Type S2,2011,930000.0,93 Years 10 Months
2014-06,QUEENSTOWN,EXECUTIVE,149,MEI LING ST,01 TO 03,153.0,Maisonette,1995,930000.0,79 Years 7 Months
2015-08,QUEENSTOWN,5 ROOM,20,HOLLAND DR,22 TO 24,119.0,Standard,1975,930000.0,58 Years 5 Months
2013-03,BISHAN,EXECUTIVE,219,BISHAN ST 23,01 TO 03,160.0,Maisonette,1992,930000.0,77 Years 10 Months
2016-10,QUEENSTOWN,5 ROOM,20,HOLLAND DR,25 TO 27,117.0,Standard,1975,930000.0,57 Years 2 Months
2016-03,SERANGOON,EXECUTIVE,424,SERANGOON CTRL,10 TO 12,149.0,Maisonette,1989,930000.0,71 Years 10 Months
2013-01,MARINE PARADE,5 ROOM,77,MARINE DR,19 TO 21,117.0,Standard,1977,930000.0,62 Years 11 Months
2012-12,BUKIT MERAH,5 ROOM,20,JLN MEMBINA,22 TO 24,110.0,Improved,2003,930000.0,89 Years 0 Months
2015-02,BUKIT TIMAH,EXECUTIVE,6,TOH YI DR,07 TO 09,146.0,Maisonette,1989,930000.0,72 Years 10 Months
2012-10,QUEENSTOWN,5 ROOM,52,STRATHMORE AVE,37 TO 39,110.0,Improved,2006,930000.0,92 Years 3 Months
2016-10,CENTRAL AREA,5 ROOM,1E,CANTONMENT RD,04 TO 06,107.0,Type S2,2011,930000.0,93 Years 3 Months
2016-10,CENTRAL AREA,5 ROOM,1A,CANTONMENT RD,07 TO 09,105.0,Type S2,2011,930000.0,93 Years 3 Months
2013-05,SERANGOON,EXECUTIVE,322,SERANGOON AVE 3,07 TO 09,141.0,Apartment,1986,930000.0,71 Years 8 Months
2013-08,QUEENSTOWN,5 ROOM,91,TANGLIN HALT RD,28 TO 30,110.0,Improved,2008,930000.0,93 Years 5 Months
2016-07,KALLANG/WHAMPOA,5 ROOM,7,BOON KENG RD,37 TO 39,107.0,DBSS,2011,928888.0,93 Years 6 Months
2016-12,CENTRAL AREA,4 ROOM,1F,CANTONMENT RD,37 TO 39,95.0,Type S1,2011,928888.0,93 Years 1 Months
2015-09,GEYLANG,5 ROOM,60,DAKOTA CRES,07 TO 09,152.0,Model A-Maisonette,1983,928000.0,66 Years 4 Months
2014-10,QUEENSTOWN,5 ROOM,90,TANGLIN HALT RD,40 TO 42,110.0,Improved,2008,928000.0,92 Years 3 Months
2015-08,QUEENSTOWN,5 ROOM,62A,STRATHMORE AVE,13 TO 15,118.0,Improved,2011,928000.0,94 Years 5 Months
2016-02,KALLANG/WHAMPOA,5 ROOM,9,BOON KENG RD,19 TO 21,117.0,DBSS,2011,928000.0,93 Years 10 Months
2014-06,KALLANG/WHAMPOA,3 ROOM,64,JLN MA'MOR,01 TO 03,126.0,Terrace,1972,928000.0,56 Years 7 Months
2016-12,BISHAN,5 ROOM,273B,BISHAN ST 24,13 TO 15,120.0,DBSS,2011,928000.0,93 Years 1 Months
2012-11,TOA PAYOH,5 ROOM,122,LOR 2 TOA PAYOH,16 TO 18,121.0,Improved,1999,928000.0,85 Years 1 Months
2013-09,ANG MO KIO,EXECUTIVE,154,ANG MO KIO AVE 5,10 TO 12,163.0,Adjoined flat,1981,928000.0,66 Years 4 Months
2013-06,MARINE PARADE,5 ROOM,3,MARINE TER,16 TO 18,122.0,Standard,1975,928000.0,60 Years 7 Months
2016-05,BUKIT TIMAH,5 ROOM,1,QUEEN'S RD,13 TO 15,125.0,Standard,1974,928000.0,56 Years 8 Months
2014-08,QUEENSTOWN,5 ROOM,91,TANGLIN HALT RD,28 TO 30,110.0,Improved,2008,925000.0,92 Years 5 Months
2016-05,QUEENSTOWN,5 ROOM,52,STRATHMORE AVE,31 TO 33,110.0,Improved,2006,925000.0,88 Years 8 Months
2015-11,CENTRAL AREA,4 ROOM,1A,CANTONMENT RD,37 TO 39,95.0,Type S1,2011,925000.0,94 Years 2 Months
2016-06,GEYLANG,5 ROOM,60,DAKOTA CRES,04 TO 06,152.0,Model A-Maisonette,1983,925000.0,65 Years 7 Months
2016-04,KALLANG/WHAMPOA,5 ROOM,9,BOON KENG RD,19 TO 21,119.0,DBSS,2011,925000.0,93 Years 9 Months
2012-12,BUKIT MERAH,5 ROOM,27B,JLN MEMBINA,22 TO 24,110.0,Improved,2008,925000.0,94 Years 0 Months
2014-07,QUEENSTOWN,5 ROOM,18C,HOLLAND DR,37 TO 39,117.0,Improved,2012,925000.0,96 Years 6 Months
2016-10,BISHAN,EXECUTIVE,119,BISHAN ST 12,04 TO 06,143.0,Maisonette,1987,925000.0,69 Years 2 Months
2016-09,BEDOK,EXECUTIVE,108,LENGKONG TIGA,04 TO 06,146.0,Maisonette,1989,925000.0,71 Years 4 Months
2013-09,SERANGOON,EXECUTIVE,417,SERANGOON CTRL,10 TO 12,146.0,Maisonette,1989,925000.0,74 Years 4 Months
2016-02,BISHAN,EXECUTIVE,222,BISHAN ST 23,10 TO 12,146.0,Maisonette,1992,925000.0,74 Years 10 Months
2016-05,KALLANG/WHAMPOA,5 ROOM,7,BOON KENG RD,16 TO 18,119.0,DBSS,2011,923000.0,93 Years 8 Months
2013-09,MARINE PARADE,5 ROOM,14,MARINE TER,25 TO 27,120.0,Standard,1975,920888.0,60 Years 3 Months
2016-09,BUKIT MERAH,5 ROOM,2C,BOON TIONG RD,19 TO 21,115.0,Improved,2001,920000.0,83 Years 4 Months
2016-07,BUKIT MERAH,5 ROOM,7,KIM TIAN PL,16 TO 18,131.0,Model A,1984,920000.0,66 Years 6 Months
2016-12,BISHAN,5 ROOM,275A,BISHAN ST 24,07 TO 09,120.0,DBSS,2011,920000.0,93 Years 1 Months
2015-12,MARINE PARADE,5 ROOM,44,MARINE CRES,16 TO 18,120.0,Standard,1975,920000.0,58 Years 1 Months
2016-05,KALLANG/WHAMPOA,5 ROOM,8,BOON KENG RD,25 TO 27,107.0,DBSS,2011,920000.0,93 Years 8 Months
2016-11,QUEENSTOWN,5 ROOM,62A,STRATHMORE AVE,13 TO 15,117.0,Improved,2011,920000.0,93 Years 1 Months
2014-08,CLEMENTI,EXECUTIVE,111,CLEMENTI ST 13,10 TO 12,147.0,Maisonette,1985,920000.0,69 Years 5 Months
2013-10,HOUGANG,EXECUTIVE,237,HOUGANG ST 21,10 TO 12,148.0,Maisonette,1984,920000.0,69 Years 2 Months
2014-06,BUKIT MERAH,5 ROOM,8B,BOON TIONG RD,19 TO 21,115.0,Improved,2005,920000.0,89 Years 7 Months
2015-07,BUKIT MERAH,5 ROOM,122,KIM TIAN RD,16 TO 18,126.0,Improved,1995,920000.0,78 Years 6 Months
2013-06,BISHAN,5 ROOM,192,BISHAN ST 13,19 TO 21,120.0,Improved,1987,920000.0,72 Years 7 Months
2012-12,QUEENSTOWN,5 ROOM,21,HOLLAND DR,25 TO 27,119.0,Standard,1975,920000.0,61 Years 0 Months
2016-05,CENTRAL AREA,4 ROOM,1D,CANTONMENT RD,31 TO 33,96.0,Type S1,2011,920000.0,93 Years 8 Months
2015-05,BISHAN,EXECUTIVE,231,BISHAN ST 23,16 TO 18,146.0,Maisonette,1992,920000.0,75 Years 8 Months
2016-05,QUEENSTOWN,5 ROOM,18C,HOLLAND DR,16 TO 18,117.0,Improved,2012,920000.0,94 Years 8 Months
2015-03,CENTRAL AREA,4 ROOM,1A,CANTONMENT RD,40 TO 42,95.0,Type S1,2011,920000.0,94 Years 10 Months
2013-04,TAMPINES,MULTI-GENERATION,454,TAMPINES ST 42,10 TO 12,166.0,Multi Generation,1987,920000.0,72 Years 9 Months
2015-10,QUEENSTOWN,5 ROOM,28D,DOVER CRES,34 TO 36,124.0,Improved,2012,920000.0,95 Years 3 Months
2016-06,TOA PAYOH,5 ROOM,79A,TOA PAYOH CTRL,34 TO 36,111.0,Improved,2009,920000.0,91 Years 7 Months
2013-10,BISHAN,EXECUTIVE,187,BISHAN ST 13,04 TO 06,146.0,Maisonette,1987,918888.0,72 Years 3 Months
2016-08,CLEMENTI,5 ROOM,416,CLEMENTI AVE 1,34 TO 36,117.0,Improved,2013,918888.0,95 Years 5 Months
2015-04,CENTRAL AREA,4 ROOM,1E,CANTONMENT RD,37 TO 39,95.0,Type S1,2011,918000.0,94 Years 9 Months
2015-06,BISHAN,EXECUTIVE,186,BISHAN ST 13,04 TO 06,146.0,Maisonette,1987,918000.0,70 Years 7 Months
2015-07,GEYLANG,5 ROOM,60,DAKOTA CRES,01 TO 03,152.0,Model A-Maisonette,1983,918000.0,66 Years 6 Months
2016-03,QUEENSTOWN,5 ROOM,133,CLARENCE LANE,07 TO 09,133.0,Model A,1996,918000.0,78 Years 10 Months
2015-08,BUKIT MERAH,5 ROOM,73A,REDHILL RD,28 TO 30,115.0,Improved,2005,918000.0,88 Years 5 Months
2012-12,KALLANG/WHAMPOA,EXECUTIVE,46,BENDEMEER RD,19 TO 21,146.0,Apartment,1994,918000.0,80 Years 1 Months
2016-01,MARINE PARADE,5 ROOM,78,MARINE DR,22 TO 24,120.0,Standard,1977,918000.0,60 Years 0 Months
2015-09,QUEENSTOWN,5 ROOM,28D,DOVER CRES,22 TO 24,124.0,Improved,2012,918000.0,95 Years 4 Months
2015-07,BUKIT MERAH,5 ROOM,77A,REDHILL RD,28 TO 30,115.0,Improved,2005,918000.0,88 Years 6 Months
2016-09,BUKIT TIMAH,5 ROOM,1,QUEEN'S RD,16 TO 18,120.0,Standard,1974,918000.0,56 Years 3 Months
2015-01,CENTRAL AREA,5 ROOM,1E,CANTONMENT RD,04 TO 06,106.0,Type S2,2011,918000.0,94 Years 11 Months
2013-03,TOA PAYOH,5 ROOM,79C,TOA PAYOH CTRL,34 TO 36,110.0,Improved,2009,918000.0,94 Years 10 Months
2013-07,BUKIT MERAH,5 ROOM,27B,JLN MEMBINA,19 TO 21,110.0,Improved,2008,918000.0,93 Years 6 Months
2015-12,CENTRAL AREA,4 ROOM,1B,CANTONMENT RD,34 TO 36,93.0,Type S1,2011,916800.0,94 Years 1 Months
2015-01,BUKIT MERAH,5 ROOM,2C,BOON TIONG RD,28 TO 30,115.0,Improved,2001,915000.0,85 Years 0 Months
2016-09,MARINE PARADE,5 ROOM,78,MARINE DR,16 TO 18,120.0,Standard,1977,915000.0,59 Years 3 Months
2014-10,BUKIT TIMAH,EXECUTIVE,7,TOH YI DR,10 TO 12,146.0,Maisonette,1989,915000.0,73 Years 3 Months
2016-07,TOA PAYOH,5 ROOM,145,LOR 2 TOA PAYOH,22 TO 24,110.0,Improved,2006,915000.0,88 Years 6 Months
2013-01,QUEENSTOWN,5 ROOM,91,TANGLIN HALT RD,25 TO 27,110.0,Improved,2008,915000.0,93 Years 11 Months
2014-11,QUEENSTOWN,5 ROOM,62A,STRATHMORE AVE,22 TO 24,118.0,Improved,2011,915000.0,95 Years 2 Months
2016-06,KALLANG/WHAMPOA,5 ROOM,38A,BENDEMEER RD,25 TO 27,115.0,Improved,2012,915000.0,94 Years 7 Months
2016-04,ANG MO KIO,EXECUTIVE,346,ANG MO KIO AVE 3,04 TO 06,174.0,Adjoined flat,1978,915000.0,60 Years 9 Months
2015-08,GEYLANG,5 ROOM,60,DAKOTA CRES,04 TO 06,152.0,Model A-Maisonette,1983,915000.0,66 Years 5 Months
2015-04,BUKIT MERAH,5 ROOM,53,HAVELOCK RD,37 TO 39,114.0,Improved,2013,915000.0,96 Years 9 Months
2016-05,KALLANG/WHAMPOA,5 ROOM,8,BOON KENG RD,13 TO 15,117.0,DBSS,2011,913000.0,93 Years 8 Months
2015-09,CLEMENTI,EXECUTIVE,104,CLEMENTI ST 14,01 TO 03,157.0,Maisonette,1984,912000.0,67 Years 4 Months
2015-03,CENTRAL AREA,4 ROOM,1C,CANTONMENT RD,37 TO 39,95.0,Type S1,2011,912000.0,94 Years 10 Months
2014-01,BUKIT TIMAH,EXECUTIVE,3,TOH YI DR,10 TO 12,150.0,Maisonette,1988,910000.0,72 Years 11 Months
2014-06,QUEENSTOWN,5 ROOM,89,TANGLIN HALT RD,34 TO 36,110.0,Improved,2008,910000.0,92 Years 7 Months
2016-12,KALLANG/WHAMPOA,5 ROOM,7,BOON KENG RD,16 TO 18,117.0,DBSS,2011,910000.0,93 Years 1 Months
2015-06,CENTRAL AREA,5 ROOM,1G,CANTONMENT RD,07 TO 09,107.0,Type S2,2011,910000.0,94 Years 7 Months
2015-07,CENTRAL AREA,4 ROOM,1G,CANTONMENT RD,49 TO 51,94.0,Type S1,2011,910000.0,94 Years 6 Months
2015-01,CENTRAL AREA,4 ROOM,1B,CANTONMENT RD,46 TO 48,96.0,Type S1,2011,910000.0,94 Years 11 Months
2012-03,TOA PAYOH,EXECUTIVE,99A,LOR 2 TOA PAYOH,11 TO 15,142.0,Apartment,1993,910000.0,79 Years 10 Months
2015-08,CENTRAL AREA,4 ROOM,1B,CANTONMENT RD,40 TO 42,93.0,Type S1,2011,910000.0,94 Years 5 Months
2016-10,BISHAN,EXECUTIVE,134,BISHAN ST 12,10 TO 12,144.0,Apartment,1986,910000.0,68 Years 3 Months
2015-09,ANG MO KIO,5 ROOM,310B,ANG MO KIO AVE 1,22 TO 24,121.0,Improved,2012,910000.0,95 Years 4 Months
2014-05,QUEENSTOWN,5 ROOM,18C,HOLLAND DR,31 TO 33,117.0,Improved,2012,910000.0,96 Years 8 Months
2016-05,CLEMENTI,EXECUTIVE,115,CLEMENTI ST 13,07 TO 09,147.0,Maisonette,1985,910000.0,67 Years 8 Months
2014-12,TOA PAYOH,5 ROOM,154,LOR 2 TOA PAYOH,10 TO 12,122.0,Improved,2001,910000.0,85 Years 1 Months
2012-12,MARINE PARADE,5 ROOM,78,MARINE DR,25 TO 27,122.0,Standard,1977,910000.0,63 Years 1 Months
2014-08,QUEENSTOWN,5 ROOM,21,HOLLAND DR,22 TO 24,114.0,Standard,1975,910000.0,59 Years 5 Months
2013-10,QUEENSTOWN,5 ROOM,48,STRATHMORE AVE,37 TO 39,110.0,Improved,2006,910000.0,91 Years 3 Months
2016-03,TOA PAYOH,EXECUTIVE,101B,LOR 2 TOA PAYOH,04 TO 06,145.0,Apartment,1993,910000.0,75 Years 10 Months
2015-08,CENTRAL AREA,5 ROOM,1E,CANTONMENT RD,04 TO 06,106.0,Type S2,2011,910000.0,94 Years 5 Months
2016-12,BISHAN,EXECUTIVE,231,BISHAN ST 23,07 TO 09,146.0,Maisonette,1992,910000.0,74 Years 0 Months
2016-08,CENTRAL AREA,4 ROOM,1B,CANTONMENT RD,28 TO 30,94.0,Type S1,2011,910000.0,93 Years 5 Months
2013-05,BISHAN,EXECUTIVE,231,BISHAN ST 23,10 TO 12,146.0,Maisonette,1992,909888.0,77 Years 8 Months
2015-07,MARINE PARADE,5 ROOM,73,MARINE DR,25 TO 27,120.0,Standard,1977,909000.0,60 Years 6 Months
2012-12,TOA PAYOH,EXECUTIVE,254,KIM KEAT AVE,10 TO 12,153.0,Maisonette,1989,909000.0,75 Years 1 Months
2016-09,CLEMENTI,EXECUTIVE,111,CLEMENTI ST 13,10 TO 12,163.0,Maisonette,1985,908000.0,67 Years 4 Months
2015-07,CENTRAL AREA,4 ROOM,1A,CANTONMENT RD,40 TO 42,93.0,Type S1,2011,908000.0,94 Years 6 Months
2013-11,QUEENSTOWN,5 ROOM,146,MEI LING ST,22 TO 24,130.0,Model A,1995,908000.0,80 Years 1 Months
2015-03,QUEENSTOWN,5 ROOM,82,STRATHMORE AVE,22 TO 24,125.0,Improved,1997,908000.0,80 Years 10 Months
2016-12,QUEENSTOWN,5 ROOM,30,HOLLAND CL,10 TO 12,125.0,Improved,1997,908000.0,79 Years 1 Months
2015-12,KALLANG/WHAMPOA,5 ROOM,3D,UPP BOON KENG RD,25 TO 27,110.0,Improved,2006,908000.0,89 Years 1 Months
2016-05,SERANGOON,EXECUTIVE,423,SERANGOON CTRL,07 TO 09,149.0,Maisonette,1989,908000.0,71 Years 8 Months
2013-01,BUKIT TIMAH,EXECUTIVE,3,TOH YI DR,13 TO 15,150.0,Maisonette,1988,908000.0,73 Years 11 Months
2012-11,MARINE PARADE,5 ROOM,13,MARINE TER,22 TO 24,126.0,Standard,1975,905000.0,61 Years 1 Months
2013-10,TOA PAYOH,EXECUTIVE,99C,LOR 2 TOA PAYOH,10 TO 12,148.0,Apartment,1993,905000.0,78 Years 3 Months
2015-09,MARINE PARADE,5 ROOM,77,MARINE DR,10 TO 12,122.0,Standard,1977,905000.0,60 Years 4 Months
2012-08,TOA PAYOH,EXECUTIVE,101A,LOR 2 TOA PAYOH,16 TO 18,142.0,Apartment,1993,905000.0,79 Years 5 Months
2016-09,ANG MO KIO,5 ROOM,588A,ANG MO KIO ST 52,25 TO 27,112.0,DBSS,2011,905000.0,93 Years 3 Months
2012-09,BISHAN,MULTI-GENERATION,148,BISHAN ST 11,04 TO 06,165.0,Multi Generation,1987,905000.0,73 Years 3 Months
2012-07,QUEENSTOWN,5 ROOM,91,TANGLIN HALT RD,31 TO 33,110.0,Improved,2008,905000.0,94 Years 6 Months
2013-08,BISHAN,EXECUTIVE,443,SIN MING AVE,07 TO 09,199.0,Maisonette,1990,905000.0,75 Years 5 Months
2015-09,QUEENSTOWN,5 ROOM,28,GHIM MOH LINK,13 TO 15,113.0,Improved,2013,905000.0,96 Years 4 Months
2016-08,MARINE PARADE,5 ROOM,43,MARINE CRES,25 TO 27,120.0,Standard,1975,905000.0,57 Years 5 Months
2013-09,CLEMENTI,EXECUTIVE,206,CLEMENTI AVE 6,13 TO 15,150.0,Maisonette,1985,903000.0,70 Years 4 Months
2014-06,BISHAN,EXECUTIVE,119,BISHAN ST 12,07 TO 09,151.0,Apartment,1987,903000.0,71 Years 7 Months
2014-08,BUKIT MERAH,5 ROOM,126,BT MERAH VIEW,16 TO 18,140.0,Model A,1996,903000.0,80 Years 5 Months
2016-06,QUEENSTOWN,5 ROOM,28A,DOVER CRES,19 TO 21,124.0,Improved,2012,903000.0,94 Years 7 Months
2015-12,BISHAN,EXECUTIVE,219,BISHAN ST 23,04 TO 06,152.0,Maisonette,1992,902500.0,75 Years 1 Months
2012-11,BISHAN,EXECUTIVE,219,BISHAN ST 23,10 TO 12,155.0,Maisonette,1992,902000.0,78 Years 1 Months
2012-12,BISHAN,EXECUTIVE,244,BISHAN ST 22,01 TO 03,151.0,Maisonette,1992,901888.0,78 Years 0 Months
2012-11,QUEENSTOWN,5 ROOM,49,STRATHMORE AVE,22 TO 24,110.0,Improved,2006,901888.0,92 Years 1 Months
2016-03,CENTRAL AREA,4 ROOM,1E,CANTONMENT RD,40 TO 42,93.0,Type S1,2011,900000.0,93 Years 10 Months
2016-08,CENTRAL AREA,4 ROOM,1G,CANTONMENT RD,34 TO 36,95.0,Type S1,2011,900000.0,93 Years 5 Months
2016-07,BUKIT MERAH,5 ROOM,19,JLN MEMBINA,19 TO 21,110.0,Improved,2003,900000.0,85 Years 6 Months
2016-04,CENTRAL AREA,4 ROOM,1B,CANTONMENT RD,28 TO 30,94.0,Type S1,2011,900000.0,93 Years 9 Months
2012-11,GEYLANG,EXECUTIVE,132,GEYLANG EAST AVE 1,10 TO 12,148.0,Apartment,1987,900000.0,73 Years 1 Months
2016-07,BISHAN,EXECUTIVE,219,BISHAN ST 23,04 TO 06,149.0,Maisonette,1992,900000.0,74 Years 6 Months
2016-06,CLEMENTI,4 ROOM,441B,CLEMENTI AVE 3,22 TO 24,96.0,Model A,2012,900000.0,94 Years 7 Months
2016-06,BUKIT MERAH,5 ROOM,127D,KIM TIAN RD,10 TO 12,113.0,Improved,2013,900000.0,95 Years 7 Months
2013-11,BUKIT MERAH,5 ROOM,11,CANTONMENT CL,28 TO 30,110.0,Improved,2002,900000.0,87 Years 2 Months
2016-05,CENTRAL AREA,4 ROOM,1B,CANTONMENT RD,34 TO 36,96.0,Type S1,2011,900000.0,93 Years 8 Months
2012-10,HOUGANG,EXECUTIVE,237,HOUGANG ST 21,10 TO 12,147.0,Apartment,1984,900000.0,70 Years 2 Months
2015-02,QUEENSTOWN,5 ROOM,62A,STRATHMORE AVE,25 TO 27,118.0,Improved,2011,900000.0,94 Years 10 Months
2012-12,QUEENSTOWN,5 ROOM,19,QUEEN'S CL,16 TO 18,128.0,Improved,1996,900000.0,82 Years 0 Months
2015-05,CENTRAL AREA,4 ROOM,1F,CANTONMENT RD,37 TO 39,95.0,Type S1,2011,900000.0,94 Years 8 Months
2016-12,TOA PAYOH,EXECUTIVE,104,POTONG PASIR AVE 1,13 TO 15,148.0,Adjoined flat,1984,900000.0,66 Years 0 Months
2012-10,BUKIT MERAH,5 ROOM,27B,JLN MEMBINA,22 TO 24,110.0,Improved,2008,900000.0,94 Years 2 Months
2013-01,TOA PAYOH,5 ROOM,153,LOR 2 TOA PAYOH,19 TO 21,121.0,Improved,1999,900000.0,84 Years 11 Months
2015-03,BISHAN,EXECUTIVE,186,BISHAN ST 13,04 TO 06,153.0,Maisonette,1987,900000.0,70 Years 10 Months
2016-12,BISHAN,EXECUTIVE,454,SIN MING AVE,10 TO 12,187.0,Maisonette,1989,900000.0,71 Years 1 Months
2013-10,ANG MO KIO,EXECUTIVE,457,ANG MO KIO AVE 10,13 TO 15,175.0,Adjoined flat,1980,900000.0,65 Years 2 Months
2016-08,BUKIT MERAH,5 ROOM,86,TELOK BLANGAH HTS,28 TO 30,111.0,Improved,2003,900000.0,85 Years 5 Months
2016-03,CENTRAL AREA,5 ROOM,2,TG PAGAR PLAZA,07 TO 09,129.0,Adjoined flat,1977,900000.0,59 Years 10 Months
2014-01,QUEENSTOWN,5 ROOM,12,DOVER CL EAST,22 TO 24,117.0,Standard,1978,900000.0,62 Years 11 Months
2016-12,CENTRAL AREA,4 ROOM,1A,CANTONMENT RD,16 TO 18,93.0,Type S1,2011,900000.0,93 Years 1 Months
2016-03,BUKIT TIMAH,EXECUTIVE,6,TOH YI DR,07 TO 09,146.0,Maisonette,1989,900000.0,71 Years 10 Months
2015-02,BUKIT MERAH,5 ROOM,73A,REDHILL RD,28 TO 30,115.0,Improved,2005,900000.0,88 Years 10 Months
2014-12,CENTRAL AREA,4 ROOM,1F,CANTONMENT RD,34 TO 36,95.0,Type S1,2011,900000.0,95 Years 1 Months
2016-08,SERANGOON,EXECUTIVE,234A,SERANGOON AVE 2,13 TO 15,140.0,Apartment,1998,900000.0,80 Years 5 Months
2015-12,CLEMENTI,4 ROOM,441A,CLEMENTI AVE 3,34 TO 36,93.0,Model A,2012,900000.0,95 Years 1 Months
2016-01,CENTRAL AREA,4 ROOM,1B,CANTONMENT RD,34 TO 36,95.0,Type S1,2011,900000.0,94 Years 0 Months
2013-04,BUKIT MERAH,5 ROOM,118C,JLN MEMBINA,13 TO 15,110.0,Improved,2003,900000.0,88 Years 9 Months
2015-07,CENTRAL AREA,4 ROOM,1G,CANTONMENT RD,43 TO 45,93.0,Type S1,2011,900000.0,94 Years 6 Months
2015-07,CENTRAL AREA,4 ROOM,1E,CANTONMENT RD,37 TO 39,95.0,Type S1,2011,900000.0,94 Years 6 Months
2014-09,QUEENSTOWN,5 ROOM,81,STRATHMORE AVE,07 TO 09,132.0,Model A,1993,900000.0,77 Years 4 Months
2013-05,BISHAN,EXECUTIVE,238,BISHAN ST 22,07 TO 09,143.0,Apartment,1992,900000.0,77 Years 8 Months
2015-10,BUKIT MERAH,5 ROOM,127D,KIM TIAN RD,25 TO 27,113.0,Improved,2013,900000.0,96 Years 3 Months
2016-10,TOA PAYOH,EXECUTIVE,133,POTONG PASIR AVE 1,01 TO 03,151.0,Maisonette,1984,900000.0,66 Years 2 Months
2014-05,KALLANG/WHAMPOA,3 ROOM,65,JLN MA'MOR,01 TO 03,126.0,Terrace,1972,900000.0,56 Years 8 Months
2016-11,CENTRAL AREA,4 ROOM,1F,CANTONMENT RD,31 TO 33,93.0,Type S1,2011,900000.0,93 Years 1 Months
2016-10,BISHAN,EXECUTIVE,231,BISHAN ST 23,04 TO 06,146.0,Maisonette,1992,900000.0,74 Years 2 Months
2014-09,QUEENSTOWN,5 ROOM,89,TANGLIN HALT RD,40 TO 42,110.0,Improved,2008,900000.0,92 Years 3 Months
2012-06,QUEENSTOWN,EXECUTIVE,150,MEI LING ST,04 TO 06,153.0,Maisonette,1995,900000.0,81 Years 7 Months
2015-07,BUKIT MERAH,5 ROOM,74A,REDHILL RD,25 TO 27,115.0,Improved,2005,900000.0,88 Years 6 Months
2013-06,BUKIT MERAH,5 ROOM,81,REDHILL LANE,13 TO 15,136.0,Model A,1996,900000.0,81 Years 7 Months
2016-01,CENTRAL AREA,4 ROOM,1B,CANTONMENT RD,37 TO 39,94.0,Type S1,2011,900000.0,94 Years 0 Months
2013-03,QUEENSTOWN,5 ROOM,59,STRATHMORE AVE,28 TO 30,110.0,Improved,2000,900000.0,85 Years 10 Months
2016-01,BISHAN,EXECUTIVE,446,BRIGHT HILL DR,07 TO 09,199.0,Maisonette,1990,900000.0,73 Years 0 Months
2013-04,QUEENSTOWN,5 ROOM,28D,DOVER CRES,28 TO 30,124.0,Improved,2012,900000.0,97 Years 9 Months
2012-07,BUKIT MERAH,5 ROOM,4A,BOON TIONG RD,28 TO 30,115.0,Improved,2005,900000.0,91 Years 6 Months
2016-09,CLEMENTI,5 ROOM,416,CLEMENTI AVE 1,22 TO 24,113.0,Improved,2013,900000.0,95 Years 4 Months
2016-11,CENTRAL AREA,4 ROOM,1A,CANTONMENT RD,31 TO 33,93.0,Type S1,2011,900000.0,93 Years 1 Months
2016-02,BUKIT MERAH,5 ROOM,118B,JLN MEMBINA,19 TO 21,110.0,Improved,2003,900000.0,85 Years 10 Months
2013-08,BISHAN,EXECUTIVE,119,BISHAN ST 12,10 TO 12,143.0,Maisonette,1987,900000.0,72 Years 5 Months
2012-03,BISHAN,MULTI-GENERATION,137,BISHAN ST 12,01 TO 05,165.0,Multi Generation,1987,900000.0,73 Years 10 Months
2013-08,BUKIT MERAH,5 ROOM,25A,JLN MEMBINA,16 TO 18,110.0,Improved,2008,900000.0,93 Years 5 Months
2012-09,BISHAN,EXECUTIVE,261,BISHAN ST 22,10 TO 12,151.0,Maisonette,1992,900000.0,78 Years 3 Months
2015-09,CENTRAL AREA,4 ROOM,1B,CANTONMENT RD,28 TO 30,95.0,Type S1,2011,900000.0,94 Years 4 Months
2016-09,BUKIT TIMAH,EXECUTIVE,3,TOH YI DR,01 TO 03,146.0,Maisonette,1988,900000.0,70 Years 3 Months
2014-09,BUKIT TIMAH,5 ROOM,5,FARRER RD,04 TO 06,123.0,Standard,1974,900000.0,58 Years 4 Months
2013-06,TOA PAYOH,5 ROOM,152,LOR 2 TOA PAYOH,37 TO 39,110.0,Improved,2006,900000.0,91 Years 7 Months
2016-06,BISHAN,EXECUTIVE,219,BISHAN ST 23,07 TO 09,149.0,Maisonette,1992,899000.0,74 Years 7 Months
2015-11,BUKIT MERAH,5 ROOM,87,REDHILL CL,19 TO 21,126.0,Improved,1995,898000.0,78 Years 2 Months
2014-04,QUEENSTOWN,5 ROOM,18C,HOLLAND DR,25 TO 27,117.0,Improved,2012,898000.0,96 Years 9 Months
2016-09,BISHAN,EXECUTIVE,162,BISHAN ST 13,01 TO 03,144.0,Maisonette,1988,898000.0,70 Years 3 Months
2014-11,BUKIT MERAH,5 ROOM,87,REDHILL CL,16 TO 18,137.0,Model A,1995,898000.0,79 Years 1 Months
2015-02,CENTRAL AREA,4 ROOM,1B,CANTONMENT RD,22 TO 24,93.0,Type S1,2011,898000.0,94 Years 10 Months
2015-05,CENTRAL AREA,4 ROOM,1G,CANTONMENT RD,37 TO 39,95.0,Type S1,2011,898000.0,94 Years 8 Months
2016-08,KALLANG/WHAMPOA,5 ROOM,7,BOON KENG RD,34 TO 36,107.0,DBSS,2011,898000.0,93 Years 5 Months
2016-10,ANG MO KIO,5 ROOM,310B,ANG MO KIO AVE 1,16 TO 18,121.0,Improved,2012,898000.0,94 Years 2 Months
2012-05,QUEENSTOWN,EXECUTIVE,150,MEI LING ST,16 TO 20,146.0,Maisonette,1995,895000.0,81 Years 8 Months
2016-08,BISHAN,EXECUTIVE,231,BISHAN ST 23,10 TO 12,146.0,Maisonette,1992,895000.0,74 Years 4 Months
2013-08,BUKIT MERAH,5 ROOM,87,ZION RD,13 TO 15,119.0,Improved,1974,895000.0,59 Years 5 Months
2016-08,MARINE PARADE,5 ROOM,44,MARINE CRES,22 TO 24,122.0,Standard,1975,895000.0,57 Years 5 Months
2016-12,BUKIT MERAH,5 ROOM,8,KIM TIAN PL,10 TO 12,131.0,Model A,1984,895000.0,66 Years 0 Months
2013-07,BUKIT MERAH,5 ROOM,8,KIM TIAN PL,16 TO 18,131.0,Model A,1984,895000.0,69 Years 6 Months
2013-05,BISHAN,EXECUTIVE,134,BISHAN ST 12,01 TO 03,144.0,Apartment,1986,895000.0,71 Years 8 Months
2015-05,BUKIT TIMAH,EXECUTIVE,3,TOH YI DR,04 TO 06,146.0,Maisonette,1988,895000.0,71 Years 8 Months
2012-05,MARINE PARADE,5 ROOM,3,MARINE TER,21 TO 25,120.0,Standard,1975,895000.0,61 Years 8 Months
2015-09,BUKIT MERAH,5 ROOM,7,KIM TIAN PL,22 TO 24,131.0,Model A,1984,895000.0,67 Years 4 Months
2013-01,BUKIT MERAH,5 ROOM,20,JLN MEMBINA,07 TO 09,110.0,Improved,2003,895000.0,88 Years 11 Months
2015-09,CENTRAL AREA,4 ROOM,1F,CANTONMENT RD,46 TO 48,93.0,Type S1,2011,894000.0,94 Years 4 Months
2015-06,QUEENSTOWN,5 ROOM,45,HOLLAND DR,01 TO 03,136.0,Adjoined flat,1975,893888.0,58 Years 7 Months
2012-09,BUKIT TIMAH,EXECUTIVE,7,TOH YI DR,04 TO 06,146.0,Maisonette,1989,892000.0,75 Years 4 Months
2013-03,KALLANG/WHAMPOA,EXECUTIVE,11,JLN BATU,01 TO 03,140.0,Apartment,1986,890000.0,71 Years 10 Months
2016-06,TOA PAYOH,5 ROOM,152,LOR 2 TOA PAYOH,16 TO 18,110.0,Improved,2006,890000.0,88 Years 7 Months
2016-12,CENTRAL AREA,4 ROOM,1A,CANTONMENT RD,22 TO 24,93.0,Type S1,2011,890000.0,93 Years 1 Months
2015-05,CLEMENTI,EXECUTIVE,102,CLEMENTI ST 14,01 TO 03,152.0,Maisonette,1984,890000.0,67 Years 8 Months
2015-05,BISHAN,EXECUTIVE,245,BISHAN ST 22,04 TO 06,147.0,Maisonette,1992,890000.0,75 Years 8 Months
2016-09,BUKIT MERAH,5 ROOM,124B,BT MERAH VIEW,16 TO 18,133.0,Model A,1996,890000.0,78 Years 3 Months
2015-10,CLEMENTI,EXECUTIVE,116,CLEMENTI ST 13,04 TO 06,161.0,Maisonette,1984,890000.0,67 Years 3 Months
2016-11,BISHAN,EXECUTIVE,445,SIN MING AVE,10 TO 12,190.0,Maisonette,1990,890000.0,72 Years 1 Months
2014-08,QUEENSTOWN,5 ROOM,62A,STRATHMORE AVE,22 TO 24,118.0,Improved,2011,890000.0,95 Years 5 Months
2012-12,MARINE PARADE,5 ROOM,72,MARINE DR,16 TO 18,122.0,Standard,1977,890000.0,63 Years 1 Months
2016-04,KALLANG/WHAMPOA,5 ROOM,9,BOON KENG RD,25 TO 27,109.0,DBSS,2011,890000.0,93 Years 9 Months
2013-01,BUKIT MERAH,5 ROOM,121A,KIM TIAN PL,22 TO 24,115.0,Improved,2001,890000.0,86 Years 11 Months
2016-07,CLEMENTI,5 ROOM,425,CLEMENTI AVE 1,37 TO 39,113.0,Improved,2013,890000.0,95 Years 6 Months
2015-06,QUEENSTOWN,5 ROOM,62A,STRATHMORE AVE,04 TO 06,117.0,Improved,2011,890000.0,94 Years 7 Months
2013-10,SERANGOON,EXECUTIVE,322,SERANGOON AVE 3,04 TO 06,150.0,Apartment,1986,890000.0,71 Years 3 Months
2012-05,BUKIT TIMAH,5 ROOM,1,QUEEN'S RD,21 TO 25,123.0,Standard,1974,890000.0,60 Years 8 Months
2012-06,QUEENSTOWN,5 ROOM,91,TANGLIN HALT RD,34 TO 36,110.0,Improved,2008,890000.0,94 Years 7 Months
2015-07,BUKIT MERAH,5 ROOM,74A,REDHILL RD,22 TO 24,115.0,Improved,2005,890000.0,88 Years 6 Months
2012-07,MARINE PARADE,5 ROOM,79,MARINE DR,19 TO 21,120.0,Standard,1977,890000.0,63 Years 6 Months
2013-04,CLEMENTI,EXECUTIVE,206,CLEMENTI AVE 6,13 TO 15,150.0,Maisonette,1985,890000.0,70 Years 9 Months
2016-05,CENTRAL AREA,4 ROOM,1B,CANTONMENT RD,31 TO 33,93.0,Type S1,2011,888888.0,93 Years 8 Months
2012-09,QUEENSTOWN,5 ROOM,59,STRATHMORE AVE,28 TO 30,110.0,Improved,2000,888888.0,86 Years 3 Months
2015-12,CLEMENTI,4 ROOM,441B,CLEMENTI AVE 3,37 TO 39,96.0,Model A,2012,888888.0,95 Years 1 Months
2012-08,MARINE PARADE,5 ROOM,14,MARINE TER,16 TO 18,120.0,Standard,1975,888888.0,61 Years 5 Months
2015-12,CLEMENTI,EXECUTIVE,111,CLEMENTI ST 13,10 TO 12,161.0,Maisonette,1985,888888.0,68 Years 1 Months
2014-10,MARINE PARADE,5 ROOM,29,MARINE CRES,22 TO 24,120.0,Standard,1975,888000.0,59 Years 3 Months
2015-12,ANG MO KIO,5 ROOM,310A,ANG MO KIO AVE 1,07 TO 09,119.0,Improved,2012,888000.0,95 Years 1 Months
2015-01,MARINE PARADE,5 ROOM,29,MARINE CRES,22 TO 24,120.0,Standard,1975,888000.0,58 Years 11 Months
2016-10,ANG MO KIO,5 ROOM,588D,ANG MO KIO ST 52,16 TO 18,117.0,DBSS,2011,888000.0,93 Years 3 Months
2015-11,CLEMENTI,5 ROOM,114,CLEMENTI ST 13,04 TO 06,142.0,Model A-Maisonette,1984,888000.0,67 Years 1 Months
2013-04,KALLANG/WHAMPOA,5 ROOM,3C,UPP BOON KENG RD,19 TO 21,110.0,Improved,2006,888000.0,91 Years 9 Months
2012-06,CLEMENTI,EXECUTIVE,112,CLEMENTI ST 13,01 TO 03,153.0,Maisonette,1984,888000.0,70 Years 6 Months
2016-04,CENTRAL AREA,4 ROOM,1A,CANTONMENT RD,34 TO 36,93.0,Type S1,2011,888000.0,93 Years 9 Months
2016-11,SERANGOON,EXECUTIVE,423,SERANGOON CTRL,10 TO 12,146.0,Maisonette,1989,888000.0,71 Years 1 Months
2015-12,BUKIT MERAH,5 ROOM,74A,REDHILL RD,19 TO 21,115.0,Improved,2005,888000.0,88 Years 1 Months
2015-08,CLEMENTI,5 ROOM,114,CLEMENTI ST 13,04 TO 06,154.0,Model A-Maisonette,1984,888000.0,67 Years 5 Months
2014-06,SERANGOON,EXECUTIVE,424,SERANGOON CTRL,04 TO 06,146.0,Maisonette,1989,888000.0,73 Years 7 Months
2015-11,QUEENSTOWN,5 ROOM,18C,HOLLAND DR,07 TO 09,117.0,Improved,2012,888000.0,95 Years 2 Months
2015-06,QUEENSTOWN,5 ROOM,7,C'WEALTH AVE,10 TO 12,136.0,Model A,1996,888000.0,79 Years 7 Months
2016-10,ANG MO KIO,5 ROOM,588A,ANG MO KIO ST 52,28 TO 30,112.0,DBSS,2011,888000.0,93 Years 3 Months
2013-03,SERANGOON,EXECUTIVE,418,SERANGOON CTRL,10 TO 12,146.0,Maisonette,1989,888000.0,74 Years 10 Months
2016-06,BISHAN,EXECUTIVE,218,BISHAN ST 23,01 TO 03,148.0,Maisonette,1992,888000.0,74 Years 7 Months
2015-03,CENTRAL AREA,4 ROOM,1A,CANTONMENT RD,40 TO 42,96.0,Type S1,2011,888000.0,94 Years 10 Months
2016-05,SERANGOON,EXECUTIVE,317,SERANGOON AVE 2,10 TO 12,151.0,Maisonette,1985,888000.0,67 Years 8 Months
2016-11,BUKIT MERAH,5 ROOM,125,KIM TIAN RD,10 TO 12,138.0,Model A,1995,888000.0,77 Years 1 Months
2014-02,QUEENSTOWN,5 ROOM,89,TANGLIN HALT RD,28 TO 30,110.0,Improved,2008,888000.0,92 Years 10 Months
2013-07,BISHAN,EXECUTIVE,187,BISHAN ST 13,07 TO 09,146.0,Maisonette,1987,888000.0,72 Years 6 Months
2016-02,TOA PAYOH,5 ROOM,142,POTONG PASIR AVE 3,16 TO 18,144.0,Model A-Maisonette,1984,888000.0,66 Years 10 Months
2013-09,TOA PAYOH,5 ROOM,153,LOR 2 TOA PAYOH,25 TO 27,121.0,Improved,1999,888000.0,84 Years 3 Months
2016-03,GEYLANG,EXECUTIVE,130,GEYLANG EAST AVE 1,01 TO 03,155.0,Apartment,1987,888000.0,69 Years 10 Months
2016-12,ANG MO KIO,5 ROOM,310A,ANG MO KIO AVE 1,28 TO 30,121.0,Improved,2012,888000.0,94 Years 0 Months
2015-07,BUKIT MERAH,5 ROOM,83,REDHILL LANE,19 TO 21,123.0,Improved,1996,888000.0,79 Years 6 Months
2014-12,QUEENSTOWN,5 ROOM,21,HOLLAND DR,25 TO 27,114.0,Standard,1975,888000.0,59 Years 1 Months
2016-03,CENTRAL AREA,4 ROOM,1D,CANTONMENT RD,22 TO 24,93.0,Type S1,2011,888000.0,93 Years 10 Months
2016-09,BISHAN,EXECUTIVE,261,BISHAN ST 22,10 TO 12,149.0,Maisonette,1992,888000.0,74 Years 3 Months
2016-10,SERANGOON,EXECUTIVE,424,SERANGOON CTRL,10 TO 12,146.0,Maisonette,1989,888000.0,71 Years 3 Months
2016-02,BISHAN,EXECUTIVE,219,BISHAN ST 23,04 TO 06,149.0,Maisonette,1992,888000.0,74 Years 10 Months
2016-07,QUEENSTOWN,5 ROOM,62A,STRATHMORE AVE,10 TO 12,117.0,Improved,2011,888000.0,93 Years 6 Months
2016-05,CENTRAL AREA,4 ROOM,1B,CANTONMENT RD,28 TO 30,93.0,Type S1,2011,888000.0,93 Years 8 Months
2013-11,KALLANG/WHAMPOA,5 ROOM,2A,UPP BOON KENG RD,25 TO 27,110.0,Improved,2006,888000.0,91 Years 2 Months
2015-07,MARINE PARADE,5 ROOM,79,MARINE DR,13 TO 15,120.0,Standard,1977,885000.0,60 Years 6 Months
2016-10,KALLANG/WHAMPOA,5 ROOM,3D,UPP BOON KENG RD,22 TO 24,110.0,Improved,2006,885000.0,88 Years 3 Months
2016-12,CLEMENTI,EXECUTIVE,115,CLEMENTI ST 13,10 TO 12,149.0,Maisonette,1985,885000.0,67 Years 1 Months
2013-05,BISHAN,EXECUTIVE,187,BISHAN ST 13,01 TO 03,146.0,Maisonette,1987,885000.0,72 Years 8 Months
2014-06,BISHAN,EXECUTIVE,187,BISHAN ST 13,04 TO 06,146.0,Maisonette,1987,885000.0,71 Years 7 Months
2013-05,CLEMENTI,EXECUTIVE,111,CLEMENTI ST 13,01 TO 03,155.0,Maisonette,1985,885000.0,70 Years 8 Months
2014-02,KALLANG/WHAMPOA,5 ROOM,3D,UPP BOON KENG RD,22 TO 24,110.0,Improved,2006,885000.0,90 Years 10 Months
2016-10,BISHAN,5 ROOM,273B,BISHAN ST 24,01 TO 03,120.0,DBSS,2011,885000.0,93 Years 3 Months
2015-06,CENTRAL AREA,4 ROOM,1G,CANTONMENT RD,37 TO 39,93.0,Type S1,2011,885000.0,94 Years 7 Months
2015-06,CENTRAL AREA,4 ROOM,1C,CANTONMENT RD,19 TO 21,95.0,Type S1,2011,885000.0,94 Years 7 Months
2016-03,QUEENSTOWN,5 ROOM,28A,DOVER CRES,10 TO 12,124.0,Improved,2012,885000.0,94 Years 10 Months
2016-06,QUEENSTOWN,5 ROOM,28D,DOVER CRES,10 TO 12,124.0,Improved,2012,885000.0,94 Years 7 Months
2012-12,QUEENSTOWN,5 ROOM,13,DOVER CL EAST,16 TO 18,114.0,Standard,1978,883888.0,64 Years 1 Months
2015-05,CENTRAL AREA,4 ROOM,1F,CANTONMENT RD,43 TO 45,93.0,Type S1,2011,883000.0,94 Years 8 Months
2012-08,QUEENSTOWN,5 ROOM,91,TANGLIN HALT RD,37 TO 39,110.0,Improved,2008,883000.0,94 Years 5 Months
2015-12,BUKIT MERAH,5 ROOM,126,BT MERAH VIEW,10 TO 12,140.0,Model A,1996,883000.0,79 Years 1 Months
2014-08,QUEENSTOWN,5 ROOM,48,STRATHMORE AVE,28 TO 30,110.0,Improved,2006,883000.0,90 Years 5 Months
2016-01,BISHAN,EXECUTIVE,245,BISHAN ST 22,10 TO 12,147.0,Maisonette,1992,882000.0,74 Years 11 Months
2012-06,TOA PAYOH,EXECUTIVE,99B,LOR 2 TOA PAYOH,10 TO 12,144.0,Apartment,1993,882000.0,79 Years 7 Months
2016-12,CENTRAL AREA,4 ROOM,1B,CANTONMENT RD,19 TO 21,95.0,Type S1,2011,882000.0,93 Years 1 Months
2016-02,CENTRAL AREA,4 ROOM,1D,CANTONMENT RD,40 TO 42,94.0,Type S1,2011,881888.0,93 Years 10 Months
2016-03,QUEENSTOWN,5 ROOM,184,STIRLING RD,22 TO 24,115.0,Improved,2000,881000.0,82 Years 10 Months
2016-11,CLEMENTI,5 ROOM,416,CLEMENTI AVE 1,28 TO 30,113.0,Improved,2013,880000.0,95 Years 2 Months
2016-06,QUEENSTOWN,5 ROOM,132,CLARENCE LANE,07 TO 09,133.0,Model A,1996,880000.0,78 Years 7 Months
2013-05,KALLANG/WHAMPOA,5 ROOM,2D,UPP BOON KENG RD,13 TO 15,110.0,Improved,2006,880000.0,91 Years 8 Months
2016-05,CENTRAL AREA,4 ROOM,1C,CANTONMENT RD,19 TO 21,93.0,Type S1,2011,880000.0,93 Years 8 Months
2015-08,CLEMENTI,EXECUTIVE,111,CLEMENTI ST 13,10 TO 12,146.0,Maisonette,1985,880000.0,68 Years 5 Months
2016-12,MARINE PARADE,5 ROOM,28,MARINE CRES,16 TO 18,123.0,Standard,1975,880000.0,57 Years 0 Months
2012-11,TAMPINES,EXECUTIVE,149,TAMPINES ST 12,07 TO 09,150.0,Maisonette,1984,880000.0,70 Years 1 Months
2015-08,CENTRAL AREA,4 ROOM,1G,CANTONMENT RD,16 TO 18,94.0,Type S1,2011,880000.0,94 Years 5 Months
2015-10,BUKIT MERAH,5 ROOM,74A,REDHILL RD,19 TO 21,115.0,Improved,2005,880000.0,88 Years 3 Months
2016-05,GEYLANG,5 ROOM,3,PINE CL,13 TO 15,110.0,Improved,2000,880000.0,82 Years 8 Months
2015-10,KALLANG/WHAMPOA,5 ROOM,2D,UPP BOON KENG RD,22 TO 24,110.0,Improved,2006,880000.0,89 Years 3 Months
2013-08,BUKIT MERAH,5 ROOM,120,KIM TIAN PL,22 TO 24,115.0,Improved,2001,880000.0,86 Years 5 Months
2016-10,QUEENSTOWN,5 ROOM,23,GHIM MOH LINK,22 TO 24,113.0,Improved,2013,880000.0,95 Years 3 Months
2015-10,QUEENSTOWN,5 ROOM,81,STRATHMORE AVE,13 TO 15,130.0,Model A,1993,880000.0,76 Years 3 Months
2013-08,QUEENSTOWN,5 ROOM,21,HOLLAND DR,19 TO 21,117.0,Standard,1975,880000.0,60 Years 5 Months
2016-10,ANG MO KIO,5 ROOM,588C,ANG MO KIO ST 52,16 TO 18,117.0,DBSS,2011,880000.0,93 Years 3 Months
2015-02,MARINE PARADE,5 ROOM,73,MARINE DR,19 TO 21,120.0,Standard,1977,880000.0,60 Years 10 Months
2013-06,BEDOK,EXECUTIVE,106,LENGKONG TIGA,07 TO 09,154.0,Maisonette,1989,880000.0,74 Years 7 Months
2016-12,TOA PAYOH,5 ROOM,121,LOR 2 TOA PAYOH,22 TO 24,124.0,Improved,2002,880000.0,84 Years 1 Months
2015-10,QUEENSTOWN,5 ROOM,91,TANGLIN HALT RD,13 TO 15,110.0,Improved,2008,880000.0,91 Years 3 Months
2016-02,KALLANG/WHAMPOA,4 ROOM,9,BOON KENG RD,37 TO 39,95.0,DBSS,2011,880000.0,93 Years 10 Months
2015-03,MARINE PARADE,5 ROOM,78,MARINE DR,10 TO 12,122.0,Standard,1977,880000.0,60 Years 10 Months
2016-07,SERANGOON,EXECUTIVE,319,SERANGOON AVE 2,07 TO 09,146.0,Maisonette,1985,880000.0,67 Years 6 Months
2012-06,BEDOK,EXECUTIVE,10D,BEDOK STH AVE 2,19 TO 21,145.0,Apartment,1995,880000.0,81 Years 7 Months
2013-02,BUKIT MERAH,5 ROOM,6B,BOON TIONG RD,07 TO 09,115.0,Improved,2005,880000.0,90 Years 10 Months
2016-10,ANG MO KIO,5 ROOM,588B,ANG MO KIO ST 52,19 TO 21,117.0,DBSS,2011,880000.0,93 Years 3 Months
2013-02,CLEMENTI,EXECUTIVE,112,CLEMENTI ST 13,01 TO 03,157.0,Maisonette,1984,880000.0,69 Years 10 Months
2016-04,KALLANG/WHAMPOA,5 ROOM,38A,BENDEMEER RD,22 TO 24,113.0,Improved,2012,880000.0,94 Years 9 Months
2012-08,QUEENSTOWN,5 ROOM,21,HOLLAND DR,04 TO 06,117.0,Standard,1975,880000.0,61 Years 5 Months
2016-08,CLEMENTI,EXECUTIVE,115,CLEMENTI ST 13,10 TO 12,149.0,Maisonette,1985,880000.0,67 Years 5 Months
2014-04,QUEENSTOWN,5 ROOM,14,DOVER CL EAST,16 TO 18,117.0,Standard,1978,880000.0,62 Years 9 Months
2016-12,CENTRAL AREA,4 ROOM,1B,CANTONMENT RD,37 TO 39,95.0,Type S1,2011,880000.0,93 Years 1 Months
2013-12,MARINE PARADE,5 ROOM,71,MARINE DR,25 TO 27,126.0,Standard,1977,880000.0,62 Years 1 Months
2013-07,TOA PAYOH,5 ROOM,81,LOR 4 TOA PAYOH,19 TO 21,122.0,Improved,1997,880000.0,82 Years 6 Months
2016-01,ANG MO KIO,5 ROOM,259,ANG MO KIO AVE 2,22 TO 24,135.0,Model A,1982,880000.0,65 Years 0 Months
2013-10,BUKIT MERAH,5 ROOM,75A,REDHILL RD,28 TO 30,115.0,Improved,2005,880000.0,90 Years 3 Months
2016-07,QUEENSTOWN,5 ROOM,3A,HOLLAND CL,10 TO 12,124.0,Improved,1998,880000.0,80 Years 6 Months
2014-06,BUKIT TIMAH,EXECUTIVE,7,TOH YI DR,04 TO 06,146.0,Maisonette,1989,880000.0,73 Years 7 Months
2015-01,BISHAN,EXECUTIVE,201,BISHAN ST 23,07 TO 09,150.0,Maisonette,1992,880000.0,75 Years 11 Months
2012-09,BUKIT MERAH,5 ROOM,25A,JLN MEMBINA,19 TO 21,110.0,Improved,2008,880000.0,94 Years 3 Months
2016-01,QUEENSTOWN,3 ROOM,50,STIRLING RD,01 TO 03,102.0,Terrace,1968,880000.0,50 Years 11 Months
2014-11,TOA PAYOH,5 ROOM,145,LOR 2 TOA PAYOH,19 TO 21,110.0,Improved,2006,880000.0,90 Years 2 Months
2013-03,BUKIT MERAH,5 ROOM,23,JLN MEMBINA,13 TO 15,110.0,Improved,2003,880000.0,88 Years 10 Months
2016-04,TOA PAYOH,5 ROOM,79C,TOA PAYOH CTRL,19 TO 21,110.0,Improved,2009,880000.0,91 Years 9 Months
2013-03,BUKIT MERAH,5 ROOM,25B,JLN MEMBINA,07 TO 09,110.0,Improved,2009,880000.0,94 Years 10 Months
2014-02,BUKIT MERAH,5 ROOM,19,JLN MEMBINA,25 TO 27,110.0,Improved,2003,880000.0,87 Years 10 Months
2012-08,BUKIT MERAH,5 ROOM,25A,JLN MEMBINA,22 TO 24,110.0,Improved,2008,880000.0,94 Years 5 Months
2015-05,CENTRAL AREA,5 ROOM,1F,CANTONMENT RD,04 TO 06,105.0,Type S2,2011,880000.0,94 Years 8 Months
2013-07,TOA PAYOH,5 ROOM,147,LOR 2 TOA PAYOH,22 TO 24,110.0,Improved,2006,880000.0,91 Years 6 Months
2014-08,BUKIT MERAH,5 ROOM,87,ZION RD,22 TO 24,114.0,Improved,1974,880000.0,58 Years 5 Months
2016-05,ANG MO KIO,5 ROOM,310B,ANG MO KIO AVE 1,13 TO 15,121.0,Improved,2012,880000.0,94 Years 8 Months
2016-08,CLEMENTI,EXECUTIVE,115,CLEMENTI ST 13,10 TO 12,146.0,Maisonette,1985,880000.0,67 Years 5 Months
2015-12,CENTRAL AREA,4 ROOM,1F,CANTONMENT RD,31 TO 33,93.0,Type S1,2011,880000.0,94 Years 1 Months
2012-06,BUKIT MERAH,5 ROOM,122,KIM TIAN RD,19 TO 21,126.0,Improved,1995,878888.0,81 Years 7 Months
2016-04,KALLANG/WHAMPOA,5 ROOM,9,BOON KENG RD,31 TO 33,107.0,DBSS,2011,878888.0,93 Years 9 Months
2013-07,BISHAN,EXECUTIVE,441,SIN MING AVE,10 TO 12,187.0,Maisonette,1990,878878.0,75 Years 6 Months
2015-08,CENTRAL AREA,4 ROOM,1D,CANTONMENT RD,34 TO 36,93.0,Type S1,2011,878000.0,94 Years 5 Months
2016-07,BUKIT MERAH,4 ROOM,55,HAVELOCK RD,34 TO 36,94.0,Model A,2013,878000.0,95 Years 6 Months
2012-09,BUKIT MERAH,5 ROOM,131C,KIM TIAN RD,25 TO 27,110.0,Improved,2002,878000.0,88 Years 3 Months
2016-10,BISHAN,5 ROOM,194,BISHAN ST 13,16 TO 18,121.0,Improved,1987,878000.0,69 Years 2 Months
2013-03,BUKIT MERAH,5 ROOM,77A,REDHILL RD,16 TO 18,115.0,Improved,2005,878000.0,90 Years 10 Months
2015-10,ANG MO KIO,5 ROOM,310B,ANG MO KIO AVE 1,10 TO 12,121.0,Improved,2012,878000.0,95 Years 3 Months
2014-03,BISHAN,EXECUTIVE,186,BISHAN ST 13,04 TO 06,146.0,Maisonette,1987,876000.0,71 Years 10 Months
2016-07,TOA PAYOH,EXECUTIVE,124,POTONG PASIR AVE 1,01 TO 03,161.0,Maisonette,1984,875000.0,66 Years 6 Months
2015-09,CENTRAL AREA,4 ROOM,1G,CANTONMENT RD,31 TO 33,93.0,Type S1,2011,875000.0,94 Years 4 Months
2014-08,QUEENSTOWN,5 ROOM,82,STRATHMORE AVE,10 TO 12,125.0,Improved,1997,875000.0,81 Years 5 Months
2015-08,QUEENSTOWN,5 ROOM,13,DOVER CL EAST,16 TO 18,117.0,Standard,1978,875000.0,61 Years 5 Months
2014-07,GEYLANG,5 ROOM,1,PINE CL,07 TO 09,110.0,Improved,2000,875000.0,84 Years 6 Months
2016-07,QUEENSTOWN,5 ROOM,21,HOLLAND DR,22 TO 24,117.0,Standard,1975,875000.0,57 Years 6 Months
2016-07,BUKIT TIMAH,5 ROOM,1,QUEEN'S RD,07 TO 09,123.0,Standard,1974,875000.0,56 Years 6 Months
2015-02,KALLANG/WHAMPOA,3 ROOM,55,JLN BAHAGIA,01 TO 03,104.0,Terrace,1972,875000.0,55 Years 10 Months
2015-11,TOA PAYOH,5 ROOM,122,LOR 2 TOA PAYOH,16 TO 18,123.0,Improved,1999,875000.0,82 Years 2 Months
2015-07,KALLANG/WHAMPOA,5 ROOM,38A,BENDEMEER RD,25 TO 27,115.0,Improved,2012,875000.0,95 Years 6 Months
2013-01,CLEMENTI,EXECUTIVE,201,CLEMENTI AVE 6,07 TO 09,147.0,Apartment,1985,875000.0,70 Years 11 Months
2015-07,MARINE PARADE,5 ROOM,78,MARINE DR,07 TO 09,120.0,Standard,1977,875000.0,60 Years 6 Months
2013-11,GEYLANG,5 ROOM,60,DAKOTA CRES,01 TO 03,140.0,Model A-Maisonette,1983,875000.0,68 Years 1 Months
2012-06,GEYLANG,5 ROOM,60,DAKOTA CRES,07 TO 09,140.0,Model A-Maisonette,1983,875000.0,69 Years 7 Months
2012-10,QUEENSTOWN,5 ROOM,82,STRATHMORE AVE,16 TO 18,124.0,Improved,1997,873888.0,83 Years 3 Months
2014-01,MARINE PARADE,5 ROOM,77,MARINE DR,19 TO 21,120.0,Standard,1977,873000.0,61 Years 11 Months
2016-05,KALLANG/WHAMPOA,5 ROOM,9,BOON KENG RD,34 TO 36,107.0,DBSS,2011,873000.0,93 Years 8 Months
2013-01,QUEENSTOWN,5 ROOM,52,STRATHMORE AVE,07 TO 09,110.0,Improved,2006,872000.0,91 Years 11 Months
2015-06,CENTRAL AREA,4 ROOM,1E,CANTONMENT RD,34 TO 36,93.0,Type S1,2011,872000.0,94 Years 7 Months
2013-02,BUKIT MERAH,5 ROOM,75B,REDHILL RD,25 TO 27,115.0,Improved,2005,872000.0,90 Years 10 Months
2014-01,BUKIT MERAH,5 ROOM,119D,KIM TIAN RD,28 TO 30,110.0,Improved,2002,872000.0,86 Years 11 Months
2012-09,QUEENSTOWN,5 ROOM,13,DOVER CL EAST,22 TO 24,114.0,Standard,1978,871888.0,64 Years 3 Months
2016-03,BISHAN,EXECUTIVE,441,SIN MING AVE,10 TO 12,172.0,Maisonette,1990,870000.0,72 Years 10 Months
2015-11,SERANGOON,EXECUTIVE,417,SERANGOON CTRL,04 TO 06,146.0,Maisonette,1989,870000.0,72 Years 2 Months
2013-05,BUKIT MERAH,5 ROOM,8B,BOON TIONG RD,13 TO 15,115.0,Improved,2005,870000.0,90 Years 8 Months
2013-11,BUKIT MERAH,5 ROOM,75B,REDHILL RD,10 TO 12,115.0,Improved,2005,870000.0,90 Years 2 Months
2013-06,KALLANG/WHAMPOA,5 ROOM,3C,UPP BOON KENG RD,25 TO 27,110.0,Improved,2006,870000.0,91 Years 7 Months
2013-01,GEYLANG,5 ROOM,45,JLN TIGA,16 TO 18,110.0,Improved,2005,870000.0,90 Years 11 Months
2015-07,BUKIT MERAH,5 ROOM,4B,BOON TIONG RD,16 TO 18,115.0,Improved,2005,870000.0,88 Years 6 Months
2015-05,QUEENSTOWN,5 ROOM,132,CLARENCE LANE,04 TO 06,121.0,Improved,1996,870000.0,79 Years 8 Months
2015-05,QUEENSTOWN,5 ROOM,52,STRATHMORE AVE,10 TO 12,110.0,Improved,2006,870000.0,89 Years 8 Months
2013-09,MARINE PARADE,5 ROOM,73,MARINE DR,19 TO 21,122.0,Standard,1977,870000.0,62 Years 4 Months
2013-07,KALLANG/WHAMPOA,5 ROOM,3D,UPP BOON KENG RD,19 TO 21,110.0,Improved,2006,870000.0,91 Years 6 Months
2013-10,BISHAN,EXECUTIVE,301,SHUNFU RD,10 TO 12,150.0,Maisonette,1985,870000.0,70 Years 3 Months
2013-06,TOA PAYOH,5 ROOM,122,LOR 2 TOA PAYOH,19 TO 21,120.0,Improved,1999,870000.0,84 Years 7 Months
2013-04,BUKIT TIMAH,EXECUTIVE,6,TOH YI DR,04 TO 06,146.0,Maisonette,1989,870000.0,74 Years 9 Months
2013-10,CLEMENTI,5 ROOM,461,CLEMENTI AVE 3,22 TO 24,110.0,Improved,2006,870000.0,91 Years 3 Months
2013-02,GEYLANG,5 ROOM,9,PINE CL,10 TO 12,120.0,Improved,1997,870000.0,82 Years 10 Months
2015-06,BISHAN,EXECUTIVE,245,BISHAN ST 22,07 TO 09,149.0,Maisonette,1992,870000.0,75 Years 7 Months
2015-06,SERANGOON,EXECUTIVE,417,SERANGOON CTRL,07 TO 09,146.0,Maisonette,1989,870000.0,72 Years 7 Months
2013-10,JURONG EAST,EXECUTIVE,285D,TOH GUAN RD,19 TO 21,143.0,Apartment,1998,870000.0,83 Years 3 Months
2013-10,MARINE PARADE,5 ROOM,43,MARINE CRES,16 TO 18,117.0,Standard,1975,870000.0,60 Years 3 Months
2013-10,QUEENSTOWN,5 ROOM,13,DOVER CL EAST,22 TO 24,119.0,Standard,1978,870000.0,63 Years 3 Months
2015-04,QUEENSTOWN,5 ROOM,20,HOLLAND DR,16 TO 18,117.0,Standard,1975,870000.0,58 Years 9 Months
2015-08,BUKIT TIMAH,EXECUTIVE,15,TOH YI DR,01 TO 03,145.0,Maisonette,1988,870000.0,71 Years 5 Months
2012-05,BUKIT MERAH,5 ROOM,23,JLN MEMBINA,21 TO 25,110.0,Improved,2003,870000.0,89 Years 8 Months
2012-10,CLEMENTI,EXECUTIVE,115,CLEMENTI ST 13,07 TO 09,146.0,Maisonette,1985,870000.0,71 Years 3 Months
2012-07,BUKIT MERAH,5 ROOM,19,JLN MEMBINA,19 TO 21,110.0,Improved,2003,870000.0,89 Years 6 Months
2016-09,SERANGOON,EXECUTIVE,423,SERANGOON CTRL,07 TO 09,146.0,Maisonette,1989,870000.0,71 Years 4 Months
2016-09,BUKIT MERAH,5 ROOM,76A,REDHILL RD,19 TO 21,115.0,Improved,2005,870000.0,87 Years 4 Months
2013-11,SERANGOON,EXECUTIVE,236A,SERANGOON AVE 2,16 TO 18,141.0,Apartment,1998,870000.0,83 Years 2 Months
2014-12,TOA PAYOH,EXECUTIVE,130,POTONG PASIR AVE 1,01 TO 03,166.0,Maisonette,1984,870000.0,68 Years 1 Months
2016-12,BUKIT MERAH,5 ROOM,23,JLN MEMBINA,13 TO 15,110.0,Improved,2003,870000.0,85 Years 0 Months
2013-11,QUEENSTOWN,5 ROOM,59,STRATHMORE AVE,28 TO 30,110.0,Improved,2000,870000.0,85 Years 1 Months
2014-10,TOA PAYOH,EXECUTIVE,101A,LOR 2 TOA PAYOH,04 TO 06,145.0,Apartment,1993,870000.0,77 Years 3 Months
2012-10,BISHAN,EXECUTIVE,186,BISHAN ST 13,04 TO 06,146.0,Maisonette,1987,870000.0,73 Years 2 Months
2014-03,BUKIT MERAH,5 ROOM,76A,REDHILL RD,16 TO 18,115.0,Improved,2005,870000.0,89 Years 10 Months
2016-11,ANG MO KIO,5 ROOM,588B,ANG MO KIO ST 52,16 TO 18,120.0,DBSS,2011,870000.0,93 Years 1 Months
2016-07,BISHAN,EXECUTIVE,238,BISHAN ST 22,10 TO 12,143.0,Apartment,1992,870000.0,74 Years 6 Months
2012-07,QUEENSTOWN,5 ROOM,89,TANGLIN HALT RD,37 TO 39,110.0,Improved,2008,870000.0,94 Years 6 Months
2014-08,MARINE PARADE,5 ROOM,12,MARINE TER,13 TO 15,120.0,Standard,1975,870000.0,59 Years 5 Months
2012-06,GEYLANG,5 ROOM,7,PINE CL,13 TO 15,111.0,Improved,2000,870000.0,86 Years 7 Months
2012-06,SERANGOON,EXECUTIVE,234A,SERANGOON AVE 2,10 TO 12,140.0,Apartment,1998,870000.0,84 Years 7 Months
2012-06,BUKIT TIMAH,5 ROOM,5,FARRER RD,13 TO 15,123.0,Standard,1974,870000.0,60 Years 7 Months
2013-11,MARINE PARADE,5 ROOM,79,MARINE DR,16 TO 18,120.0,Standard,1977,870000.0,62 Years 2 Months
2012-04,BISHAN,EXECUTIVE,446,BRIGHT HILL DR,06 TO 10,243.0,Maisonette,1990,869000.0,76 Years 9 Months
2016-10,KALLANG/WHAMPOA,5 ROOM,7,BOON KENG RD,04 TO 06,115.0,DBSS,2011,868888.0,93 Years 3 Months
2013-09,BUKIT MERAH,5 ROOM,119B,KIM TIAN RD,28 TO 30,110.0,Improved,2002,868238.0,87 Years 4 Months
2013-02,QUEENSTOWN,5 ROOM,7,GHIM MOH RD,19 TO 21,117.0,Standard,1977,868000.0,62 Years 10 Months
2014-12,BISHAN,EXECUTIVE,231,BISHAN ST 23,10 TO 12,146.0,Maisonette,1992,868000.0,76 Years 1 Months
2015-06,BISHAN,EXECUTIVE,261,BISHAN ST 22,07 TO 09,149.0,Maisonette,1992,868000.0,75 Years 7 Months
2013-03,TOA PAYOH,5 ROOM,80B,LOR 4 TOA PAYOH,10 TO 12,124.0,Improved,1997,868000.0,82 Years 10 Months
2015-05,TOA PAYOH,5 ROOM,81,LOR 4 TOA PAYOH,16 TO 18,122.0,Improved,1997,868000.0,80 Years 8 Months
2012-06,BUKIT TIMAH,EXECUTIVE,6,TOH YI DR,04 TO 06,154.0,Maisonette,1989,868000.0,75 Years 7 Months
2014-05,GEYLANG,EXECUTIVE,132,GEYLANG EAST AVE 1,16 TO 18,145.0,Apartment,1987,868000.0,71 Years 8 Months
2013-10,TOA PAYOH,5 ROOM,143,LOR 2 TOA PAYOH,28 TO 30,110.0,Improved,2002,868000.0,87 Years 3 Months
2015-10,CENTRAL AREA,4 ROOM,1B,CANTONMENT RD,16 TO 18,96.0,Type S1,2011,868000.0,94 Years 3 Months
2014-01,BUKIT MERAH,5 ROOM,8,KIM TIAN PL,10 TO 12,131.0,Model A,1984,868000.0,68 Years 11 Months
2016-10,TOA PAYOH,EXECUTIVE,99C,LOR 2 TOA PAYOH,10 TO 12,145.0,Apartment,1993,868000.0,75 Years 3 Months
2015-02,CENTRAL AREA,4 ROOM,1E,CANTONMENT RD,25 TO 27,94.0,Type S1,2011,868000.0,94 Years 10 Months
2014-06,QUEENSTOWN,5 ROOM,52,STRATHMORE AVE,22 TO 24,110.0,Improved,2006,868000.0,90 Years 7 Months
2014-10,MARINE PARADE,5 ROOM,12,MARINE TER,25 TO 27,120.0,Standard,1975,868000.0,59 Years 3 Months
2013-04,KALLANG/WHAMPOA,3 ROOM,64,JLN MA'MOR,01 TO 03,126.0,Terrace,1972,868000.0,57 Years 9 Months
2016-08,CENTRAL AREA,4 ROOM,1A,CANTONMENT RD,16 TO 18,93.0,Type S1,2011,868000.0,93 Years 5 Months
2014-07,BUKIT MERAH,5 ROOM,13,CANTONMENT CL,28 TO 30,110.0,Improved,2003,868000.0,87 Years 6 Months
2016-09,BUKIT MERAH,5 ROOM,44,LENGKOK BAHRU,01 TO 03,139.0,Model A-Maisonette,1984,868000.0,66 Years 3 Months
2013-04,QUEENSTOWN,5 ROOM,52,STRATHMORE AVE,25 TO 27,110.0,Improved,2006,868000.0,91 Years 9 Months
2013-04,TOA PAYOH,5 ROOM,153,LOR 2 TOA PAYOH,16 TO 18,123.0,Improved,1999,868000.0,84 Years 9 Months
2016-06,KALLANG/WHAMPOA,5 ROOM,7,BOON KENG RD,19 TO 21,107.0,DBSS,2011,868000.0,93 Years 7 Months
2012-10,ANG MO KIO,EXECUTIVE,418,ANG MO KIO AVE 10,04 TO 06,176.0,Adjoined flat,1979,868000.0,65 Years 2 Months
2015-08,CENTRAL AREA,5 ROOM,1G,CANTONMENT RD,10 TO 12,106.0,Type S2,2011,868000.0,94 Years 5 Months
2016-04,ANG MO KIO,5 ROOM,310A,ANG MO KIO AVE 1,07 TO 09,119.0,Improved,2012,867900.0,94 Years 9 Months
2013-06,BUKIT MERAH,5 ROOM,75C,REDHILL RD,13 TO 15,115.0,Improved,2007,867000.0,92 Years 7 Months
2013-11,BUKIT MERAH,5 ROOM,73A,REDHILL RD,22 TO 24,115.0,Improved,2005,867000.0,90 Years 2 Months
2016-10,ANG MO KIO,5 ROOM,588C,ANG MO KIO ST 52,22 TO 24,120.0,DBSS,2011,866000.0,93 Years 3 Months
2015-02,BUKIT MERAH,5 ROOM,2C,BOON TIONG RD,10 TO 12,115.0,Improved,2001,865000.0,84 Years 10 Months
2015-09,TOA PAYOH,5 ROOM,147,LOR 2 TOA PAYOH,28 TO 30,110.0,Improved,2006,865000.0,89 Years 4 Months
2013-01,KALLANG/WHAMPOA,5 ROOM,2D,UPP BOON KENG RD,10 TO 12,110.0,Improved,2006,865000.0,91 Years 11 Months
2016-07,GEYLANG,5 ROOM,7,PINE CL,19 TO 21,110.0,Improved,2000,865000.0,82 Years 6 Months
2016-04,QUEENSTOWN,5 ROOM,133,CLARENCE LANE,07 TO 09,133.0,Model A,1996,865000.0,78 Years 9 Months
2015-10,CENTRAL AREA,4 ROOM,1D,CANTONMENT RD,25 TO 27,94.0,Type S1,2011,865000.0,94 Years 3 Months
2013-10,BISHAN,EXECUTIVE,231,BISHAN ST 23,04 TO 06,146.0,Maisonette,1992,865000.0,77 Years 3 Months
2016-04,QUEENSTOWN,5 ROOM,23,GHIM MOH LINK,13 TO 15,113.0,Improved,2013,865000.0,95 Years 9 Months
2015-06,QUEENSTOWN,5 ROOM,18D,HOLLAND DR,16 TO 18,117.0,Improved,2012,865000.0,95 Years 7 Months
2016-04,QUEENSTOWN,4 ROOM,61C,STRATHMORE AVE,28 TO 30,97.0,Model A,2011,865000.0,93 Years 9 Months
2015-07,QUEENSTOWN,5 ROOM,52,STRATHMORE AVE,10 TO 12,110.0,Improved,2006,865000.0,89 Years 6 Months
2014-12,MARINE PARADE,5 ROOM,72,MARINE DR,16 TO 18,120.0,Standard,1977,865000.0,61 Years 1 Months
2013-05,MARINE PARADE,5 ROOM,43,MARINE CRES,04 TO 06,122.0,Standard,1975,865000.0,60 Years 8 Months
2015-03,BUKIT MERAH,5 ROOM,21,TELOK BLANGAH CRES,04 TO 06,153.0,Adjoined flat,1975,865000.0,58 Years 10 Months
2015-06,CENTRAL AREA,4 ROOM,1D,CANTONMENT RD,40 TO 42,93.0,Type S1,2011,865000.0,94 Years 7 Months
2013-01,CLEMENTI,5 ROOM,459,CLEMENTI AVE 3,22 TO 24,110.0,Improved,2002,865000.0,87 Years 11 Months
2016-10,CLEMENTI,EXECUTIVE,116,CLEMENTI ST 13,04 TO 06,147.0,Maisonette,1984,865000.0,66 Years 2 Months
2015-04,QUEENSTOWN,5 ROOM,21,HOLLAND DR,16 TO 18,117.0,Standard,1975,865000.0,58 Years 9 Months
2015-12,TOA PAYOH,5 ROOM,97,LOR 3 TOA PAYOH,13 TO 15,135.0,Model A,1993,865000.0,76 Years 1 Months
2013-09,BUKIT MERAH,5 ROOM,17,CANTONMENT CL,22 TO 24,110.0,Improved,2003,865000.0,88 Years 3 Months
2015-12,BISHAN,EXECUTIVE,201,BISHAN ST 23,01 TO 03,149.0,Maisonette,1992,865000.0,75 Years 1 Months
2012-09,MARINE PARADE,5 ROOM,1,MARINE TER,16 TO 18,122.0,Standard,1975,865000.0,61 Years 3 Months
2013-04,BUKIT MERAH,5 ROOM,88,TELOK BLANGAH HTS,16 TO 18,110.0,Improved,2003,863000.0,88 Years 9 Months
2012-07,TOA PAYOH,EXECUTIVE,99B,LOR 2 TOA PAYOH,07 TO 09,145.0,Apartment,1993,863000.0,79 Years 6 Months
2016-05,BUKIT MERAH,5 ROOM,126,BT MERAH VIEW,22 TO 24,128.0,Improved,1996,863000.0,78 Years 8 Months
2013-07,BEDOK,EXECUTIVE,104,LENGKONG TIGA,04 TO 06,150.0,Maisonette,1989,863000.0,74 Years 6 Months
2015-12,MARINE PARADE,5 ROOM,79,MARINE DR,19 TO 21,117.0,Standard,1977,862888.0,60 Years 1 Months
2016-07,BUKIT MERAH,5 ROOM,121,KIM TIAN PL,19 TO 21,115.0,Improved,2001,862000.0,83 Years 6 Months
2012-10,SERANGOON,EXECUTIVE,418,SERANGOON CTRL,04 TO 06,146.0,Maisonette,1989,862000.0,75 Years 3 Months
2012-03,TOA PAYOH,EXECUTIVE,99C,LOR 2 TOA PAYOH,11 TO 15,149.0,Apartment,1993,862000.0,79 Years 10 Months
2012-08,BUKIT MERAH,5 ROOM,23,JLN MEMBINA,13 TO 15,110.0,Improved,2003,862000.0,89 Years 5 Months
2016-08,QUEENSTOWN,EXECUTIVE,147,MEI LING ST,01 TO 03,144.0,Maisonette,1995,862000.0,77 Years 5 Months
2014-05,BISHAN,EXECUTIVE,219,BISHAN ST 23,01 TO 03,149.0,Maisonette,1992,861000.0,76 Years 8 Months
2016-03,SERANGOON,EXECUTIVE,418,SERANGOON CTRL,04 TO 06,146.0,Maisonette,1989,860000.0,71 Years 10 Months
2016-08,QUEENSTOWN,3 ROOM,50,STIRLING RD,01 TO 03,102.0,Terrace,1968,860000.0,50 Years 4 Months
2014-06,BUKIT TIMAH,5 ROOM,5,FARRER RD,07 TO 09,123.0,Standard,1974,860000.0,58 Years 7 Months
2012-06,BUKIT MERAH,5 ROOM,77A,REDHILL RD,25 TO 27,115.0,Improved,2005,860000.0,91 Years 7 Months
2013-02,TOA PAYOH,5 ROOM,146,LOR 2 TOA PAYOH,19 TO 21,110.0,Improved,2006,860000.0,91 Years 10 Months
2015-06,BUKIT MERAH,5 ROOM,25A,JLN MEMBINA,19 TO 21,110.0,Improved,2008,860000.0,91 Years 7 Months
2015-04,CENTRAL AREA,4 ROOM,1C,CANTONMENT RD,22 TO 24,93.0,Type S1,2011,860000.0,94 Years 9 Months
2016-07,CENTRAL AREA,4 ROOM,1C,CANTONMENT RD,16 TO 18,96.0,Type S1,2011,860000.0,93 Years 6 Months
2014-09,BUKIT MERAH,5 ROOM,63A,LENGKOK BAHRU,28 TO 30,121.0,Improved,2001,860000.0,85 Years 4 Months
2015-11,HOUGANG,EXECUTIVE,222,HOUGANG ST 21,04 TO 06,148.0,Maisonette,1992,860000.0,75 Years 1 Months
2013-05,MARINE PARADE,5 ROOM,28,MARINE CRES,07 TO 09,123.0,Standard,1975,860000.0,60 Years 8 Months
2014-01,BISHAN,EXECUTIVE,245,BISHAN ST 22,10 TO 12,147.0,Maisonette,1992,860000.0,76 Years 11 Months
2016-04,BUKIT MERAH,5 ROOM,118B,JLN MEMBINA,25 TO 27,110.0,Improved,2003,860000.0,85 Years 9 Months
2013-08,CLEMENTI,5 ROOM,461,CLEMENTI AVE 3,16 TO 18,110.0,Improved,2006,860000.0,91 Years 5 Months
2015-06,CENTRAL AREA,4 ROOM,1C,CANTONMENT RD,31 TO 33,94.0,Type S1,2011,860000.0,94 Years 7 Months
2016-07,HOUGANG,EXECUTIVE,222,HOUGANG ST 21,07 TO 09,148.0,Maisonette,1992,860000.0,74 Years 6 Months
2014-11,QUEENSTOWN,5 ROOM,50,STRATHMORE AVE,13 TO 15,110.0,Improved,2006,860000.0,90 Years 2 Months
2012-08,TOA PAYOH,5 ROOM,121,LOR 2 TOA PAYOH,28 TO 30,124.0,Improved,2002,860000.0,88 Years 5 Months
2013-10,GEYLANG,5 ROOM,60,DAKOTA CRES,10 TO 12,140.0,Model A-Maisonette,1983,860000.0,68 Years 3 Months
2014-09,QUEENSTOWN,5 ROOM,3A,HOLLAND CL,10 TO 12,121.0,Improved,1998,860000.0,82 Years 4 Months
2013-05,TOA PAYOH,5 ROOM,153,LOR 2 TOA PAYOH,19 TO 21,124.0,Improved,1999,860000.0,84 Years 8 Months
2016-03,ANG MO KIO,5 ROOM,310A,ANG MO KIO AVE 1,28 TO 30,121.0,Improved,2012,860000.0,94 Years 10 Months
2014-06,MARINE PARADE,5 ROOM,77,MARINE DR,16 TO 18,120.0,Standard,1977,860000.0,61 Years 7 Months
2015-08,SERANGOON,EXECUTIVE,423,SERANGOON CTRL,10 TO 12,146.0,Maisonette,1989,860000.0,72 Years 5 Months
2013-03,BUKIT MERAH,5 ROOM,74A,REDHILL RD,10 TO 12,115.0,Improved,2005,860000.0,90 Years 10 Months
2014-07,QUEENSTOWN,5 ROOM,131,CLARENCE LANE,01 TO 03,122.0,Improved,1996,860000.0,80 Years 6 Months
2015-05,BUKIT TIMAH,5 ROOM,1,QUEEN'S RD,19 TO 21,123.0,Standard,1974,860000.0,57 Years 8 Months
2016-03,CENTRAL AREA,4 ROOM,1D,CANTONMENT RD,13 TO 15,95.0,Type S1,2011,860000.0,93 Years 10 Months
2013-08,BUKIT MERAH,5 ROOM,76A,REDHILL RD,16 TO 18,115.0,Improved,2005,860000.0,90 Years 5 Months
2015-06,BISHAN,EXECUTIVE,231,BISHAN ST 23,04 TO 06,146.0,Maisonette,1992,860000.0,75 Years 7 Months
2016-06,QUEENSTOWN,5 ROOM,28D,DOVER CRES,07 TO 09,124.0,Improved,2012,860000.0,94 Years 7 Months
2012-08,CLEMENTI,EXECUTIVE,115,CLEMENTI ST 13,10 TO 12,146.0,Maisonette,1985,860000.0,71 Years 5 Months
2016-12,BUKIT MERAH,5 ROOM,56,HAVELOCK RD,04 TO 06,114.0,Improved,2013,860000.0,95 Years 1 Months
2016-01,BISHAN,EXECUTIVE,238,BISHAN ST 22,13 TO 15,143.0,Apartment,1992,860000.0,74 Years 11 Months
2013-01,BISHAN,EXECUTIVE,244,BISHAN ST 22,01 TO 03,149.0,Maisonette,1992,860000.0,77 Years 11 Months
2014-03,BUKIT MERAH,5 ROOM,6B,BOON TIONG RD,10 TO 12,115.0,Improved,2005,860000.0,89 Years 10 Months
2012-05,BUKIT MERAH,5 ROOM,20,JLN MEMBINA,26 TO 30,110.0,Improved,2003,860000.0,89 Years 8 Months
2015-05,CENTRAL AREA,4 ROOM,1E,CANTONMENT RD,22 TO 24,93.0,Type S1,2011,860000.0,94 Years 8 Months
2016-04,TOA PAYOH,5 ROOM,143,POTONG PASIR AVE 2,07 TO 09,160.0,Model A-Maisonette,1984,860000.0,66 Years 9 Months
2016-02,BUKIT MERAH,5 ROOM,63A,LENGKOK BAHRU,07 TO 09,121.0,Improved,2001,860000.0,83 Years 11 Months
2016-03,QUEENSTOWN,5 ROOM,146,MEI LING ST,16 TO 18,132.0,Model A,1995,860000.0,77 Years 10 Months
2013-06,KALLANG/WHAMPOA,5 ROOM,816,JELLICOE RD,13 TO 15,110.0,Improved,2003,860000.0,88 Years 7 Months
2014-11,GEYLANG,5 ROOM,5,PINE CL,16 TO 18,110.0,Improved,2000,860000.0,84 Years 1 Months
2016-01,MARINE PARADE,5 ROOM,72,MARINE DR,22 TO 24,120.0,Standard,1977,860000.0,60 Years 0 Months
2012-05,QUEENSTOWN,5 ROOM,3A,HOLLAND CL,01 TO 05,121.0,Improved,1998,860000.0,84 Years 8 Months
2014-04,QUEENSTOWN,5 ROOM,18D,HOLLAND DR,07 TO 09,117.0,Improved,2012,860000.0,96 Years 9 Months
2014-01,BUKIT MERAH,5 ROOM,27B,JLN MEMBINA,10 TO 12,110.0,Improved,2008,860000.0,92 Years 11 Months
2012-11,BISHAN,EXECUTIVE,219,BISHAN ST 23,04 TO 06,146.0,Maisonette,1992,860000.0,78 Years 1 Months
2015-11,BUKIT MERAH,5 ROOM,17,CANTONMENT CL,10 TO 12,110.0,Improved,2003,860000.0,86 Years 2 Months
2013-05,QUEENSTOWN,5 ROOM,12,DOVER CL EAST,10 TO 12,117.0,Standard,1978,860000.0,63 Years 8 Months
2015-03,BISHAN,EXECUTIVE,222,BISHAN ST 23,04 TO 06,154.0,Maisonette,1992,860000.0,75 Years 10 Months
2014-04,QUEENSTOWN,5 ROOM,50,STRATHMORE AVE,25 TO 27,110.0,Improved,2006,860000.0,90 Years 9 Months
2013-05,GEYLANG,5 ROOM,43,JLN TIGA,10 TO 12,111.0,Improved,2005,860000.0,90 Years 8 Months
2012-06,PASIR RIS,EXECUTIVE,157,PASIR RIS ST 13,07 TO 09,189.0,Maisonette,1995,860000.0,81 Years 7 Months
2013-09,SERANGOON,EXECUTIVE,232A,SERANGOON AVE 2,04 TO 06,140.0,Apartment,1998,859000.0,83 Years 4 Months
2012-08,BISHAN,EXECUTIVE,301,SHUNFU RD,04 TO 06,148.0,Maisonette,1985,858800.0,71 Years 5 Months
2016-10,SERANGOON,EXECUTIVE,322,SERANGOON AVE 3,04 TO 06,146.0,Maisonette,1986,858000.0,68 Years 3 Months
2015-05,CENTRAL AREA,4 ROOM,1G,CANTONMENT RD,28 TO 30,97.0,Type S1,2011,858000.0,94 Years 8 Months
2012-10,BISHAN,EXECUTIVE,174,BISHAN ST 13,01 TO 03,153.0,Maisonette,1986,858000.0,72 Years 3 Months
2015-11,BISHAN,5 ROOM,190,BISHAN ST 13,13 TO 15,121.0,Improved,1987,858000.0,70 Years 2 Months
2016-08,BEDOK,EXECUTIVE,10E,BEDOK STH AVE 2,19 TO 21,144.0,Apartment,1993,858000.0,75 Years 5 Months
2015-05,TOA PAYOH,5 ROOM,136,POTONG PASIR AVE 3,10 TO 12,147.0,Model A-Maisonette,1984,858000.0,67 Years 8 Months
2013-01,MARINE PARADE,5 ROOM,14,MARINE TER,10 TO 12,120.0,Standard,1975,858000.0,60 Years 11 Months
2016-05,TOA PAYOH,5 ROOM,144,LOR 2 TOA PAYOH,25 TO 27,110.0,Improved,2002,858000.0,84 Years 8 Months
2015-04,QUEENSTOWN,5 ROOM,18C,HOLLAND DR,07 TO 09,117.0,Improved,2012,858000.0,95 Years 9 Months
2014-07,CLEMENTI,EXECUTIVE,111,CLEMENTI ST 13,01 TO 03,147.0,Maisonette,1985,858000.0,69 Years 6 Months
2014-10,CLEMENTI,EXECUTIVE,115,CLEMENTI ST 13,13 TO 15,146.0,Maisonette,1985,858000.0,69 Years 3 Months
2015-09,CENTRAL AREA,4 ROOM,1C,CANTONMENT RD,13 TO 15,95.0,Type S1,2011,858000.0,94 Years 4 Months
2012-08,QUEENSTOWN,5 ROOM,89,TANGLIN HALT RD,22 TO 24,110.0,Improved,2008,858000.0,94 Years 5 Months
2016-05,GEYLANG,EXECUTIVE,846,SIMS AVE,13 TO 15,149.0,Maisonette,1985,858000.0,67 Years 8 Months
2015-10,TOA PAYOH,EXECUTIVE,128,POTONG PASIR AVE 1,01 TO 03,166.0,Maisonette,1984,858000.0,67 Years 3 Months
2012-10,BISHAN,EXECUTIVE,187,BISHAN ST 13,04 TO 06,146.0,Maisonette,1987,857000.0,73 Years 2 Months
2012-05,QUEENSTOWN,5 ROOM,60,STRATHMORE AVE,26 TO 30,110.0,Improved,2000,857000.0,86 Years 8 Months
2013-03,BUKIT MERAH,5 ROOM,77A,REDHILL RD,13 TO 15,115.0,Improved,2005,856000.0,90 Years 10 Months
2016-02,TOA PAYOH,5 ROOM,121,POTONG PASIR AVE 1,10 TO 12,159.0,Model A-Maisonette,1984,855888.0,66 Years 10 Months
2016-01,KALLANG/WHAMPOA,5 ROOM,8,BOON KENG RD,22 TO 24,109.0,DBSS,2011,855000.0,94 Years 0 Months
2013-04,BUKIT MERAH,5 ROOM,25B,JLN MEMBINA,07 TO 09,110.0,Improved,2009,855000.0,94 Years 9 Months
2016-07,WOODLANDS,EXECUTIVE,835,WOODLANDS ST 83,10 TO 12,189.0,Apartment,1994,855000.0,76 Years 6 Months
2013-11,KALLANG/WHAMPOA,5 ROOM,816,JELLICOE RD,13 TO 15,110.0,Improved,2003,855000.0,88 Years 1 Months
2016-03,KALLANG/WHAMPOA,5 ROOM,8,BOON KENG RD,16 TO 18,107.0,DBSS,2011,855000.0,93 Years 10 Months
2015-02,CENTRAL AREA,4 ROOM,1B,CANTONMENT RD,31 TO 33,93.0,Type S1,2011,855000.0,94 Years 10 Months
2013-04,BUKIT MERAH,5 ROOM,20,JLN MEMBINA,13 TO 15,110.0,Improved,2003,855000.0,88 Years 9 Months
2015-08,TOA PAYOH,5 ROOM,145,LOR 2 TOA PAYOH,25 TO 27,110.0,Improved,2006,855000.0,89 Years 5 Months
2016-02,CENTRAL AREA,4 ROOM,1C,CANTONMENT RD,28 TO 30,93.0,Type S1,2011,855000.0,93 Years 10 Months
2014-05,BUKIT MERAH,5 ROOM,4B,BOON TIONG RD,04 TO 06,115.0,Improved,2005,855000.0,89 Years 8 Months
2014-04,BISHAN,EXECUTIVE,238,BISHAN ST 22,10 TO 12,146.0,Maisonette,1992,855000.0,76 Years 9 Months
2012-04,CENTRAL AREA,5 ROOM,4,TG PAGAR PLAZA,16 TO 20,118.0,Adjoined flat,1977,855000.0,63 Years 9 Months
2013-05,MARINE PARADE,5 ROOM,43,MARINE CRES,10 TO 12,120.0,Standard,1975,855000.0,60 Years 8 Months
2016-08,GEYLANG,5 ROOM,7,PINE CL,13 TO 15,110.0,Improved,2000,855000.0,82 Years 4 Months
2016-05,BUKIT MERAH,5 ROOM,25B,JLN MEMBINA,13 TO 15,110.0,Improved,2009,855000.0,91 Years 8 Months
2015-04,SERANGOON,EXECUTIVE,317,SERANGOON AVE 2,10 TO 12,151.0,Maisonette,1985,855000.0,68 Years 9 Months
2013-02,MARINE PARADE,5 ROOM,13,MARINE TER,13 TO 15,128.0,Standard,1975,855000.0,60 Years 10 Months
2015-06,CENTRAL AREA,4 ROOM,1E,CANTONMENT RD,25 TO 27,94.0,Type S1,2011,855000.0,94 Years 7 Months
2015-03,CENTRAL AREA,4 ROOM,1B,CANTONMENT RD,19 TO 21,96.0,Type S1,2011,855000.0,94 Years 10 Months
2015-01,BUKIT TIMAH,5 ROOM,5,FARRER RD,04 TO 06,123.0,Standard,1974,855000.0,57 Years 11 Months
2014-03,BISHAN,EXECUTIVE,257,BISHAN ST 22,10 TO 12,147.0,Maisonette,1992,855000.0,76 Years 10 Months
2014-11,QUEENSTOWN,5 ROOM,30,HOLLAND CL,22 TO 24,125.0,Improved,1997,855000.0,81 Years 2 Months
2013-02,BISHAN,EXECUTIVE,443,SIN MING AVE,07 TO 09,187.0,Maisonette,1990,855000.0,75 Years 10 Months
2014-06,CLEMENTI,EXECUTIVE,110,CLEMENTI ST 13,01 TO 03,154.0,Maisonette,1984,855000.0,68 Years 7 Months
2016-09,CENTRAL AREA,4 ROOM,1F,CANTONMENT RD,13 TO 15,95.0,Type S1,2011,855000.0,93 Years 3 Months
2016-05,ANG MO KIO,5 ROOM,310A,ANG MO KIO AVE 1,10 TO 12,121.0,Improved,2012,855000.0,94 Years 8 Months
2016-06,QUEENSTOWN,5 ROOM,18C,HOLLAND DR,04 TO 06,117.0,Improved,2012,855000.0,94 Years 7 Months
2016-04,BUKIT TIMAH,5 ROOM,1,QUEEN'S RD,01 TO 03,120.0,Standard,1974,854000.0,56 Years 9 Months
2012-06,QUEENSTOWN,5 ROOM,21,HOLLAND DR,19 TO 21,117.0,Standard,1975,853888.0,61 Years 7 Months
2016-11,ANG MO KIO,5 ROOM,588B,ANG MO KIO ST 52,10 TO 12,117.0,DBSS,2011,853000.0,93 Years 1 Months
2013-12,QUEENSTOWN,4 ROOM,46,STIRLING RD,01 TO 03,131.0,Terrace,1968,853000.0,53 Years 0 Months
2014-07,TOA PAYOH,5 ROOM,154,LOR 2 TOA PAYOH,07 TO 09,122.0,Improved,2001,852500.0,85 Years 6 Months
2012-10,KALLANG/WHAMPOA,3 ROOM,54,JLN MA'MOR,01 TO 03,103.0,Terrace,1972,852000.0,58 Years 2 Months
2016-07,BUKIT MERAH,5 ROOM,27B,JLN MEMBINA,13 TO 15,110.0,Improved,2008,852000.0,90 Years 6 Months
2012-10,BUKIT MERAH,5 ROOM,63A,LENGKOK BAHRU,22 TO 24,121.0,Improved,2001,852000.0,87 Years 3 Months
2013-04,KALLANG/WHAMPOA,3 ROOM,57,JLN MA'MOR,01 TO 03,92.0,Terrace,1972,851000.0,57 Years 9 Months
2015-01,BISHAN,5 ROOM,192,BISHAN ST 13,13 TO 15,120.0,Improved,1987,851000.0,70 Years 11 Months
2014-02,ANG MO KIO,5 ROOM,596D,ANG MO KIO ST 52,25 TO 27,110.0,Improved,2003,851000.0,87 Years 10 Months
2016-10,CENTRAL AREA,4 ROOM,1A,CANTONMENT RD,28 TO 30,95.0,Type S1,2011,850000.0,93 Years 3 Months
2013-05,SERANGOON,EXECUTIVE,236A,SERANGOON AVE 2,16 TO 18,140.0,Apartment,1998,850000.0,83 Years 8 Months
2013-04,QUEENSTOWN,5 ROOM,20,HOLLAND DR,07 TO 09,117.0,Standard,1975,850000.0,60 Years 9 Months
2012-07,TOA PAYOH,5 ROOM,79C,TOA PAYOH CTRL,31 TO 33,110.0,Improved,2009,850000.0,95 Years 6 Months
2016-09,KALLANG/WHAMPOA,5 ROOM,9,BOON KENG RD,04 TO 06,115.0,DBSS,2011,850000.0,93 Years 3 Months
2016-02,BEDOK,EXECUTIVE,104,LENGKONG TIGA,04 TO 06,146.0,Maisonette,1989,850000.0,71 Years 10 Months
2016-01,TOA PAYOH,5 ROOM,154,LOR 2 TOA PAYOH,10 TO 12,122.0,Improved,2001,850000.0,84 Years 0 Months
2015-11,CENTRAL AREA,4 ROOM,1D,CANTONMENT RD,28 TO 30,96.0,Type S1,2011,850000.0,94 Years 2 Months
2014-05,QUEENSTOWN,5 ROOM,3,HOLLAND CL,10 TO 12,124.0,Improved,1998,850000.0,82 Years 8 Months
2015-11,WOODLANDS,EXECUTIVE,835,WOODLANDS ST 83,07 TO 09,189.0,Apartment,1994,850000.0,77 Years 2 Months
2016-02,KALLANG/WHAMPOA,5 ROOM,8,BOON KENG RD,16 TO 18,109.0,DBSS,2011,850000.0,93 Years 10 Months
2013-03,QUEENSTOWN,5 ROOM,14,GHIM MOH RD,22 TO 24,119.0,Standard,1977,850000.0,62 Years 10 Months
2014-10,QUEENSTOWN,5 ROOM,91,TANGLIN HALT RD,10 TO 12,110.0,Improved,2008,850000.0,92 Years 3 Months
2015-12,QUEENSTOWN,5 ROOM,17,DOVER CRES,22 TO 24,111.0,Improved,2003,850000.0,86 Years 1 Months
2016-02,HOUGANG,EXECUTIVE,221,HOUGANG ST 21,04 TO 06,148.0,Maisonette,1992,850000.0,74 Years 10 Months
2014-09,TOA PAYOH,EXECUTIVE,99B,LOR 2 TOA PAYOH,10 TO 12,145.0,Apartment,1993,850000.0,77 Years 4 Months
2014-02,GEYLANG,5 ROOM,3,PINE CL,10 TO 12,110.0,Improved,2000,850000.0,84 Years 10 Months
2013-08,QUEENSTOWN,5 ROOM,56,STRATHMORE AVE,07 TO 09,110.0,Improved,2002,850000.0,87 Years 5 Months
2014-05,QUEENSTOWN,5 ROOM,18D,HOLLAND DR,19 TO 21,117.0,Improved,2012,850000.0,96 Years 8 Months
2014-10,ANG MO KIO,EXECUTIVE,608,ANG MO KIO AVE 5,04 TO 06,178.0,Adjoined flat,1980,850000.0,64 Years 3 Months
2012-08,QUEENSTOWN,5 ROOM,50,STRATHMORE AVE,19 TO 21,110.0,Improved,2006,850000.0,92 Years 5 Months
2015-05,CLEMENTI,5 ROOM,114,CLEMENTI ST 13,07 TO 09,142.0,Model A-Maisonette,1984,850000.0,67 Years 8 Months
2015-06,ANG MO KIO,5 ROOM,700C,ANG MO KIO AVE 6,19 TO 21,111.0,Improved,2003,850000.0,86 Years 7 Months
2016-02,BUKIT MERAH,5 ROOM,115,BT PURMEI RD,07 TO 09,157.0,Model A,1985,850000.0,67 Years 10 Months
2016-02,BUKIT MERAH,5 ROOM,120,KIM TIAN PL,10 TO 12,115.0,Improved,2001,850000.0,83 Years 11 Months
2014-02,BUKIT MERAH,5 ROOM,126,BT MERAH VIEW,16 TO 18,140.0,Model A,1996,850000.0,80 Years 10 Months
2016-01,BUKIT MERAH,5 ROOM,131B,KIM TIAN RD,25 TO 27,110.0,Improved,2002,850000.0,85 Years 0 Months
2013-05,BUKIT TIMAH,5 ROOM,5,FARRER RD,13 TO 15,123.0,Standard,1974,850000.0,59 Years 8 Months
2016-02,CENTRAL AREA,4 ROOM,1F,CANTONMENT RD,16 TO 18,93.0,Type S1,2011,850000.0,93 Years 10 Months
2015-11,CLEMENTI,4 ROOM,441B,CLEMENTI AVE 3,22 TO 24,87.0,Model A,2012,850000.0,95 Years 2 Months
2012-03,BISHAN,EXECUTIVE,212,BISHAN ST 23,06 TO 10,150.0,Maisonette,1992,850000.0,78 Years 10 Months
2014-10,BISHAN,5 ROOM,213,BISHAN ST 23,10 TO 12,139.0,Model A,1992,850000.0,76 Years 3 Months
2015-06,BEDOK,EXECUTIVE,10E,BEDOK STH AVE 2,19 TO 21,142.0,Apartment,1993,850000.0,76 Years 7 Months
2014-09,BUKIT TIMAH,5 ROOM,5,FARRER RD,16 TO 18,123.0,Standard,1974,850000.0,58 Years 4 Months
2016-12,CENTRAL AREA,4 ROOM,1G,CANTONMENT RD,19 TO 21,96.0,Type S1,2011,850000.0,93 Years 1 Months
2012-11,HOUGANG,EXECUTIVE,237,HOUGANG ST 21,04 TO 06,150.0,Maisonette,1984,850000.0,70 Years 1 Months
2012-05,BUKIT MERAH,5 ROOM,73A,REDHILL RD,26 TO 30,115.0,Improved,2005,850000.0,91 Years 8 Months
2012-11,CLEMENTI,EXECUTIVE,206,CLEMENTI AVE 6,13 TO 15,150.0,Maisonette,1985,850000.0,71 Years 1 Months
2013-01,KALLANG/WHAMPOA,5 ROOM,815,JELLICOE RD,04 TO 06,110.0,Improved,2003,850000.0,88 Years 11 Months
2016-04,QUEENSTOWN,5 ROOM,13,DOVER CL EAST,13 TO 15,117.0,Standard,1978,850000.0,60 Years 9 Months
2015-07,QUEENSTOWN,5 ROOM,28D,DOVER CRES,04 TO 06,124.0,Improved,2012,850000.0,95 Years 6 Months
2013-01,QUEENSTOWN,5 ROOM,13,GHIM MOH RD,19 TO 21,123.0,Standard,1977,850000.0,62 Years 11 Months
2013-12,GEYLANG,EXECUTIVE,132,GEYLANG EAST AVE 1,16 TO 18,146.0,Maisonette,1987,850000.0,72 Years 1 Months
2014-09,BUKIT MERAH,5 ROOM,86,TELOK BLANGAH HTS,22 TO 24,111.0,Improved,2003,850000.0,87 Years 4 Months
2013-12,MARINE PARADE,5 ROOM,77,MARINE DR,22 TO 24,117.0,Standard,1977,850000.0,62 Years 1 Months
2015-01,CENTRAL AREA,4 ROOM,1A,CANTONMENT RD,34 TO 36,93.0,Type S1,2011,850000.0,94 Years 11 Months
2015-09,CENTRAL AREA,4 ROOM,1B,CANTONMENT RD,31 TO 33,93.0,Type S1,2011,850000.0,94 Years 4 Months
2016-04,KALLANG/WHAMPOA,4 ROOM,9,BOON KENG RD,34 TO 36,95.0,DBSS,2011,850000.0,93 Years 9 Months
2012-10,TOA PAYOH,5 ROOM,153,LOR 2 TOA PAYOH,13 TO 15,121.0,Improved,1999,850000.0,85 Years 3 Months
2014-06,MARINE PARADE,5 ROOM,3,MARINE TER,19 TO 21,122.0,Standard,1975,850000.0,59 Years 7 Months
2016-04,GEYLANG,5 ROOM,62,DAKOTA CRES,04 TO 06,137.0,Model A-Maisonette,1984,850000.0,66 Years 9 Months
2012-05,BUKIT MERAH,5 ROOM,83,REDHILL LANE,16 TO 20,123.0,Improved,1996,850000.0,82 Years 8 Months
2015-02,CENTRAL AREA,4 ROOM,1G,CANTONMENT RD,13 TO 15,95.0,Type S1,2011,850000.0,94 Years 10 Months
2014-08,QUEENSTOWN,5 ROOM,28A,DOVER CRES,01 TO 03,124.0,Improved,2012,850000.0,96 Years 5 Months
2013-01,BUKIT MERAH,4 ROOM,76A,REDHILL RD,28 TO 30,100.0,Model A,2005,850000.0,90 Years 11 Months
2012-04,MARINE PARADE,5 ROOM,29,MARINE CRES,21 TO 25,120.0,Standard,1975,850000.0,61 Years 9 Months
2016-05,QUEENSTOWN,5 ROOM,28A,DOVER CRES,01 TO 03,124.0,Improved,2012,850000.0,94 Years 8 Months
2014-07,KALLANG/WHAMPOA,3 ROOM,60,JLN BAHAGIA,01 TO 03,103.0,Terrace,1972,850000.0,56 Years 6 Months
2016-05,QUEENSTOWN,5 ROOM,22,QUEEN'S CL,04 TO 06,131.0,Model A,1996,850000.0,78 Years 8 Months
2016-05,QUEENSTOWN,5 ROOM,55,STRATHMORE AVE,16 TO 18,110.0,Improved,2002,850000.0,84 Years 8 Months
2015-03,CENTRAL AREA,4 ROOM,1E,CANTONMENT RD,37 TO 39,95.0,Type S1,2011,850000.0,94 Years 10 Months
2014-07,MARINE PARADE,5 ROOM,29,MARINE CRES,16 TO 18,117.0,Standard,1975,850000.0,59 Years 6 Months
2014-07,BUKIT MERAH,5 ROOM,8,CANTONMENT CL,25 TO 27,110.0,Improved,2002,850000.0,86 Years 6 Months
2012-12,GEYLANG,EXECUTIVE,130,GEYLANG EAST AVE 1,16 TO 18,146.0,Maisonette,1987,850000.0,73 Years 0 Months
2015-02,QUEENSTOWN,5 ROOM,58,STRATHMORE AVE,22 TO 24,110.0,Improved,2000,850000.0,83 Years 10 Months
2013-11,TOA PAYOH,5 ROOM,81A,LOR 4 TOA PAYOH,16 TO 18,122.0,Improved,1997,850000.0,82 Years 2 Months
2014-07,QUEENSTOWN,5 ROOM,21,HOLLAND DR,22 TO 24,117.0,Standard,1975,850000.0,59 Years 6 Months
2016-06,CENTRAL AREA,4 ROOM,1B,CANTONMENT RD,13 TO 15,93.0,Type S1,2011,850000.0,93 Years 7 Months
2013-07,QUEENSTOWN,5 ROOM,56,STRATHMORE AVE,13 TO 15,110.0,Improved,2002,850000.0,87 Years 6 Months
2013-11,CLEMENTI,EXECUTIVE,201,CLEMENTI AVE 6,07 TO 09,149.0,Apartment,1985,850000.0,70 Years 2 Months
2015-03,MARINE PARADE,5 ROOM,78,MARINE DR,22 TO 24,117.0,Standard,1977,850000.0,60 Years 10 Months
2015-08,QUEENSTOWN,3 ROOM,56,STIRLING RD,01 TO 03,112.0,Terrace,1968,850000.0,51 Years 5 Months
2016-04,CLEMENTI,4 ROOM,441A,CLEMENTI AVE 3,07 TO 09,92.0,Model A,2012,850000.0,94 Years 9 Months
2014-06,BISHAN,5 ROOM,183,BISHAN ST 13,10 TO 12,121.0,Improved,1987,850000.0,71 Years 7 Months
2016-03,QUEENSTOWN,5 ROOM,18C,HOLLAND DR,04 TO 06,117.0,Improved,2012,850000.0,94 Years 10 Months
2016-07,QUEENSTOWN,5 ROOM,19,QUEEN'S CL,16 TO 18,128.0,Improved,1996,850000.0,78 Years 6 Months
2013-09,WOODLANDS,EXECUTIVE,331,WOODLANDS AVE 1,10 TO 12,192.0,Apartment,1994,850000.0,79 Years 4 Months
2015-10,BEDOK,EXECUTIVE,29,CHAI CHEE AVE,16 TO 18,143.0,Apartment,1996,850000.0,79 Years 3 Months
2013-06,BUKIT MERAH,5 ROOM,7,KIM TIAN PL,04 TO 06,131.0,Model A,1984,850000.0,69 Years 7 Months
2016-07,QUEENSTOWN,5 ROOM,184,STIRLING RD,19 TO 21,115.0,Improved,2000,850000.0,82 Years 6 Months
2016-03,BUKIT MERAH,5 ROOM,121A,KIM TIAN PL,13 TO 15,115.0,Improved,2001,850000.0,83 Years 10 Months
2013-10,BUKIT MERAH,5 ROOM,11,CANTONMENT CL,22 TO 24,110.0,Improved,2002,850000.0,87 Years 3 Months
2014-01,GEYLANG,5 ROOM,60,DAKOTA CRES,07 TO 09,140.0,Model A-Maisonette,1983,850000.0,67 Years 11 Months
2014-08,TOA PAYOH,5 ROOM,79C,TOA PAYOH CTRL,34 TO 36,110.0,Improved,2009,850000.0,93 Years 5 Months
2015-10,BUKIT MERAH,4 ROOM,56,HAVELOCK RD,37 TO 39,94.0,Model A,2013,850000.0,96 Years 3 Months
2015-09,SERANGOON,EXECUTIVE,232A,SERANGOON AVE 2,13 TO 15,141.0,Apartment,1998,850000.0,81 Years 4 Months
2015-10,QUEENSTOWN,4 ROOM,18A,HOLLAND DR,34 TO 36,92.0,Model A,2012,850000.0,95 Years 3 Months
2015-10,QUEENSTOWN,5 ROOM,23,GHIM MOH LINK,10 TO 12,113.0,Improved,2013,850000.0,96 Years 3 Months
2015-05,BUKIT MERAH,5 ROOM,69,REDHILL CL,28 TO 30,115.0,Improved,2001,850000.0,84 Years 8 Months
2013-08,BUKIT MERAH,5 ROOM,49,TELOK BLANGAH DR,16 TO 18,125.0,Standard,1976,850000.0,61 Years 5 Months
2013-06,TOA PAYOH,5 ROOM,79A,TOA PAYOH CTRL,10 TO 12,111.0,Improved,2009,850000.0,94 Years 7 Months
2015-12,GEYLANG,5 ROOM,56,CASSIA CRES,10 TO 12,120.0,Improved,1998,850000.0,81 Years 1 Months
2015-10,CENTRAL AREA,4 ROOM,1D,CANTONMENT RD,07 TO 09,93.0,Type S1,2011,850000.0,94 Years 3 Months
2013-02,TOA PAYOH,5 ROOM,152,LOR 2 TOA PAYOH,19 TO 21,110.0,Improved,2006,850000.0,91 Years 10 Months
2016-05,KALLANG/WHAMPOA,5 ROOM,7,BOON KENG RD,13 TO 15,107.0,DBSS,2011,849800.0,93 Years 8 Months
2015-03,TOA PAYOH,EXECUTIVE,99B,LOR 2 TOA PAYOH,04 TO 06,145.0,Apartment,1993,848000.0,76 Years 10 Months
2013-08,BISHAN,5 ROOM,192,BISHAN ST 13,07 TO 09,120.0,Improved,1987,848000.0,72 Years 5 Months
2016-07,MARINE PARADE,5 ROOM,73,MARINE DR,10 TO 12,120.0,Standard,1977,848000.0,59 Years 6 Months
2013-07,BISHAN,5 ROOM,192,BISHAN ST 13,13 TO 15,120.0,Improved,1987,848000.0,72 Years 6 Months
2016-01,SERANGOON,EXECUTIVE,319,SERANGOON AVE 2,07 TO 09,150.0,Apartment,1985,848000.0,68 Years 0 Months
2014-08,BISHAN,EXECUTIVE,245,BISHAN ST 22,04 TO 06,148.0,Maisonette,1992,848000.0,76 Years 5 Months
2014-01,BUKIT MERAH,5 ROOM,17,CANTONMENT CL,10 TO 12,110.0,Improved,2003,847500.0,87 Years 11 Months
2014-12,TOA PAYOH,EXECUTIVE,237,LOR 1 TOA PAYOH,04 TO 06,146.0,Maisonette,1986,847000.0,70 Years 1 Months
2015-02,BUKIT MERAH,5 ROOM,131B,KIM TIAN RD,25 TO 27,110.0,Improved,2002,846198.0,85 Years 10 Months
2012-12,BUKIT MERAH,5 ROOM,75B,REDHILL RD,01 TO 03,115.0,Improved,2005,846000.0,91 Years 1 Months
2013-09,KALLANG/WHAMPOA,5 ROOM,3A,UPP BOON KENG RD,22 TO 24,110.0,Improved,2006,846000.0,91 Years 4 Months
2013-05,TOA PAYOH,5 ROOM,81,LOR 4 TOA PAYOH,13 TO 15,122.0,Improved,1997,846000.0,82 Years 8 Months
2016-07,TOA PAYOH,5 ROOM,60,LOR 4 TOA PAYOH,22 TO 24,120.0,Improved,1999,846000.0,81 Years 6 Months
2015-08,KALLANG/WHAMPOA,3 ROOM,38,JLN BAHAGIA,01 TO 03,83.0,Terrace,1972,845888.0,55 Years 5 Months
2013-08,BUKIT MERAH,5 ROOM,13,CANTONMENT CL,13 TO 15,110.0,Improved,2003,845800.0,88 Years 5 Months
2014-07,BUKIT MERAH,5 ROOM,118B,JLN MEMBINA,13 TO 15,110.0,Improved,2003,845000.0,87 Years 6 Months
2016-08,BISHAN,EXECUTIVE,452,SIN MING AVE,01 TO 03,146.0,Maisonette,1989,845000.0,71 Years 5 Months
2016-05,CLEMENTI,4 ROOM,441B,CLEMENTI AVE 3,25 TO 27,96.0,Model A,2012,845000.0,94 Years 8 Months
2016-05,BUKIT MERAH,5 ROOM,19,CANTONMENT CL,10 TO 12,110.0,Improved,2002,845000.0,84 Years 8 Months
2013-08,QUEENSTOWN,5 ROOM,21,QUEEN'S CL,13 TO 15,128.0,Improved,1996,845000.0,81 Years 5 Months
2016-12,MARINE PARADE,5 ROOM,44,MARINE CRES,19 TO 21,120.0,Standard,1975,845000.0,57 Years 0 Months
2013-11,QUEENSTOWN,5 ROOM,91,TANGLIN HALT RD,10 TO 12,110.0,Improved,2008,845000.0,93 Years 1 Months
2014-07,BISHAN,EXECUTIVE,454,SIN MING AVE,10 TO 12,186.0,Maisonette,1989,845000.0,73 Years 6 Months
2012-12,QUEENSTOWN,5 ROOM,56,STRATHMORE AVE,01 TO 03,110.0,Improved,2002,845000.0,88 Years 1 Months
2012-12,MARINE PARADE,5 ROOM,44,MARINE CRES,07 TO 09,122.0,Standard,1975,845000.0,61 Years 0 Months
2015-05,BUKIT TIMAH,EXECUTIVE,6,TOH YI DR,10 TO 12,146.0,Maisonette,1989,845000.0,72 Years 8 Months
2014-07,BUKIT MERAH,5 ROOM,75B,REDHILL RD,10 TO 12,115.0,Improved,2005,845000.0,89 Years 6 Months
2013-10,KALLANG/WHAMPOA,5 ROOM,815,JELLICOE RD,10 TO 12,110.0,Improved,2003,845000.0,88 Years 3 Months
2015-12,WOODLANDS,EXECUTIVE,830,WOODLANDS ST 83,10 TO 12,192.0,Apartment,1994,845000.0,77 Years 1 Months
2013-08,BISHAN,EXECUTIVE,186,BISHAN ST 13,04 TO 06,147.0,Apartment,1987,845000.0,72 Years 5 Months
2016-07,CENTRAL AREA,4 ROOM,1F,CANTONMENT RD,16 TO 18,94.0,Type S1,2011,845000.0,93 Years 6 Months
2013-07,BISHAN,5 ROOM,288,BISHAN ST 24,13 TO 15,123.0,Premium Apartment,1998,845000.0,83 Years 6 Months
2016-11,CENTRAL AREA,4 ROOM,1F,CANTONMENT RD,13 TO 15,95.0,Type S1,2011,845000.0,93 Years 1 Months
2013-08,BUKIT MERAH,5 ROOM,122,KIM TIAN RD,13 TO 15,126.0,Improved,1995,845000.0,80 Years 5 Months
2013-12,TOA PAYOH,EXECUTIVE,99C,LOR 2 TOA PAYOH,07 TO 09,145.0,Apartment,1993,845000.0,78 Years 1 Months
2015-09,BUKIT MERAH,5 ROOM,7,KIM TIAN PL,16 TO 18,131.0,Model A,1984,845000.0,67 Years 4 Months
2014-06,BUKIT MERAH,5 ROOM,75C,REDHILL RD,10 TO 12,115.0,Improved,2007,845000.0,91 Years 7 Months
2013-05,KALLANG/WHAMPOA,5 ROOM,3D,UPP BOON KENG RD,07 TO 09,110.0,Improved,2006,845000.0,91 Years 8 Months
2013-09,TOA PAYOH,5 ROOM,62,LOR 4 TOA PAYOH,28 TO 30,120.0,Improved,1999,845000.0,84 Years 3 Months
2013-05,KALLANG/WHAMPOA,5 ROOM,2C,UPP BOON KENG RD,07 TO 09,110.0,Improved,2006,845000.0,91 Years 8 Months
2013-12,BUKIT MERAH,5 ROOM,19,JLN MEMBINA,22 TO 24,110.0,Improved,2003,845000.0,88 Years 1 Months
2015-06,QUEENSTOWN,5 ROOM,13,DOVER CL EAST,10 TO 12,117.0,Standard,1978,845000.0,61 Years 7 Months
2016-12,GEYLANG,5 ROOM,11,PINE CL,10 TO 12,110.0,Improved,2000,845000.0,82 Years 0 Months
2013-06,KALLANG/WHAMPOA,5 ROOM,3B,UPP BOON KENG RD,01 TO 03,110.0,Improved,2006,845000.0,91 Years 7 Months
2013-10,JURONG EAST,EXECUTIVE,287A,JURONG EAST ST 21,16 TO 18,143.0,Apartment,1998,845000.0,83 Years 3 Months
2012-05,QUEENSTOWN,5 ROOM,59,STRATHMORE AVE,21 TO 25,110.0,Improved,2000,845000.0,86 Years 8 Months
2016-12,BISHAN,EXECUTIVE,208,BISHAN ST 23,01 TO 03,146.0,Maisonette,1992,845000.0,74 Years 0 Months
2015-02,CENTRAL AREA,4 ROOM,1C,CANTONMENT RD,34 TO 36,93.0,Type S1,2011,843888.0,94 Years 10 Months
2013-09,MARINE PARADE,5 ROOM,13,MARINE TER,13 TO 15,126.0,Standard,1975,843888.0,60 Years 3 Months
2015-06,ANG MO KIO,EXECUTIVE,421,ANG MO KIO AVE 10,13 TO 15,176.0,Adjoined flat,1979,843000.0,62 Years 7 Months
2014-09,BUKIT MERAH,5 ROOM,75A,REDHILL RD,25 TO 27,115.0,Improved,2005,843000.0,89 Years 4 Months
2015-10,CENTRAL AREA,4 ROOM,1G,CANTONMENT RD,19 TO 21,95.0,Type S1,2011,842668.0,94 Years 3 Months
2014-04,BISHAN,EXECUTIVE,404,SIN MING AVE,01 TO 03,149.0,Maisonette,1986,842500.0,70 Years 9 Months
2015-06,CENTRAL AREA,4 ROOM,1D,CANTONMENT RD,22 TO 24,93.0,Type S1,2011,842500.0,94 Years 7 Months
2014-08,SERANGOON,EXECUTIVE,423,SERANGOON CTRL,04 TO 06,154.0,Maisonette,1989,842300.0,73 Years 5 Months
2013-07,BUKIT MERAH,5 ROOM,8,KIM TIAN PL,13 TO 15,131.0,Model A,1984,842000.0,69 Years 6 Months
2013-06,BUKIT MERAH,5 ROOM,6B,BOON TIONG RD,01 TO 03,115.0,Improved,2005,842000.0,90 Years 7 Months
2016-05,MARINE PARADE,5 ROOM,3,MARINE TER,22 TO 24,122.0,Standard,1975,842000.0,57 Years 8 Months
2016-09,BUKIT MERAH,5 ROOM,9,CANTONMENT CL,13 TO 15,110.0,Improved,2002,842000.0,84 Years 3 Months
2016-07,SERANGOON,EXECUTIVE,322,SERANGOON AVE 3,07 TO 09,150.0,Apartment,1986,842000.0,68 Years 6 Months
2015-01,CENTRAL AREA,4 ROOM,1C,CANTONMENT RD,22 TO 24,96.0,Type S1,2011,842000.0,94 Years 11 Months
2015-01,BUKIT MERAH,5 ROOM,121,KIM TIAN PL,16 TO 18,115.0,Improved,2001,842000.0,85 Years 0 Months
2016-04,KALLANG/WHAMPOA,5 ROOM,8,BOON KENG RD,10 TO 12,107.0,DBSS,2011,842000.0,93 Years 9 Months
2013-11,CLEMENTI,EXECUTIVE,206,CLEMENTI AVE 6,01 TO 03,150.0,Maisonette,1985,842000.0,70 Years 2 Months
2014-06,QUEENSTOWN,5 ROOM,21,HOLLAND DR,07 TO 09,117.0,Standard,1975,841388.0,59 Years 7 Months
2012-03,SERANGOON,EXECUTIVE,423,SERANGOON CTRL,06 TO 10,146.0,Maisonette,1989,840000.0,75 Years 10 Months
2012-10,QUEENSTOWN,5 ROOM,19,QUEEN'S CL,07 TO 09,131.0,Model A,1996,840000.0,82 Years 2 Months
2015-08,TOA PAYOH,5 ROOM,82A,LOR 4 TOA PAYOH,22 TO 24,122.0,Improved,1996,840000.0,79 Years 5 Months
2013-12,BUKIT MERAH,5 ROOM,8A,BOON TIONG RD,07 TO 09,115.0,Improved,2005,840000.0,90 Years 1 Months
2013-12,BISHAN,5 ROOM,221,BISHAN ST 23,07 TO 09,120.0,Improved,1992,840000.0,77 Years 0 Months
2013-08,BUKIT MERAH,5 ROOM,25B,JLN MEMBINA,10 TO 12,110.0,Improved,2009,840000.0,94 Years 5 Months
2016-11,CENTRAL AREA,4 ROOM,1D,CANTONMENT RD,07 TO 09,93.0,Type S1,2011,840000.0,93 Years 1 Months
2015-05,CENTRAL AREA,4 ROOM,1B,CANTONMENT RD,13 TO 15,95.0,Type S1,2011,840000.0,94 Years 8 Months
2014-03,BUKIT MERAH,5 ROOM,49,TELOK BLANGAH DR,16 TO 18,123.0,Standard,1976,840000.0,60 Years 10 Months
2013-04,CLEMENTI,EXECUTIVE,201,CLEMENTI AVE 6,07 TO 09,149.0,Apartment,1985,840000.0,70 Years 9 Months
2015-09,CLEMENTI,EXECUTIVE,110,CLEMENTI ST 13,01 TO 03,158.0,Maisonette,1984,840000.0,67 Years 4 Months
2014-08,BUKIT BATOK,EXECUTIVE,289C,BT BATOK ST 25,01 TO 03,165.0,Maisonette,1997,840000.0,81 Years 5 Months
2014-08,BUKIT MERAH,5 ROOM,2C,BOON TIONG RD,19 TO 21,115.0,Improved,2001,840000.0,85 Years 5 Months
2012-04,BUKIT MERAH,5 ROOM,76A,REDHILL RD,21 TO 25,115.0,Improved,2005,840000.0,91 Years 9 Months
2016-10,GEYLANG,5 ROOM,39,JLN TIGA,07 TO 09,111.0,Improved,2005,840000.0,87 Years 3 Months
2012-06,MARINE PARADE,5 ROOM,12,MARINE TER,16 TO 18,120.0,Standard,1975,840000.0,61 Years 7 Months
2016-12,BEDOK,EXECUTIVE,10D,BEDOK STH AVE 2,16 TO 18,143.0,Apartment,1995,840000.0,77 Years 0 Months
2016-08,CLEMENTI,4 ROOM,425,CLEMENTI AVE 1,34 TO 36,99.0,Model A,2013,840000.0,95 Years 5 Months
2013-11,BISHAN,EXECUTIVE,222,BISHAN ST 23,07 TO 09,146.0,Maisonette,1992,840000.0,77 Years 1 Months
2014-05,CLEMENTI,EXECUTIVE,104,CLEMENTI ST 14,01 TO 03,147.0,Maisonette,1984,840000.0,68 Years 8 Months
2015-11,BEDOK,EXECUTIVE,10F,BEDOK STH AVE 2,13 TO 15,151.0,Apartment,1993,840000.0,76 Years 2 Months
2012-10,ANG MO KIO,5 ROOM,700C,ANG MO KIO AVE 6,19 TO 21,111.0,Improved,2003,840000.0,89 Years 3 Months
2012-07,SERANGOON,EXECUTIVE,418,SERANGOON CTRL,04 TO 06,146.0,Maisonette,1989,840000.0,75 Years 6 Months
2014-08,GEYLANG,5 ROOM,3,PINE CL,07 TO 09,110.0,Improved,2000,840000.0,84 Years 5 Months
2016-11,TOA PAYOH,5 ROOM,62,LOR 4 TOA PAYOH,22 TO 24,120.0,Improved,1999,840000.0,81 Years 1 Months
2014-09,MARINE PARADE,5 ROOM,73,MARINE DR,19 TO 21,120.0,Standard,1977,840000.0,61 Years 4 Months
2014-09,JURONG EAST,EXECUTIVE,287D,JURONG EAST ST 21,13 TO 15,144.0,Maisonette,1998,840000.0,82 Years 4 Months
2016-02,BUKIT MERAH,5 ROOM,27B,JLN MEMBINA,07 TO 09,110.0,Improved,2008,840000.0,90 Years 10 Months
2016-10,BUKIT MERAH,5 ROOM,121A,KIM TIAN PL,10 TO 12,115.0,Improved,2001,840000.0,83 Years 3 Months
2015-01,BUKIT MERAH,5 ROOM,75C,REDHILL RD,07 TO 09,115.0,Improved,2007,840000.0,90 Years 11 Months
2012-10,PASIR RIS,EXECUTIVE,604,ELIAS RD,13 TO 15,154.0,Apartment,1995,840000.0,81 Years 3 Months
2016-09,MARINE PARADE,5 ROOM,43,MARINE CRES,22 TO 24,120.0,Standard,1975,840000.0,57 Years 3 Months
2015-07,BUKIT MERAH,5 ROOM,126,BT MERAH VIEW,19 TO 21,128.0,Improved,1996,840000.0,79 Years 6 Months
2013-03,BISHAN,EXECUTIVE,455,SIN MING AVE,10 TO 12,188.0,Maisonette,1990,840000.0,75 Years 10 Months
2012-07,BISHAN,EXECUTIVE,219,BISHAN ST 23,07 TO 09,149.0,Maisonette,1992,840000.0,78 Years 6 Months
2015-08,BUKIT MERAH,5 ROOM,19,JLN MEMBINA,04 TO 06,110.0,Improved,2003,840000.0,86 Years 5 Months
2012-06,TOA PAYOH,EXECUTIVE,99A,LOR 2 TOA PAYOH,13 TO 15,145.0,Apartment,1993,840000.0,79 Years 7 Months
2014-04,BUKIT MERAH,5 ROOM,76A,REDHILL RD,07 TO 09,115.0,Improved,2005,840000.0,89 Years 9 Months
2015-01,BEDOK,EXECUTIVE,104,LENGKONG TIGA,07 TO 09,146.0,Maisonette,1989,840000.0,73 Years 0 Months
2016-07,TOA PAYOH,EXECUTIVE,257,KIM KEAT AVE,07 TO 09,146.0,Maisonette,1988,840000.0,70 Years 6 Months
2015-03,CENTRAL AREA,4 ROOM,1F,CANTONMENT RD,16 TO 18,97.0,Type S1,2011,840000.0,94 Years 10 Months
2014-01,GEYLANG,5 ROOM,1,PINE CL,16 TO 18,110.0,Improved,2000,840000.0,84 Years 11 Months
2016-03,CLEMENTI,EXECUTIVE,206,CLEMENTI AVE 6,07 TO 09,154.0,Apartment,1985,840000.0,67 Years 10 Months
2012-12,GEYLANG,EXECUTIVE,53,PIPIT RD,04 TO 06,153.0,Maisonette,1986,840000.0,72 Years 1 Months
2012-04,TOA PAYOH,EXECUTIVE,101A,LOR 2 TOA PAYOH,06 TO 10,147.0,Apartment,1993,840000.0,79 Years 9 Months
2014-06,BUKIT MERAH,5 ROOM,118C,JLN MEMBINA,16 TO 18,110.0,Improved,2003,840000.0,87 Years 7 Months
2016-02,BUKIT MERAH,5 ROOM,76A,REDHILL RD,13 TO 15,115.0,Improved,2005,840000.0,87 Years 11 Months
2013-06,MARINE PARADE,5 ROOM,78,MARINE DR,13 TO 15,122.0,Standard,1977,840000.0,62 Years 7 Months
2012-07,BUKIT MERAH,5 ROOM,74A,REDHILL RD,22 TO 24,115.0,Improved,2005,840000.0,91 Years 6 Months
2012-11,QUEENSTOWN,5 ROOM,8,GHIM MOH RD,13 TO 15,117.0,Standard,1977,840000.0,63 Years 1 Months
2013-07,JURONG EAST,EXECUTIVE,285A,TOH GUAN RD,19 TO 21,140.0,Apartment,1998,840000.0,83 Years 6 Months
2013-04,KALLANG/WHAMPOA,5 ROOM,2B,UPP BOON KENG RD,16 TO 18,110.0,Improved,2006,840000.0,91 Years 9 Months
2014-10,BUKIT MERAH,5 ROOM,18,CANTONMENT CL,07 TO 09,110.0,Improved,2002,840000.0,86 Years 3 Months
2014-10,BUKIT MERAH,5 ROOM,87,REDHILL CL,10 TO 12,126.0,Improved,1995,840000.0,79 Years 3 Months
2012-11,TAMPINES,EXECUTIVE,151,TAMPINES ST 12,07 TO 09,150.0,Maisonette,1984,840000.0,70 Years 1 Months
2012-10,BISHAN,EXECUTIVE,261,BISHAN ST 22,04 TO 06,151.0,Maisonette,1992,840000.0,78 Years 2 Months
2015-08,CENTRAL AREA,4 ROOM,1E,CANTONMENT RD,10 TO 12,93.0,Type S1,2011,839800.0,94 Years 5 Months
2012-08,BUKIT MERAH,5 ROOM,13,JLN BT MERAH,19 TO 21,127.0,Improved,1996,839000.0,82 Years 4 Months
2014-04,MARINE PARADE,5 ROOM,71,MARINE DR,16 TO 18,128.0,Standard,1977,839000.0,61 Years 9 Months
2015-06,BUKIT MERAH,5 ROOM,115,BT PURMEI RD,13 TO 15,157.0,Model A,1985,839000.0,68 Years 7 Months
2016-02,BEDOK,EXECUTIVE,106,LENGKONG TIGA,04 TO 06,146.0,Maisonette,1989,839000.0,71 Years 10 Months
2015-09,CENTRAL AREA,4 ROOM,1G,CANTONMENT RD,13 TO 15,95.0,Type S1,2011,839000.0,94 Years 4 Months
2014-06,BISHAN,EXECUTIVE,231,BISHAN ST 23,01 TO 03,146.0,Maisonette,1992,838888.0,76 Years 7 Months
2016-05,SERANGOON,EXECUTIVE,417,SERANGOON CTRL,01 TO 03,146.0,Maisonette,1989,838888.0,71 Years 8 Months
2013-03,TOA PAYOH,5 ROOM,142,LOR 2 TOA PAYOH,28 TO 30,116.0,Improved,2001,838888.0,86 Years 10 Months
2016-09,HOUGANG,EXECUTIVE,221,HOUGANG ST 21,07 TO 09,148.0,Maisonette,1992,838800.0,74 Years 3 Months
2012-10,QUEENSTOWN,5 ROOM,13,DOVER CL EAST,13 TO 15,119.0,Standard,1978,838000.0,64 Years 3 Months
2014-09,BUKIT MERAH,5 ROOM,126,BT MERAH VIEW,13 TO 15,140.0,Model A,1996,838000.0,80 Years 3 Months
2012-09,TOA PAYOH,5 ROOM,121,LOR 2 TOA PAYOH,19 TO 21,128.0,Improved,2002,838000.0,88 Years 3 Months
2016-02,TOA PAYOH,5 ROOM,137,POTONG PASIR AVE 3,13 TO 15,155.0,Model A-Maisonette,1984,838000.0,66 Years 10 Months
2015-04,TOA PAYOH,5 ROOM,147,LOR 2 TOA PAYOH,22 TO 24,110.0,Improved,2006,838000.0,89 Years 9 Months
2013-06,CLEMENTI,5 ROOM,459,CLEMENTI AVE 3,22 TO 24,110.0,Improved,2002,838000.0,87 Years 7 Months
2013-08,BUKIT MERAH,5 ROOM,8B,BOON TIONG RD,07 TO 09,115.0,Improved,2005,838000.0,90 Years 5 Months
2016-07,CENTRAL AREA,4 ROOM,1E,CANTONMENT RD,19 TO 21,95.0,Type S1,2011,838000.0,93 Years 6 Months
2012-07,MARINE PARADE,5 ROOM,77,MARINE DR,04 TO 06,122.0,Standard,1977,838000.0,63 Years 6 Months
2015-01,CENTRAL AREA,4 ROOM,1A,CANTONMENT RD,22 TO 24,97.0,Type S1,2011,838000.0,94 Years 11 Months
2013-10,BUKIT MERAH,5 ROOM,119D,KIM TIAN RD,25 TO 27,110.0,Improved,2002,838000.0,87 Years 3 Months
2015-10,BUKIT TIMAH,5 ROOM,1,QUEEN'S RD,04 TO 06,123.0,Standard,1974,838000.0,57 Years 3 Months
2016-07,BUKIT MERAH,5 ROOM,131C,KIM TIAN RD,25 TO 27,110.0,Improved,2002,838000.0,84 Years 6 Months
2015-06,KALLANG/WHAMPOA,3 ROOM,50,JLN BAHAGIA,01 TO 03,88.0,Terrace,1972,838000.0,55 Years 7 Months
2013-09,HOUGANG,EXECUTIVE,834,HOUGANG CTRL,04 TO 06,156.0,Maisonette,1992,838000.0,77 Years 3 Months
2012-09,BUKIT MERAH,5 ROOM,82,REDHILL LANE,13 TO 15,126.0,Improved,1996,838000.0,82 Years 3 Months
2013-05,BUKIT MERAH,5 ROOM,81,REDHILL LANE,16 TO 18,126.0,Improved,1996,838000.0,81 Years 8 Months
2015-08,MARINE PARADE,5 ROOM,71,MARINE DR,25 TO 27,126.0,Standard,1977,838000.0,60 Years 5 Months
2016-05,BUKIT MERAH,4 ROOM,58,HAVELOCK RD,37 TO 39,94.0,Model A,2013,838000.0,95 Years 8 Months
2016-06,KALLANG/WHAMPOA,5 ROOM,7,BOON KENG RD,25 TO 27,107.0,DBSS,2011,838000.0,93 Years 7 Months
2012-03,BISHAN,EXECUTIVE,301,SHUNFU RD,06 TO 10,148.0,Maisonette,1985,838000.0,71 Years 10 Months
2015-06,GEYLANG,5 ROOM,60,DAKOTA CRES,01 TO 03,140.0,Model A-Maisonette,1983,838000.0,66 Years 7 Months
2016-06,TOA PAYOH,5 ROOM,141,LOR 2 TOA PAYOH,16 TO 18,115.0,Improved,2001,838000.0,83 Years 7 Months
2016-05,CLEMENTI,EXECUTIVE,201,CLEMENTI AVE 6,10 TO 12,150.0,Maisonette,1985,838000.0,67 Years 8 Months
2014-10,SERANGOON,EXECUTIVE,318,SERANGOON AVE 2,13 TO 15,151.0,Maisonette,1985,838000.0,69 Years 3 Months
2015-06,BUKIT MERAH,5 ROOM,87,REDHILL CL,10 TO 12,129.0,Improved,1995,838000.0,78 Years 7 Months
2016-09,KALLANG/WHAMPOA,EXECUTIVE,46,BENDEMEER RD,19 TO 21,146.0,Apartment,1994,838000.0,76 Years 3 Months
2015-08,BUKIT MERAH,5 ROOM,119B,KIM TIAN RD,22 TO 24,110.0,Improved,2002,838000.0,85 Years 5 Months
2014-04,QUEENSTOWN,5 ROOM,26,DOVER CRES,16 TO 18,120.0,Standard,1978,838000.0,62 Years 9 Months
2014-04,KALLANG/WHAMPOA,5 ROOM,5,BOON KENG RD,07 TO 09,126.0,Improved,1996,838000.0,80 Years 9 Months
2015-03,QUEENSTOWN,5 ROOM,184,STIRLING RD,16 TO 18,115.0,Improved,2000,838000.0,83 Years 10 Months
2015-09,BUKIT MERAH,5 ROOM,8,CANTONMENT CL,13 TO 15,110.0,Improved,2002,838000.0,85 Years 4 Months
2016-04,KALLANG/WHAMPOA,4 ROOM,9,BOON KENG RD,37 TO 39,94.0,DBSS,2011,838000.0,93 Years 9 Months
2015-07,QUEENSTOWN,5 ROOM,12,DOVER CL EAST,19 TO 21,114.0,Standard,1978,838000.0,61 Years 6 Months
2016-03,MARINE PARADE,5 ROOM,3,MARINE TER,16 TO 18,120.0,Standard,1975,838000.0,57 Years 10 Months
2016-04,QUEENSTOWN,4 ROOM,62B,STRATHMORE AVE,25 TO 27,93.0,Model A,2011,838000.0,93 Years 9 Months
2012-09,MARINE PARADE,5 ROOM,72,MARINE DR,25 TO 27,120.0,Standard,1977,838000.0,63 Years 3 Months
2013-12,KALLANG/WHAMPOA,5 ROOM,3C,UPP BOON KENG RD,10 TO 12,110.0,Improved,2006,838000.0,91 Years 1 Months
2013-07,BUKIT BATOK,EXECUTIVE,289B,BT BATOK ST 25,13 TO 15,144.0,Apartment,1997,838000.0,82 Years 6 Months
2016-05,QUEENSTOWN,5 ROOM,26,DOVER CRES,16 TO 18,125.0,Standard,1978,836888.0,60 Years 8 Months
2013-07,BISHAN,5 ROOM,117,BISHAN ST 12,22 TO 24,121.0,Improved,1987,836000.0,72 Years 6 Months
2014-07,CLEMENTI,EXECUTIVE,116,CLEMENTI ST 13,01 TO 03,149.0,Maisonette,1984,835388.0,68 Years 6 Months
2016-12,PUNGGOL,5 ROOM,270A,PUNGGOL FIELD,16 TO 18,149.0,Premium Apartment Loft,2013,835000.0,95 Years 1 Months
2012-06,BISHAN,EXECUTIVE,208,BISHAN ST 23,01 TO 03,145.0,Maisonette,1992,835000.0,78 Years 7 Months
2013-02,BISHAN,EXECUTIVE,201,BISHAN ST 23,07 TO 09,150.0,Maisonette,1992,835000.0,77 Years 10 Months
2015-01,BISHAN,EXECUTIVE,212,BISHAN ST 23,04 TO 06,149.0,Maisonette,1992,835000.0,75 Years 11 Months
2016-06,BUKIT MERAH,4 ROOM,75B,REDHILL RD,28 TO 30,100.0,Model A,2005,835000.0,87 Years 7 Months
2013-11,BUKIT MERAH,4 ROOM,77A,REDHILL RD,28 TO 30,100.0,Model A,2005,835000.0,90 Years 2 Months
2012-11,HOUGANG,EXECUTIVE,429,HOUGANG AVE 6,01 TO 03,145.0,Maisonette,1989,835000.0,75 Years 1 Months
2015-01,CENTRAL AREA,4 ROOM,1C,CANTONMENT RD,34 TO 36,95.0,Type S1,2011,835000.0,94 Years 11 Months
2013-12,BEDOK,EXECUTIVE,202,BEDOK NTH ST 1,10 TO 12,162.0,Adjoined flat,1979,835000.0,64 Years 1 Months
2015-09,KALLANG/WHAMPOA,5 ROOM,2A,UPP BOON KENG RD,22 TO 24,110.0,Improved,2006,835000.0,89 Years 4 Months
2016-04,BUKIT MERAH,5 ROOM,22,JLN MEMBINA,07 TO 09,110.0,Improved,2003,835000.0,85 Years 9 Months
2013-01,BUKIT MERAH,5 ROOM,86,TELOK BLANGAH HTS,28 TO 30,111.0,Improved,2003,835000.0,88 Years 11 Months
2012-11,MARINE PARADE,5 ROOM,29,MARINE CRES,10 TO 12,120.0,Standard,1975,835000.0,61 Years 1 Months
2016-07,GEYLANG,5 ROOM,1,PINE CL,10 TO 12,110.0,Improved,2000,835000.0,82 Years 6 Months
2016-11,MARINE PARADE,5 ROOM,27,MARINE CRES,16 TO 18,126.0,Standard,1975,835000.0,57 Years 1 Months
2015-04,MARINE PARADE,5 ROOM,44,MARINE CRES,13 TO 15,120.0,Standard,1975,835000.0,58 Years 9 Months
2014-08,BUKIT MERAH,5 ROOM,81,REDHILL LANE,07 TO 09,126.0,Improved,1996,835000.0,80 Years 5 Months
2012-06,MARINE PARADE,5 ROOM,79,MARINE DR,19 TO 21,121.0,Standard,1977,835000.0,63 Years 7 Months
2015-05,ANG MO KIO,EXECUTIVE,616,ANG MO KIO AVE 4,04 TO 06,148.0,Maisonette,1996,835000.0,79 Years 8 Months
2012-08,SERANGOON,EXECUTIVE,406,SERANGOON AVE 1,01 TO 03,145.0,Maisonette,1988,835000.0,74 Years 4 Months
2015-11,BUKIT MERAH,5 ROOM,27B,JLN MEMBINA,19 TO 21,110.0,Improved,2008,835000.0,91 Years 2 Months
2012-03,TOA PAYOH,5 ROOM,158,LOR 1 TOA PAYOH,11 TO 15,150.0,Adjoined flat,1972,835000.0,58 Years 10 Months
2014-03,KALLANG/WHAMPOA,3 ROOM,41,JLN BAHAGIA,01 TO 03,92.0,Terrace,1972,835000.0,56 Years 10 Months
2013-09,GEYLANG,5 ROOM,47,JLN TIGA,07 TO 09,110.0,Improved,2005,835000.0,90 Years 4 Months
2014-12,BUKIT MERAH,5 ROOM,11,CANTONMENT CL,10 TO 12,110.0,Improved,2002,835000.0,86 Years 1 Months
2013-04,BISHAN,5 ROOM,290,BISHAN ST 24,19 TO 21,123.0,Premium Apartment,1998,835000.0,83 Years 9 Months
2014-02,QUEENSTOWN,5 ROOM,27,DOVER CRES,22 TO 24,123.0,Standard,1976,835000.0,60 Years 10 Months
2012-08,QUEENSTOWN,4 ROOM,41,STIRLING RD,01 TO 03,120.0,Terrace,1968,835000.0,54 Years 4 Months
2015-12,BISHAN,EXECUTIVE,212,BISHAN ST 23,01 TO 03,146.0,Maisonette,1992,835000.0,75 Years 1 Months
2015-10,KALLANG/WHAMPOA,5 ROOM,2B,UPP BOON KENG RD,16 TO 18,110.0,Improved,2006,835000.0,89 Years 3 Months
2015-11,CENTRAL AREA,4 ROOM,1C,CANTONMENT RD,22 TO 24,93.0,Type S1,2011,835000.0,94 Years 2 Months
2016-02,TOA PAYOH,5 ROOM,60,LOR 4 TOA PAYOH,19 TO 21,120.0,Improved,1999,835000.0,81 Years 10 Months
2016-09,KALLANG/WHAMPOA,5 ROOM,816,JELLICOE RD,22 TO 24,110.0,Improved,2003,835000.0,85 Years 3 Months
2013-04,TAMPINES,EXECUTIVE,149,TAMPINES ST 12,07 TO 09,150.0,Maisonette,1984,835000.0,69 Years 9 Months
2015-12,CENTRAL AREA,4 ROOM,1G,CANTONMENT RD,28 TO 30,94.0,Type S1,2011,835000.0,94 Years 1 Months
2016-08,CENTRAL AREA,4 ROOM,1F,CANTONMENT RD,16 TO 18,93.0,Type S1,2011,834000.0,93 Years 5 Months
2012-04,BUKIT MERAH,5 ROOM,75A,REDHILL RD,16 TO 20,115.0,Improved,2005,834000.0,91 Years 9 Months
2013-05,BEDOK,EXECUTIVE,104,LENGKONG TIGA,04 TO 06,146.0,Maisonette,1989,833800.0,74 Years 8 Months
2016-03,KALLANG/WHAMPOA,5 ROOM,7,BOON KENG RD,10 TO 12,107.0,DBSS,2011,833000.0,93 Years 10 Months
2013-08,BISHAN,5 ROOM,290,BISHAN ST 24,07 TO 09,121.0,Premium Apartment,1998,833000.0,83 Years 5 Months
2014-11,BUKIT TIMAH,5 ROOM,13,TOH YI DR,13 TO 15,128.0,Improved,1988,833000.0,72 Years 1 Months
2016-11,KALLANG/WHAMPOA,3 ROOM,50,JLN BAHAGIA,01 TO 03,89.0,Terrace,1972,833000.0,54 Years 1 Months
2012-05,MARINE PARADE,5 ROOM,1,MARINE TER,21 TO 25,120.0,Standard,1975,833000.0,61 Years 8 Months
2012-06,BUKIT MERAH,5 ROOM,131B,KIM TIAN RD,28 TO 30,110.0,Improved,2002,833000.0,88 Years 7 Months
2013-03,GEYLANG,5 ROOM,11,PINE CL,16 TO 18,110.0,Improved,2000,832888.0,85 Years 10 Months
2015-11,GEYLANG,EXECUTIVE,132,GEYLANG EAST AVE 1,13 TO 15,152.0,Maisonette,1987,832888.0,70 Years 2 Months
2015-11,MARINE PARADE,5 ROOM,28,MARINE CRES,19 TO 21,126.0,Standard,1975,832000.0,58 Years 2 Months
2013-01,BUKIT MERAH,4 ROOM,76A,REDHILL RD,25 TO 27,100.0,Model A,2005,832000.0,90 Years 11 Months
2014-05,KALLANG/WHAMPOA,EXECUTIVE,110,MCNAIR RD,10 TO 12,144.0,Maisonette,1987,832000.0,71 Years 8 Months
2012-07,BUKIT MERAH,5 ROOM,119B,KIM TIAN RD,28 TO 30,110.0,Improved,2002,831800.0,88 Years 6 Months
2014-09,CLEMENTI,EXECUTIVE,116,CLEMENTI ST 13,07 TO 09,146.0,Maisonette,1984,831800.0,68 Years 3 Months
2013-08,KALLANG/WHAMPOA,5 ROOM,2B,UPP BOON KENG RD,10 TO 12,110.0,Improved,2006,831000.0,91 Years 5 Months
2012-08,BUKIT MERAH,5 ROOM,83,REDHILL LANE,10 TO 12,124.0,Improved,1996,830888.0,82 Years 4 Months
2013-11,CLEMENTI,EXECUTIVE,115,CLEMENTI ST 13,04 TO 06,146.0,Maisonette,1985,830000.0,70 Years 2 Months
2014-05,BUKIT MERAH,5 ROOM,73A,REDHILL RD,16 TO 18,115.0,Improved,2005,830000.0,89 Years 8 Months
2014-06,BISHAN,EXECUTIVE,231,BISHAN ST 23,04 TO 06,146.0,Maisonette,1992,830000.0,76 Years 7 Months
2013-08,BISHAN,EXECUTIVE,231,BISHAN ST 23,04 TO 06,146.0,Maisonette,1992,830000.0,77 Years 5 Months
2013-04,BUKIT MERAH,4 ROOM,74A,REDHILL RD,19 TO 21,100.0,Model A,2005,830000.0,90 Years 9 Months
2013-12,BUKIT MERAH,5 ROOM,75C,REDHILL RD,19 TO 21,115.0,Improved,2007,830000.0,92 Years 1 Months
2014-11,MARINE PARADE,5 ROOM,73,MARINE DR,13 TO 15,120.0,Standard,1977,830000.0,61 Years 2 Months
2015-11,HOUGANG,EXECUTIVE,221,HOUGANG ST 21,04 TO 06,148.0,Maisonette,1992,830000.0,75 Years 1 Months
2013-12,GEYLANG,5 ROOM,47,JLN TIGA,07 TO 09,110.0,Improved,2005,830000.0,90 Years 1 Months
2016-02,ANG MO KIO,EXECUTIVE,578,ANG MO KIO AVE 10,04 TO 06,163.0,Adjoined flat,1980,830000.0,62 Years 10 Months
2012-09,CLEMENTI,EXECUTIVE,206,CLEMENTI AVE 6,13 TO 15,150.0,Maisonette,1985,830000.0,71 Years 4 Months
2015-06,KALLANG/WHAMPOA,5 ROOM,104,TOWNER RD,10 TO 12,137.0,Model A-Maisonette,1983,830000.0,66 Years 7 Months
2014-03,MARINE PARADE,5 ROOM,72,MARINE DR,13 TO 15,120.0,Standard,1977,830000.0,61 Years 10 Months
2015-11,QUEENSTOWN,5 ROOM,14,DOVER CL EAST,07 TO 09,114.0,Standard,1978,830000.0,61 Years 2 Months
2016-09,KALLANG/WHAMPOA,5 ROOM,7,BOON KENG RD,04 TO 06,107.0,DBSS,2011,830000.0,93 Years 3 Months
2016-09,KALLANG/WHAMPOA,5 ROOM,7,BOON KENG RD,04 TO 06,115.0,DBSS,2011,830000.0,93 Years 3 Months
2016-09,KALLANG/WHAMPOA,5 ROOM,8,BOON KENG RD,07 TO 09,113.0,DBSS,2011,830000.0,93 Years 3 Months
2016-09,MARINE PARADE,5 ROOM,14,MARINE TER,19 TO 21,120.0,Standard,1975,830000.0,57 Years 3 Months
2016-09,CLEMENTI,5 ROOM,425,CLEMENTI AVE 1,28 TO 30,113.0,Improved,2013,830000.0,95 Years 4 Months
2016-05,HOUGANG,EXECUTIVE,851,HOUGANG CTRL,10 TO 12,138.0,Apartment,1997,830000.0,79 Years 8 Months
2013-11,QUEENSTOWN,5 ROOM,26,DOVER CRES,22 TO 24,123.0,Standard,1978,830000.0,63 Years 1 Months
2012-08,QUEENSTOWN,5 ROOM,56,STRATHMORE AVE,13 TO 15,110.0,Improved,2002,830000.0,88 Years 5 Months
2013-09,BUKIT MERAH,5 ROOM,2C,BOON TIONG RD,13 TO 15,115.0,Improved,2001,830000.0,86 Years 4 Months
2014-07,BUKIT MERAH,5 ROOM,126,BT MERAH VIEW,13 TO 15,140.0,Model A,1996,830000.0,80 Years 6 Months
2014-07,QUEENSTOWN,5 ROOM,13,DOVER CL EAST,10 TO 12,119.0,Standard,1978,830000.0,62 Years 6 Months
2015-06,HOUGANG,EXECUTIVE,222,HOUGANG ST 21,07 TO 09,148.0,Maisonette,1992,830000.0,75 Years 7 Months
2015-08,GEYLANG,5 ROOM,11,PINE CL,07 TO 09,110.0,Improved,2000,830000.0,83 Years 5 Months
2016-01,ANG MO KIO,5 ROOM,700B,ANG MO KIO AVE 6,13 TO 15,111.0,Improved,2003,830000.0,86 Years 0 Months
2016-01,BEDOK,EXECUTIVE,104,LENGKONG TIGA,04 TO 06,146.0,Maisonette,1989,830000.0,72 Years 0 Months
2013-04,GEYLANG,5 ROOM,47,JLN TIGA,10 TO 12,110.0,Improved,2005,830000.0,90 Years 9 Months
2015-06,BISHAN,EXECUTIVE,257,BISHAN ST 22,07 TO 09,144.0,Apartment,1992,830000.0,75 Years 7 Months
2013-11,HOUGANG,EXECUTIVE,851,HOUGANG CTRL,07 TO 09,137.0,Apartment,1997,830000.0,82 Years 2 Months
2013-01,BUKIT MERAH,5 ROOM,77A,REDHILL RD,04 TO 06,115.0,Improved,2005,830000.0,90 Years 11 Months
2013-07,GEYLANG,5 ROOM,1,PINE CL,13 TO 15,110.0,Improved,2000,830000.0,85 Years 6 Months
2016-06,QUEENSTOWN,5 ROOM,55,STRATHMORE AVE,16 TO 18,110.0,Improved,2002,830000.0,84 Years 7 Months
2015-06,QUEENSTOWN,5 ROOM,50,STRATHMORE AVE,19 TO 21,110.0,Improved,2006,830000.0,89 Years 7 Months
2014-04,ANG MO KIO,5 ROOM,596C,ANG MO KIO ST 52,16 TO 18,110.0,Improved,2002,830000.0,86 Years 9 Months
2013-01,QUEENSTOWN,5 ROOM,26,DOVER CRES,19 TO 21,123.0,Standard,1978,830000.0,63 Years 11 Months
2014-02,SERANGOON,EXECUTIVE,423,SERANGOON CTRL,07 TO 09,146.0,Maisonette,1989,830000.0,73 Years 10 Months
2013-03,TOA PAYOH,5 ROOM,122,LOR 2 TOA PAYOH,13 TO 15,124.0,Improved,1999,830000.0,84 Years 10 Months
2015-10,TOA PAYOH,5 ROOM,60,LOR 4 TOA PAYOH,13 TO 15,120.0,Improved,1999,830000.0,82 Years 3 Months
2013-01,TOA PAYOH,5 ROOM,143,LOR 2 TOA PAYOH,16 TO 18,110.0,Improved,2002,830000.0,87 Years 11 Months
2013-06,TOA PAYOH,5 ROOM,156,LOR 1 TOA PAYOH,13 TO 15,121.0,Improved,1999,830000.0,84 Years 7 Months
2016-08,BUKIT MERAH,5 ROOM,75B,REDHILL RD,13 TO 15,115.0,Improved,2005,830000.0,87 Years 5 Months
2016-10,KALLANG/WHAMPOA,4 ROOM,7,BOON KENG RD,25 TO 27,95.0,DBSS,2011,830000.0,93 Years 3 Months
2016-11,BUKIT MERAH,5 ROOM,73A,REDHILL RD,04 TO 06,115.0,Improved,2005,830000.0,87 Years 2 Months
2013-03,CLEMENTI,EXECUTIVE,201,CLEMENTI AVE 6,01 TO 03,150.0,Maisonette,1985,830000.0,70 Years 10 Months
2015-10,QUEENSTOWN,5 ROOM,184,STIRLING RD,10 TO 12,115.0,Improved,2000,830000.0,83 Years 3 Months
2014-09,BUKIT MERAH,5 ROOM,6,KIM TIAN RD,04 TO 06,137.0,Model A,1995,830000.0,79 Years 4 Months
2015-09,SERANGOON,EXECUTIVE,236A,SERANGOON AVE 2,04 TO 06,140.0,Apartment,1998,830000.0,81 Years 4 Months
2016-08,BUKIT MERAH,5 ROOM,70,REDHILL CL,13 TO 15,115.0,Improved,2001,830000.0,83 Years 5 Months
2015-07,JURONG EAST,EXECUTIVE,285A,TOH GUAN RD,04 TO 06,144.0,Apartment,1998,830000.0,81 Years 6 Months
2016-03,BISHAN,5 ROOM,190,BISHAN ST 13,16 TO 18,121.0,Improved,1987,830000.0,69 Years 10 Months
2013-10,CLEMENTI,5 ROOM,458,CLEMENTI AVE 3,19 TO 21,110.0,Improved,2002,830000.0,87 Years 3 Months
2013-10,CLEMENTI,5 ROOM,415,C'WEALTH AVE WEST,22 TO 24,137.0,Improved,1978,830000.0,63 Years 3 Months
2013-03,BUKIT MERAH,5 ROOM,16,CANTONMENT CL,13 TO 15,110.0,Improved,2003,830000.0,88 Years 10 Months
2012-10,BISHAN,EXECUTIVE,238,BISHAN ST 22,01 TO 03,146.0,Maisonette,1992,830000.0,78 Years 2 Months
2013-06,MARINE PARADE,5 ROOM,78,MARINE DR,16 TO 18,117.0,Standard,1977,830000.0,62 Years 7 Months
2014-08,TOA PAYOH,5 ROOM,80,LOR 4 TOA PAYOH,07 TO 09,119.0,Improved,1996,830000.0,80 Years 5 Months
2012-06,TOA PAYOH,5 ROOM,147,LOR 2 TOA PAYOH,25 TO 27,110.0,Improved,2006,830000.0,92 Years 7 Months
2015-10,CLEMENTI,EXECUTIVE,110,CLEMENTI ST 13,01 TO 03,152.0,Maisonette,1984,830000.0,67 Years 3 Months
2015-10,BUKIT MERAH,4 ROOM,17,SENG POH RD,04 TO 06,110.0,Standard,1973,830000.0,56 Years 3 Months
2015-05,BUKIT MERAH,4 ROOM,77A,REDHILL RD,28 TO 30,100.0,Model A,2005,830000.0,88 Years 8 Months
2013-10,BISHAN,5 ROOM,227,BISHAN ST 23,04 TO 06,139.0,Model A,1992,830000.0,77 Years 3 Months
2015-01,CENTRAL AREA,4 ROOM,1F,CANTONMENT RD,22 TO 24,96.0,Type S1,2011,830000.0,94 Years 11 Months
2013-06,ANG MO KIO,5 ROOM,596A,ANG MO KIO ST 52,25 TO 27,110.0,Improved,2002,830000.0,87 Years 7 Months
2013-05,QUEENSTOWN,5 ROOM,13,GHIM MOH RD,07 TO 09,120.0,Standard,1977,830000.0,62 Years 8 Months
2014-06,GEYLANG,5 ROOM,60,DAKOTA CRES,10 TO 12,137.0,Model A-Maisonette,1983,830000.0,67 Years 7 Months
2016-08,SERANGOON,EXECUTIVE,236A,SERANGOON AVE 2,07 TO 09,140.0,Apartment,1998,830000.0,80 Years 5 Months
2013-12,MARINE PARADE,5 ROOM,72,MARINE DR,13 TO 15,117.0,Standard,1977,830000.0,62 Years 1 Months
2016-08,QUEENSTOWN,5 ROOM,2,GHIM MOH RD,04 TO 06,150.0,Adjoined flat,1976,830000.0,58 Years 4 Months
2012-11,ANG MO KIO,EXECUTIVE,564,ANG MO KIO AVE 3,10 TO 12,163.0,Adjoined flat,1985,830000.0,71 Years 1 Months
2015-05,CLEMENTI,EXECUTIVE,110,CLEMENTI ST 13,01 TO 03,151.0,Maisonette,1984,830000.0,67 Years 8 Months
2013-01,TOA PAYOH,EXECUTIVE,131,POTONG PASIR AVE 1,01 TO 03,161.0,Maisonette,1984,830000.0,69 Years 11 Months
2015-11,BUKIT MERAH,5 ROOM,27B,JLN MEMBINA,04 TO 06,110.0,Improved,2008,830000.0,91 Years 2 Months
2016-02,SERANGOON,EXECUTIVE,232A,SERANGOON AVE 2,07 TO 09,140.0,Apartment,1998,830000.0,80 Years 10 Months
2016-08,KALLANG/WHAMPOA,5 ROOM,3B,UPP BOON KENG RD,16 TO 18,110.0,Improved,2006,830000.0,88 Years 5 Months
2013-07,QUEENSTOWN,5 ROOM,19,QUEEN'S CL,13 TO 15,128.0,Improved,1996,830000.0,81 Years 6 Months
2014-12,CLEMENTI,EXECUTIVE,206,CLEMENTI AVE 6,04 TO 06,150.0,Maisonette,1985,830000.0,69 Years 1 Months
2016-04,GEYLANG,5 ROOM,3,PINE CL,04 TO 06,113.0,Improved,2000,830000.0,82 Years 9 Months
2016-08,KALLANG/WHAMPOA,5 ROOM,8,BOON KENG RD,07 TO 09,115.0,DBSS,2011,830000.0,93 Years 5 Months
2013-06,WOODLANDS,EXECUTIVE,808,WOODLANDS ST 81,04 TO 06,189.0,Apartment,1994,830000.0,79 Years 7 Months
2013-07,BEDOK,EXECUTIVE,116,BEDOK NTH RD,01 TO 03,176.0,Adjoined flat,1978,830000.0,63 Years 6 Months
2012-03,BUKIT MERAH,5 ROOM,19,JLN MEMBINA,11 TO 15,110.0,Improved,2003,829000.0,89 Years 10 Months
2014-01,BUKIT MERAH,5 ROOM,119C,KIM TIAN RD,16 TO 18,110.0,Improved,2003,828000.0,87 Years 11 Months
2014-06,SERANGOON,EXECUTIVE,236A,SERANGOON AVE 2,13 TO 15,140.0,Apartment,1998,828000.0,82 Years 7 Months
2014-12,KALLANG/WHAMPOA,5 ROOM,38A,BENDEMEER RD,19 TO 21,113.0,Improved,2012,828000.0,96 Years 1 Months
2014-12,GEYLANG,5 ROOM,28,CASSIA CRES,19 TO 21,120.0,Improved,1998,828000.0,82 Years 1 Months
2015-04,CENTRAL AREA,4 ROOM,1D,CANTONMENT RD,16 TO 18,93.0,Type S1,2011,828000.0,94 Years 9 Months
2015-04,BUKIT MERAH,5 ROOM,121,KIM TIAN PL,13 TO 15,115.0,Improved,2001,828000.0,84 Years 9 Months
2014-01,SERANGOON,EXECUTIVE,234A,SERANGOON AVE 2,13 TO 15,140.0,Apartment,1998,828000.0,82 Years 11 Months
2013-10,ANG MO KIO,5 ROOM,700C,ANG MO KIO AVE 6,16 TO 18,111.0,Improved,2003,828000.0,88 Years 3 Months
2013-10,BUKIT MERAH,5 ROOM,73A,REDHILL RD,07 TO 09,115.0,Improved,2005,828000.0,90 Years 3 Months
2013-09,MARINE PARADE,5 ROOM,2,MARINE TER,10 TO 12,120.0,Standard,1975,828000.0,60 Years 3 Months
2013-12,QUEENSTOWN,5 ROOM,13,GHIM MOH RD,22 TO 24,125.0,Standard,1977,828000.0,62 Years 1 Months
2014-05,BUKIT MERAH,5 ROOM,19,JLN MEMBINA,13 TO 15,110.0,Improved,2003,828000.0,87 Years 8 Months
2012-04,MARINE PARADE,5 ROOM,44,MARINE CRES,11 TO 15,120.0,Standard,1975,828000.0,61 Years 9 Months
2012-12,BISHAN,5 ROOM,293,BISHAN ST 22,13 TO 15,121.0,Premium Apartment,1998,828000.0,84 Years 1 Months
2012-07,MARINE PARADE,5 ROOM,44,MARINE CRES,19 TO 21,120.0,Standard,1975,828000.0,61 Years 6 Months
2016-03,HOUGANG,EXECUTIVE,237,HOUGANG ST 21,10 TO 12,150.0,Maisonette,1984,828000.0,66 Years 10 Months
2016-11,BUKIT MERAH,4 ROOM,55,HAVELOCK RD,31 TO 33,94.0,Model A,2013,828000.0,95 Years 2 Months
2016-10,ANG MO KIO,5 ROOM,588D,ANG MO KIO ST 52,10 TO 12,112.0,DBSS,2011,828000.0,93 Years 3 Months
2012-11,BEDOK,EXECUTIVE,10F,BEDOK STH AVE 2,01 TO 03,144.0,Apartment,1993,828000.0,79 Years 1 Months
2016-08,BUKIT MERAH,4 ROOM,8A,BOON TIONG RD,19 TO 21,100.0,Model A,2005,828000.0,87 Years 5 Months
2016-04,KALLANG/WHAMPOA,4 ROOM,8,BOON KENG RD,28 TO 30,94.0,DBSS,2011,828000.0,93 Years 9 Months
2013-02,BISHAN,EXECUTIVE,201,BISHAN ST 23,01 TO 03,151.0,Maisonette,1992,828000.0,77 Years 10 Months
2016-08,CENTRAL AREA,4 ROOM,1G,CANTONMENT RD,04 TO 06,94.0,Type S1,2011,828000.0,93 Years 5 Months
2012-09,TOA PAYOH,5 ROOM,122,LOR 2 TOA PAYOH,16 TO 18,123.0,Improved,1999,828000.0,85 Years 3 Months
2012-03,BUKIT MERAH,5 ROOM,6A,BOON TIONG RD,16 TO 20,115.0,Improved,2005,828000.0,91 Years 10 Months
2013-06,CLEMENTI,EXECUTIVE,116,CLEMENTI ST 13,04 TO 06,147.0,Maisonette,1984,828000.0,69 Years 7 Months
2012-03,BUKIT MERAH,5 ROOM,75C,REDHILL RD,16 TO 20,115.0,Improved,2007,828000.0,93 Years 10 Months
2016-05,KALLANG/WHAMPOA,4 ROOM,9,BOON KENG RD,28 TO 30,94.0,DBSS,2011,828000.0,93 Years 8 Months
2012-11,QUEENSTOWN,5 ROOM,7,GHIM MOH RD,22 TO 24,117.0,Standard,1977,828000.0,63 Years 1 Months
2012-09,BUKIT TIMAH,5 ROOM,13,TOH YI DR,04 TO 06,127.0,Improved,1988,828000.0,74 Years 3 Months
2016-06,BUKIT MERAH,5 ROOM,82,REDHILL LANE,07 TO 09,124.0,Improved,1996,828000.0,78 Years 7 Months
2016-06,BUKIT MERAH,5 ROOM,126,BT MERAH VIEW,07 TO 09,128.0,Improved,1996,828000.0,78 Years 7 Months
2016-06,BUKIT MERAH,5 ROOM,17,CANTONMENT CL,07 TO 09,110.0,Improved,2003,828000.0,85 Years 7 Months
2016-06,BUKIT MERAH,5 ROOM,124A,BT MERAH VIEW,07 TO 09,127.0,Improved,1996,828000.0,78 Years 7 Months
2016-11,BISHAN,EXECUTIVE,257,BISHAN ST 22,01 TO 03,146.0,Maisonette,1992,828000.0,74 Years 1 Months
2012-03,BUKIT MERAH,5 ROOM,75B,REDHILL RD,26 TO 30,115.0,Improved,2005,827500.0,91 Years 10 Months
2014-04,BISHAN,EXECUTIVE,119,BISHAN ST 12,07 TO 09,151.0,Apartment,1987,827000.0,71 Years 9 Months
2013-03,SERANGOON,EXECUTIVE,417,SERANGOON CTRL,01 TO 03,146.0,Maisonette,1989,827000.0,74 Years 10 Months
2013-09,QUEENSTOWN,5 ROOM,3,GHIM MOH RD,10 TO 12,130.0,Adjoined flat,1976,827000.0,61 Years 3 Months
2013-08,BUKIT MERAH,5 ROOM,119B,KIM TIAN RD,16 TO 18,110.0,Improved,2002,826888.0,87 Years 5 Months
2012-08,KALLANG/WHAMPOA,5 ROOM,813,JELLICOE RD,19 TO 21,110.0,Improved,2003,826800.0,89 Years 5 Months
2014-10,BISHAN,5 ROOM,265,BISHAN ST 24,04 TO 06,134.0,Model A,1992,826000.0,76 Years 3 Months
2012-04,BUKIT MERAH,5 ROOM,75C,REDHILL RD,11 TO 15,115.0,Improved,2007,826000.0,93 Years 9 Months
2013-09,BUKIT MERAH,5 ROOM,122,KIM TIAN RD,01 TO 03,127.0,Improved,1995,825000.0,80 Years 3 Months
2015-02,HOUGANG,EXECUTIVE,235,HOUGANG ST 21,01 TO 03,146.0,Apartment,1984,825000.0,67 Years 10 Months
2012-12,TOA PAYOH,5 ROOM,81,LOR 4 TOA PAYOH,19 TO 21,122.0,Improved,1997,825000.0,83 Years 1 Months
2016-09,ANG MO KIO,5 ROOM,700C,ANG MO KIO AVE 6,16 TO 18,111.0,Improved,2003,825000.0,85 Years 3 Months
2013-04,CLEMENTI,5 ROOM,458,CLEMENTI AVE 3,16 TO 18,110.0,Improved,2002,825000.0,87 Years 9 Months
2013-10,QUEENSTOWN,5 ROOM,20,QUEEN'S CL,07 TO 09,126.0,Improved,1996,825000.0,81 Years 3 Months
2016-08,QUEENSTOWN,5 ROOM,7,C'WEALTH AVE,19 TO 21,127.0,Improved,1996,825000.0,78 Years 4 Months
2012-09,SERANGOON,EXECUTIVE,319,SERANGOON AVE 2,10 TO 12,147.0,Apartment,1985,825000.0,71 Years 4 Months
2014-02,HOUGANG,EXECUTIVE,222,HOUGANG ST 21,04 TO 06,156.0,Maisonette,1992,825000.0,76 Years 10 Months
2014-03,MARINE PARADE,5 ROOM,29,MARINE CRES,13 TO 15,117.0,Standard,1975,825000.0,59 Years 10 Months
2016-01,BISHAN,5 ROOM,194,BISHAN ST 13,10 TO 12,121.0,Improved,1987,825000.0,70 Years 0 Months
2016-04,QUEENSTOWN,5 ROOM,12,DOVER CL EAST,13 TO 15,114.0,Standard,1978,825000.0,60 Years 9 Months
2015-02,BISHAN,5 ROOM,194,BISHAN ST 13,07 TO 09,121.0,Improved,1987,825000.0,70 Years 10 Months
2015-10,QUEENSTOWN,5 ROOM,52,STRATHMORE AVE,13 TO 15,110.0,Improved,2006,825000.0,89 Years 3 Months
2015-01,QUEENSTOWN,5 ROOM,28A,DOVER CRES,04 TO 06,124.0,Improved,2012,825000.0,95 Years 11 Months
2012-03,BUKIT MERAH,5 ROOM,75C,REDHILL RD,21 TO 25,115.0,Improved,2007,825000.0,93 Years 10 Months
2012-11,BUKIT MERAH,5 ROOM,87,ZION RD,16 TO 18,117.0,Improved,1974,825000.0,60 Years 1 Months
2012-10,SERANGOON,EXECUTIVE,424,SERANGOON CTRL,01 TO 03,146.0,Maisonette,1989,825000.0,75 Years 3 Months
2013-05,CLEMENTI,5 ROOM,459,CLEMENTI AVE 3,16 TO 18,110.0,Improved,2002,825000.0,87 Years 8 Months
2016-08,BUKIT MERAH,4 ROOM,2A,BOON TIONG RD,16 TO 18,100.0,Model A,2001,825000.0,83 Years 5 Months
2015-10,BEDOK,EXECUTIVE,104,LENGKONG TIGA,04 TO 06,150.0,Maisonette,1989,825000.0,72 Years 3 Months
2015-10,BISHAN,5 ROOM,117,BISHAN ST 12,13 TO 15,121.0,Improved,1987,825000.0,70 Years 3 Months
2013-02,CLEMENTI,5 ROOM,458,CLEMENTI AVE 3,10 TO 12,110.0,Improved,2002,825000.0,87 Years 10 Months
2016-01,SERANGOON,EXECUTIVE,232A,SERANGOON AVE 2,07 TO 09,141.0,Apartment,1998,825000.0,81 Years 0 Months
2012-07,QUEENSTOWN,5 ROOM,60,STRATHMORE AVE,19 TO 21,110.0,Improved,2000,825000.0,86 Years 6 Months
2013-02,QUEENSTOWN,5 ROOM,58,STRATHMORE AVE,22 TO 24,110.0,Improved,2000,825000.0,85 Years 10 Months
2012-06,KALLANG/WHAMPOA,3 ROOM,46,JLN BAHAGIA,01 TO 03,92.0,Terrace,1972,825000.0,58 Years 6 Months
2014-05,BUKIT MERAH,5 ROOM,16,CANTONMENT CL,07 TO 09,110.0,Improved,2003,825000.0,87 Years 8 Months
2015-05,CENTRAL AREA,4 ROOM,1F,CANTONMENT RD,07 TO 09,94.0,Type S1,2011,825000.0,94 Years 8 Months
2013-08,ANG MO KIO,5 ROOM,700B,ANG MO KIO AVE 6,16 TO 18,111.0,Improved,2003,825000.0,88 Years 5 Months
2013-06,TAMPINES,EXECUTIVE,148,TAMPINES AVE 5,04 TO 06,150.0,Maisonette,1985,825000.0,70 Years 7 Months
2013-09,QUEENSTOWN,4 ROOM,44,STIRLING RD,01 TO 03,97.0,Terrace,1968,825000.0,53 Years 3 Months
2013-08,BUKIT MERAH,5 ROOM,119D,KIM TIAN RD,22 TO 24,110.0,Improved,2002,825000.0,87 Years 5 Months
2013-08,BUKIT MERAH,5 ROOM,119B,KIM TIAN RD,25 TO 27,110.0,Improved,2002,825000.0,87 Years 5 Months
2012-08,MARINE PARADE,5 ROOM,72,MARINE DR,16 TO 18,120.0,Standard,1977,825000.0,63 Years 5 Months
2016-12,BUKIT MERAH,4 ROOM,53,HAVELOCK RD,31 TO 33,94.0,Model A,2013,825000.0,95 Years 1 Months
2015-05,CENTRAL AREA,4 ROOM,1F,CANTONMENT RD,16 TO 18,95.0,Type S1,2011,825000.0,94 Years 8 Months
2012-05,BUKIT MERAH,5 ROOM,16,CANTONMENT CL,16 TO 20,110.0,Improved,2003,825000.0,89 Years 8 Months
2016-12,KALLANG/WHAMPOA,EXECUTIVE,11,JLN BATU,10 TO 12,141.0,Apartment,1986,825000.0,68 Years 1 Months
2013-03,QUEENSTOWN,5 ROOM,28D,DOVER CRES,19 TO 21,124.0,Improved,2012,825000.0,97 Years 10 Months
2014-07,CLEMENTI,EXECUTIVE,116,CLEMENTI ST 13,07 TO 09,147.0,Maisonette,1984,825000.0,68 Years 6 Months
2012-09,BUKIT MERAH,5 ROOM,12,CANTONMENT CL,22 TO 24,110.0,Improved,2003,825000.0,89 Years 3 Months
2016-01,SERANGOON,EXECUTIVE,234A,SERANGOON AVE 2,04 TO 06,140.0,Apartment,1998,825000.0,81 Years 0 Months
2014-08,QUEENSTOWN,5 ROOM,20,HOLLAND DR,07 TO 09,117.0,Standard,1975,824888.0,59 Years 5 Months
2014-01,BISHAN,EXECUTIVE,257,BISHAN ST 22,04 TO 06,150.0,Maisonette,1992,823088.0,76 Years 11 Months
2012-11,BUKIT MERAH,5 ROOM,82,REDHILL LANE,04 TO 06,131.0,Improved,1996,823000.0,82 Years 1 Months
2015-11,CENTRAL AREA,4 ROOM,1A,CANTONMENT RD,10 TO 12,96.0,Type S1,2011,823000.0,94 Years 2 Months
2015-08,KALLANG/WHAMPOA,5 ROOM,816,JELLICOE RD,19 TO 21,110.0,Improved,2003,823000.0,86 Years 5 Months
2016-03,BUKIT TIMAH,5 ROOM,14,TOH YI DR,10 TO 12,122.0,Improved,1988,823000.0,70 Years 10 Months
2015-10,BISHAN,EXECUTIVE,247,BISHAN ST 22,01 TO 03,147.0,Maisonette,1992,823000.0,75 Years 3 Months
2015-01,QUEENSTOWN,5 ROOM,49,STRATHMORE AVE,04 TO 06,110.0,Improved,2006,822800.0,90 Years 0 Months
2016-09,QUEENSTOWN,5 ROOM,12,DOVER CL EAST,07 TO 09,114.0,Standard,1978,822000.0,60 Years 3 Months
2016-04,BUKIT MERAH,5 ROOM,4A,BOON TIONG RD,01 TO 03,115.0,Improved,2005,822000.0,87 Years 9 Months
2013-08,BUKIT MERAH,5 ROOM,54,TELOK BLANGAH DR,07 TO 09,146.0,Adjoined flat,1978,822000.0,63 Years 5 Months
2012-05,BISHAN,EXECUTIVE,301,SHUNFU RD,01 TO 05,148.0,Maisonette,1985,822000.0,71 Years 8 Months
2014-07,MARINE PARADE,5 ROOM,71,MARINE DR,19 TO 21,126.0,Standard,1977,822000.0,61 Years 6 Months
2016-10,ANG MO KIO,5 ROOM,259,ANG MO KIO AVE 2,22 TO 24,135.0,Model A,1982,820888.0,64 Years 3 Months
2016-12,TOA PAYOH,5 ROOM,81B,LOR 4 TOA PAYOH,13 TO 15,122.0,Improved,1997,820888.0,79 Years 1 Months
2016-05,KALLANG/WHAMPOA,4 ROOM,7,BOON KENG RD,34 TO 36,94.0,DBSS,2011,820000.0,93 Years 8 Months
2013-10,BUKIT MERAH,5 ROOM,7,KIM TIAN PL,01 TO 03,131.0,Model A,1984,820000.0,69 Years 2 Months
2015-02,QUEENSTOWN,5 ROOM,13,DOVER CL EAST,04 TO 06,119.0,Standard,1978,820000.0,61 Years 10 Months
2016-02,TOA PAYOH,5 ROOM,86,LOR 2 TOA PAYOH,07 TO 09,124.0,Improved,1997,820000.0,79 Years 11 Months
2016-02,BUKIT MERAH,5 ROOM,119D,KIM TIAN RD,22 TO 24,110.0,Improved,2002,820000.0,84 Years 10 Months
2013-03,BEDOK,EXECUTIVE,108,LENGKONG TIGA,04 TO 06,146.0,Maisonette,1989,820000.0,74 Years 10 Months
2013-03,BISHAN,5 ROOM,241,BISHAN ST 22,10 TO 12,121.0,Improved,1992,820000.0,77 Years 10 Months
2016-05,KALLANG/WHAMPOA,3 ROOM,65,JLN MA'MOR,01 TO 03,127.0,Terrace,1972,820000.0,54 Years 8 Months
2013-11,BUKIT MERAH,5 ROOM,88,TELOK BLANGAH HTS,16 TO 18,110.0,Improved,2003,820000.0,88 Years 1 Months
2013-03,BISHAN,EXECUTIVE,119,BISHAN ST 12,01 TO 03,144.0,Apartment,1987,820000.0,72 Years 10 Months
2013-02,BEDOK,EXECUTIVE,716,BEDOK RESERVOIR RD,16 TO 18,143.0,Apartment,1984,820000.0,69 Years 10 Months
2013-01,BISHAN,EXECUTIVE,186,BISHAN ST 13,01 TO 03,146.0,Maisonette,1987,820000.0,72 Years 11 Months
2013-03,BUKIT MERAH,5 ROOM,25B,JLN MEMBINA,01 TO 03,110.0,Improved,2009,820000.0,94 Years 10 Months
2016-05,BUKIT MERAH,5 ROOM,11,CANTONMENT CL,04 TO 06,110.0,Improved,2002,820000.0,84 Years 8 Months
2015-04,BUKIT TIMAH,5 ROOM,17,TOH YI DR,10 TO 12,128.0,Improved,1988,820000.0,71 Years 9 Months
2015-05,BUKIT MERAH,5 ROOM,109,SPOTTISWOODE PK RD,10 TO 12,123.0,Standard,1979,820000.0,62 Years 8 Months
2016-05,BUKIT MERAH,4 ROOM,2A,BOON TIONG RD,22 TO 24,100.0,Model A,2001,820000.0,83 Years 8 Months
2012-04,BUKIT MERAH,5 ROOM,119D,KIM TIAN RD,26 TO 30,110.0,Improved,2002,820000.0,88 Years 9 Months
2015-03,HOUGANG,EXECUTIVE,522,HOUGANG AVE 6,10 TO 12,145.0,Maisonette,1987,820000.0,70 Years 10 Months
2015-03,HOUGANG,EXECUTIVE,221,HOUGANG ST 21,07 TO 09,148.0,Maisonette,1992,820000.0,75 Years 10 Months
2016-04,MARINE PARADE,5 ROOM,3,MARINE TER,16 TO 18,120.0,Standard,1975,820000.0,57 Years 9 Months
2015-03,SERANGOON,EXECUTIVE,236A,SERANGOON AVE 2,07 TO 09,141.0,Apartment,1998,820000.0,81 Years 10 Months
2016-05,KALLANG/WHAMPOA,5 ROOM,8,BOON KENG RD,13 TO 15,109.0,DBSS,2011,820000.0,93 Years 8 Months
2016-08,ANG MO KIO,5 ROOM,310B,ANG MO KIO AVE 1,07 TO 09,119.0,Improved,2012,820000.0,94 Years 5 Months
2016-06,BUKIT MERAH,5 ROOM,63A,LENGKOK BAHRU,19 TO 21,121.0,Improved,2001,820000.0,83 Years 7 Months
2014-03,QUEENSTOWN,5 ROOM,13,GHIM MOH RD,16 TO 18,125.0,Standard,1977,820000.0,61 Years 10 Months
2012-08,TOA PAYOH,5 ROOM,153,LOR 2 TOA PAYOH,04 TO 06,121.0,Improved,1999,820000.0,85 Years 5 Months
2012-08,SERANGOON,EXECUTIVE,236A,SERANGOON AVE 2,07 TO 09,140.0,Apartment,1998,820000.0,84 Years 5 Months
2016-09,KALLANG/WHAMPOA,5 ROOM,11,JLN BATU,07 TO 09,139.0,Improved,1986,820000.0,68 Years 3 Months
2012-08,MARINE PARADE,5 ROOM,1,MARINE TER,10 TO 12,122.0,Standard,1975,820000.0,61 Years 5 Months
2014-10,BUKIT MERAH,5 ROOM,14,JLN BT MERAH,07 TO 09,132.0,Model A,1996,820000.0,80 Years 3 Months
2016-10,ANG MO KIO,5 ROOM,588C,ANG MO KIO ST 52,16 TO 18,112.0,DBSS,2011,820000.0,93 Years 3 Months
2014-09,SERANGOON,EXECUTIVE,319,SERANGOON AVE 2,10 TO 12,146.0,Maisonette,1985,820000.0,69 Years 4 Months
2016-10,BUKIT MERAH,5 ROOM,73A,REDHILL RD,07 TO 09,115.0,Improved,2005,820000.0,87 Years 3 Months
2016-10,BUKIT MERAH,5 ROOM,75A,REDHILL RD,07 TO 09,115.0,Improved,2005,820000.0,87 Years 3 Months
2012-06,TOA PAYOH,EXECUTIVE,99C,LOR 2 TOA PAYOH,04 TO 06,148.0,Apartment,1993,820000.0,79 Years 7 Months
2016-11,BUKIT MERAH,5 ROOM,94,HAVELOCK RD,13 TO 15,118.0,Improved,1983,820000.0,65 Years 1 Months
2016-11,GEYLANG,EXECUTIVE,133,GEYLANG EAST AVE 1,16 TO 18,146.0,Maisonette,1987,820000.0,69 Years 1 Months
2014-08,KALLANG/WHAMPOA,5 ROOM,103,TOWNER RD,10 TO 12,144.0,Model A-Maisonette,1983,820000.0,67 Years 5 Months
2016-12,BISHAN,EXECUTIVE,257,BISHAN ST 22,01 TO 03,146.0,Maisonette,1992,820000.0,74 Years 0 Months
2016-12,BUKIT MERAH,4 ROOM,55,HAVELOCK RD,28 TO 30,94.0,Model A,2013,820000.0,95 Years 1 Months
2016-12,BUKIT MERAH,5 ROOM,44,LENGKOK BAHRU,01 TO 03,141.0,Model A-Maisonette,1984,820000.0,66 Years 0 Months
2014-06,TOA PAYOH,EXECUTIVE,132,POTONG PASIR AVE 1,01 TO 03,161.0,Maisonette,1984,820000.0,68 Years 7 Months
2016-12,KALLANG/WHAMPOA,EXECUTIVE,106,JLN RAJAH,01 TO 03,157.0,Maisonette,1984,820000.0,66 Years 0 Months
2012-04,QUEENSTOWN,5 ROOM,131,CLARENCE LANE,01 TO 05,121.0,Improved,1996,820000.0,82 Years 9 Months
2012-09,CLEMENTI,EXECUTIVE,206,CLEMENTI AVE 6,10 TO 12,147.0,Apartment,1985,820000.0,71 Years 4 Months
2014-11,QUEENSTOWN,5 ROOM,20,HOLLAND DR,07 TO 09,117.0,Standard,1975,820000.0,59 Years 1 Months
2015-02,CENTRAL AREA,4 ROOM,1E,CANTONMENT RD,13 TO 15,95.0,Type S1,2011,820000.0,94 Years 10 Months
2012-09,QUEENSTOWN,5 ROOM,52,STRATHMORE AVE,01 TO 03,110.0,Improved,2006,820000.0,92 Years 3 Months
2012-11,GEYLANG,5 ROOM,7,PINE CL,04 TO 06,114.0,Improved,2000,820000.0,86 Years 1 Months
2012-11,GEYLANG,5 ROOM,28,CASSIA CRES,13 TO 15,120.0,Improved,1998,820000.0,84 Years 1 Months
2016-07,BISHAN,EXECUTIVE,240,BISHAN ST 22,01 TO 03,146.0,Maisonette,1992,820000.0,74 Years 6 Months
2012-11,BUKIT MERAH,5 ROOM,6A,BOON TIONG RD,01 TO 03,115.0,Improved,2005,820000.0,91 Years 2 Months
2016-07,HOUGANG,EXECUTIVE,853,HOUGANG CTRL,10 TO 12,138.0,Apartment,1997,820000.0,79 Years 6 Months
2012-10,PASIR RIS,EXECUTIVE,534,PASIR RIS DR 1,07 TO 09,148.0,Maisonette,1992,820000.0,78 Years 2 Months
2015-01,BUKIT MERAH,5 ROOM,75C,REDHILL RD,04 TO 06,115.0,Improved,2007,820000.0,90 Years 11 Months
2012-10,GEYLANG,EXECUTIVE,842,SIMS AVE,04 TO 06,149.0,Maisonette,1985,820000.0,71 Years 3 Months
2015-01,BISHAN,5 ROOM,183,BISHAN ST 13,10 TO 12,121.0,Improved,1987,820000.0,70 Years 11 Months
2016-08,ANG MO KIO,EXECUTIVE,104A,ANG MO KIO ST 11,10 TO 12,146.0,Apartment,1996,820000.0,78 Years 4 Months
2015-01,ANG MO KIO,5 ROOM,700C,ANG MO KIO AVE 6,19 TO 21,111.0,Improved,2003,820000.0,86 Years 11 Months
2012-10,BISHAN,EXECUTIVE,257,BISHAN ST 22,10 TO 12,147.0,Maisonette,1992,820000.0,78 Years 2 Months
2014-01,MARINE PARADE,5 ROOM,1,MARINE TER,16 TO 18,117.0,Standard,1975,820000.0,59 Years 11 Months
2012-10,BISHAN,5 ROOM,290,BISHAN ST 24,25 TO 27,123.0,Premium Apartment,1998,820000.0,84 Years 3 Months
2012-10,BISHAN,5 ROOM,179,BISHAN ST 13,13 TO 15,121.0,Improved,1987,820000.0,73 Years 2 Months
2012-10,BEDOK,EXECUTIVE,629,BEDOK RESERVOIR RD,04 TO 06,172.0,Apartment,1993,820000.0,79 Years 3 Months
2016-08,BUKIT MERAH,5 ROOM,63B,LENGKOK BAHRU,07 TO 09,115.0,Improved,2001,820000.0,83 Years 5 Months
2014-12,BUKIT MERAH,5 ROOM,94,HAVELOCK RD,19 TO 21,118.0,Improved,1983,820000.0,67 Years 1 Months
2016-08,QUEENSTOWN,5 ROOM,49,STRATHMORE AVE,07 TO 09,110.0,Improved,2006,820000.0,88 Years 5 Months
2016-02,BUKIT MERAH,5 ROOM,120,KIM TIAN PL,13 TO 15,115.0,Improved,2001,820000.0,83 Years 11 Months
2014-07,GEYLANG,5 ROOM,11,PINE CL,10 TO 12,110.0,Improved,2000,820000.0,84 Years 6 Months
2013-08,BUKIT MERAH,5 ROOM,119D,KIM TIAN RD,16 TO 18,110.0,Improved,2002,820000.0,87 Years 5 Months
2013-09,BUKIT MERAH,4 ROOM,4B,BOON TIONG RD,19 TO 21,100.0,Model A,2005,820000.0,90 Years 4 Months
2013-04,BUKIT TIMAH,5 ROOM,9,TOH YI DR,13 TO 15,122.0,Improved,1989,820000.0,74 Years 9 Months
2015-12,TOA PAYOH,5 ROOM,143,LOR 2 TOA PAYOH,19 TO 21,110.0,Improved,2002,820000.0,85 Years 1 Months
2013-07,BUKIT MERAH,4 ROOM,4B,BOON TIONG RD,16 TO 18,100.0,Model A,2005,820000.0,90 Years 6 Months
2015-11,SERANGOON,EXECUTIVE,322,SERANGOON AVE 3,10 TO 12,146.0,Maisonette,1986,820000.0,69 Years 2 Months
2015-11,HOUGANG,EXECUTIVE,222,HOUGANG ST 21,07 TO 09,148.0,Maisonette,1992,820000.0,75 Years 1 Months
2015-10,BUKIT MERAH,5 ROOM,124A,BT MERAH VIEW,10 TO 12,128.0,Improved,1996,820000.0,79 Years 3 Months
2013-05,BUKIT MERAH,4 ROOM,75B,REDHILL RD,19 TO 21,100.0,Model A,2005,820000.0,90 Years 8 Months
2015-08,TOA PAYOH,5 ROOM,144,LOR 2 TOA PAYOH,22 TO 24,110.0,Improved,2002,820000.0,85 Years 5 Months
2013-04,HOUGANG,EXECUTIVE,852,HOUGANG CTRL,07 TO 09,137.0,Apartment,1997,820000.0,82 Years 9 Months
2015-06,BEDOK,EXECUTIVE,104,LENGKONG TIGA,04 TO 06,146.0,Maisonette,1989,820000.0,72 Years 7 Months
2015-08,ANG MO KIO,EXECUTIVE,540,ANG MO KIO AVE 10,04 TO 06,163.0,Adjoined flat,1981,820000.0,64 Years 5 Months
2013-09,GEYLANG,5 ROOM,62,DAKOTA CRES,07 TO 09,139.0,Model A-Maisonette,1984,820000.0,69 Years 3 Months
2016-01,QUEENSTOWN,5 ROOM,91,TANGLIN HALT RD,07 TO 09,110.0,Improved,2008,820000.0,90 Years 11 Months
2016-01,QUEENSTOWN,5 ROOM,56,STRATHMORE AVE,10 TO 12,110.0,Improved,2002,820000.0,85 Years 0 Months
2015-06,BUKIT MERAH,5 ROOM,118B,JLN MEMBINA,16 TO 18,110.0,Improved,2003,820000.0,86 Years 7 Months
2013-09,BUKIT MERAH,5 ROOM,4B,BOON TIONG RD,01 TO 03,115.0,Improved,2005,820000.0,90 Years 4 Months
2013-09,BUKIT MERAH,5 ROOM,109,SPOTTISWOODE PK RD,22 TO 24,121.0,Standard,1979,820000.0,64 Years 3 Months
2013-05,TAMPINES,EXECUTIVE,149,TAMPINES ST 12,07 TO 09,148.0,Apartment,1984,820000.0,69 Years 8 Months
2015-06,HOUGANG,EXECUTIVE,522,HOUGANG AVE 6,10 TO 12,145.0,Maisonette,1987,820000.0,70 Years 7 Months
2013-06,BISHAN,5 ROOM,292,BISHAN ST 22,10 TO 12,123.0,Premium Apartment,1998,820000.0,83 Years 7 Months
2015-08,QUEENSTOWN,4 ROOM,91,TANGLIN HALT RD,31 TO 33,90.0,Model A,2008,820000.0,91 Years 5 Months
2013-06,BUKIT TIMAH,5 ROOM,4,TOH YI DR,07 TO 09,128.0,Improved,1988,820000.0,73 Years 7 Months
2015-12,BUKIT TIMAH,5 ROOM,17,TOH YI DR,10 TO 12,122.0,Improved,1988,820000.0,71 Years 1 Months
2013-04,TOA PAYOH,5 ROOM,60,LOR 4 TOA PAYOH,10 TO 12,120.0,Improved,1999,820000.0,84 Years 9 Months
2015-12,BUKIT MERAH,4 ROOM,76A,REDHILL RD,19 TO 21,100.0,Model A,2005,820000.0,88 Years 1 Months
2013-04,TOA PAYOH,5 ROOM,81B,LOR 4 TOA PAYOH,13 TO 15,122.0,Improved,1997,820000.0,82 Years 9 Months
2013-11,WOODLANDS,EXECUTIVE,805,WOODLANDS ST 81,07 TO 09,189.0,Apartment,1994,819000.0,79 Years 1 Months
2014-11,KALLANG/WHAMPOA,5 ROOM,3A,UPP BOON KENG RD,25 TO 27,110.0,Improved,2006,818888.0,90 Years 2 Months
2016-04,SERANGOON,EXECUTIVE,319,SERANGOON AVE 2,04 TO 06,146.0,Maisonette,1985,818000.0,67 Years 9 Months
2012-05,SERANGOON,EXECUTIVE,424,SERANGOON CTRL,06 TO 10,149.0,Maisonette,1989,818000.0,75 Years 8 Months
2014-06,BEDOK,EXECUTIVE,104,LENGKONG TIGA,04 TO 06,146.0,Maisonette,1989,818000.0,73 Years 7 Months
2016-12,BISHAN,4 ROOM,273B,BISHAN ST 24,37 TO 39,95.0,DBSS,2011,818000.0,93 Years 1 Months
2014-01,QUEENSTOWN,5 ROOM,14,GHIM MOH RD,25 TO 27,117.0,Standard,1977,818000.0,61 Years 11 Months
2016-05,TAMPINES,MULTI-GENERATION,460,TAMPINES ST 42,07 TO 09,166.0,Multi Generation,1987,818000.0,69 Years 8 Months
2012-12,MARINE PARADE,5 ROOM,71,MARINE DR,10 TO 12,126.0,Standard,1977,818000.0,63 Years 1 Months
2016-11,YISHUN,EXECUTIVE,652,YISHUN AVE 4,10 TO 12,181.0,Apartment,1992,818000.0,74 Years 1 Months
2015-09,CENTRAL AREA,4 ROOM,1C,CANTONMENT RD,13 TO 15,94.0,Type S1,2011,818000.0,94 Years 4 Months
2012-03,KALLANG/WHAMPOA,5 ROOM,816,JELLICOE RD,16 TO 20,110.0,Improved,2003,818000.0,89 Years 10 Months
2014-10,ANG MO KIO,EXECUTIVE,616,ANG MO KIO AVE 4,07 TO 09,149.0,Apartment,1996,818000.0,80 Years 3 Months
2016-11,BISHAN,EXECUTIVE,452,SIN MING AVE,01 TO 03,150.0,Maisonette,1989,818000.0,71 Years 1 Months
2016-05,BUKIT MERAH,4 ROOM,4B,BOON TIONG RD,19 TO 21,100.0,Model A,2005,818000.0,87 Years 8 Months
2013-01,HOUGANG,EXECUTIVE,235,HOUGANG ST 21,01 TO 03,146.0,Apartment,1984,818000.0,69 Years 11 Months
2015-05,GEYLANG,5 ROOM,60,DAKOTA CRES,01 TO 03,140.0,Model A-Maisonette,1983,818000.0,66 Years 8 Months
2015-04,CENTRAL AREA,4 ROOM,1D,CANTONMENT RD,04 TO 06,93.0,Type S1,2011,818000.0,94 Years 9 Months
2012-06,MARINE PARADE,5 ROOM,43,MARINE CRES,22 TO 24,120.0,Standard,1975,818000.0,61 Years 7 Months
2013-08,BISHAN,5 ROOM,203,BISHAN ST 23,07 TO 09,132.0,Model A,1992,818000.0,77 Years 5 Months
2013-11,ANG MO KIO,EXECUTIVE,615,ANG MO KIO AVE 4,13 TO 15,149.0,Apartment,1996,818000.0,81 Years 1 Months
2012-10,KALLANG/WHAMPOA,EXECUTIVE,105,JLN RAJAH,04 TO 06,154.0,Maisonette,1984,818000.0,70 Years 2 Months
2013-01,QUEENSTOWN,5 ROOM,131,CLARENCE LANE,04 TO 06,122.0,Improved,1996,818000.0,81 Years 11 Months
2013-12,QUEENSTOWN,5 ROOM,18,DOVER CRES,25 TO 27,111.0,Improved,2003,818000.0,88 Years 1 Months
2015-01,CENTRAL AREA,4 ROOM,1A,CANTONMENT RD,19 TO 21,95.0,Type S1,2011,818000.0,94 Years 11 Months
2016-07,KALLANG/WHAMPOA,4 ROOM,7,BOON KENG RD,31 TO 33,94.0,DBSS,2011,818000.0,93 Years 6 Months
2014-02,BISHAN,EXECUTIVE,261,BISHAN ST 22,04 TO 06,147.0,Maisonette,1992,818000.0,76 Years 10 Months
2014-04,ANG MO KIO,5 ROOM,596D,ANG MO KIO ST 52,22 TO 24,110.0,Improved,2003,818000.0,87 Years 9 Months
2014-04,JURONG EAST,EXECUTIVE,285A,TOH GUAN RD,10 TO 12,143.0,Apartment,1998,818000.0,82 Years 9 Months
2016-09,BUKIT MERAH,4 ROOM,57,HAVELOCK RD,34 TO 36,89.0,Model A,2013,818000.0,95 Years 4 Months
2016-02,BUKIT MERAH,5 ROOM,119B,KIM TIAN RD,25 TO 27,110.0,Improved,2002,818000.0,84 Years 10 Months
2015-10,ANG MO KIO,5 ROOM,700C,ANG MO KIO AVE 6,10 TO 12,111.0,Improved,2003,818000.0,86 Years 3 Months
2015-05,BUKIT TIMAH,5 ROOM,13,TOH YI DR,10 TO 12,128.0,Improved,1988,818000.0,71 Years 8 Months
2013-06,TAMPINES,EXECUTIVE,483,TAMPINES ST 43,01 TO 03,165.0,Apartment,1993,818000.0,78 Years 7 Months
2014-12,BUKIT TIMAH,5 ROOM,4,TOH YI DR,13 TO 15,122.0,Improved,1988,818000.0,72 Years 1 Months
2012-09,MARINE PARADE,5 ROOM,71,MARINE DR,10 TO 12,126.0,Standard,1977,818000.0,63 Years 3 Months
2014-03,BUKIT MERAH,5 ROOM,11,CANTONMENT CL,19 TO 21,110.0,Improved,2002,818000.0,86 Years 10 Months
2015-10,BUKIT TIMAH,5 ROOM,13,TOH YI DR,13 TO 15,122.0,Improved,1988,818000.0,71 Years 3 Months
2014-03,JURONG EAST,EXECUTIVE,285C,TOH GUAN RD,07 TO 09,145.0,Maisonette,1998,818000.0,82 Years 10 Months
2012-08,BUKIT MERAH,5 ROOM,74A,REDHILL RD,04 TO 06,115.0,Improved,2005,817000.0,91 Years 5 Months
2016-07,HOUGANG,EXECUTIVE,852,HOUGANG CTRL,10 TO 12,135.0,Apartment,1997,817000.0,79 Years 6 Months
2012-04,GEYLANG,5 ROOM,5,PINE CL,16 TO 20,111.0,Improved,2000,816000.0,86 Years 9 Months
2015-03,BUKIT MERAH,5 ROOM,115,BT PURMEI RD,13 TO 15,157.0,Model A,1985,816000.0,68 Years 10 Months
2013-02,QUEENSTOWN,5 ROOM,59,STRATHMORE AVE,07 TO 09,110.0,Improved,2000,816000.0,85 Years 10 Months
2016-11,BISHAN,4 ROOM,273A,BISHAN ST 24,34 TO 36,95.0,DBSS,2011,815800.0,93 Years 1 Months
2013-04,PASIR RIS,EXECUTIVE,531,PASIR RIS DR 1,04 TO 06,148.0,Maisonette,1992,815000.0,77 Years 9 Months
2015-05,QUEENSTOWN,5 ROOM,13,GHIM MOH RD,22 TO 24,120.0,Standard,1977,815000.0,60 Years 8 Months
2015-11,QUEENSTOWN,4 ROOM,44,STIRLING RD,01 TO 03,99.0,Terrace,1968,815000.0,51 Years 1 Months
2013-01,HOUGANG,EXECUTIVE,834,HOUGANG CTRL,04 TO 06,153.0,Maisonette,1992,815000.0,77 Years 11 Months
2015-05,JURONG EAST,EXECUTIVE,287B,JURONG EAST ST 21,16 TO 18,140.0,Apartment,1998,815000.0,81 Years 8 Months
2016-12,QUEENSTOWN,5 ROOM,12,DOVER CL EAST,10 TO 12,119.0,Standard,1978,815000.0,60 Years 1 Months
2014-07,SERANGOON,EXECUTIVE,232A,SERANGOON AVE 2,07 TO 09,141.0,Apartment,1998,815000.0,82 Years 6 Months
2014-02,BISHAN,EXECUTIVE,231,BISHAN ST 23,10 TO 12,146.0,Maisonette,1992,815000.0,76 Years 10 Months
2014-09,BEDOK,EXECUTIVE,108,LENGKONG TIGA,01 TO 03,146.0,Maisonette,1989,815000.0,73 Years 4 Months
2016-09,KALLANG/WHAMPOA,5 ROOM,816,JELLICOE RD,13 TO 15,110.0,Improved,2003,815000.0,85 Years 3 Months
2012-09,QUEENSTOWN,5 ROOM,132,CLARENCE LANE,04 TO 06,121.0,Improved,1996,815000.0,82 Years 3 Months
2015-09,QUEENSTOWN,5 ROOM,19,DOVER CRES,22 TO 24,111.0,Improved,2003,815000.0,86 Years 4 Months
2013-04,QUEENSTOWN,3 ROOM,56,STIRLING RD,01 TO 03,108.0,Terrace,1968,815000.0,53 Years 9 Months
2013-04,WOODLANDS,EXECUTIVE,832,WOODLANDS ST 83,07 TO 09,192.0,Apartment,1994,815000.0,79 Years 9 Months
2012-07,KALLANG/WHAMPOA,5 ROOM,815,JELLICOE RD,16 TO 18,110.0,Improved,2003,815000.0,89 Years 6 Months
2012-04,CLEMENTI,EXECUTIVE,111,CLEMENTI ST 13,06 TO 10,147.0,Maisonette,1985,815000.0,71 Years 9 Months
2013-10,JURONG EAST,EXECUTIVE,285A,TOH GUAN RD,13 TO 15,144.0,Apartment,1998,815000.0,83 Years 3 Months
2014-08,BUKIT MERAH,5 ROOM,109,SPOTTISWOODE PK RD,19 TO 21,121.0,Standard,1979,815000.0,63 Years 5 Months
2016-09,SERANGOON,EXECUTIVE,321,SERANGOON AVE 2,04 TO 06,146.0,Maisonette,1986,815000.0,68 Years 3 Months
2015-07,QUEENSTOWN,5 ROOM,3,HOLLAND CL,04 TO 06,124.0,Improved,1998,815000.0,81 Years 6 Months
2014-07,JURONG EAST,EXECUTIVE,287A,JURONG EAST ST 21,13 TO 15,144.0,Apartment,1998,815000.0,82 Years 6 Months
2015-12,JURONG EAST,EXECUTIVE,287A,JURONG EAST ST 21,19 TO 21,140.0,Apartment,1998,815000.0,81 Years 1 Months
2016-11,ANG MO KIO,EXECUTIVE,614,ANG MO KIO AVE 4,07 TO 09,149.0,Apartment,1996,815000.0,78 Years 1 Months
2012-11,KALLANG/WHAMPOA,5 ROOM,106,TOWNER RD,10 TO 12,140.0,Model A-Maisonette,1983,815000.0,69 Years 1 Months
2014-06,TOA PAYOH,5 ROOM,146,LOR 2 TOA PAYOH,10 TO 12,110.0,Improved,2006,815000.0,90 Years 7 Months
2013-07,JURONG EAST,EXECUTIVE,286C,TOH GUAN RD,13 TO 15,144.0,Apartment,1998,815000.0,83 Years 6 Months
2016-05,WOODLANDS,EXECUTIVE,807,WOODLANDS ST 81,07 TO 09,192.0,Apartment,1994,815000.0,76 Years 8 Months
2012-08,BUKIT MERAH,5 ROOM,73A,REDHILL RD,07 TO 09,115.0,Improved,2005,815000.0,91 Years 5 Months
2012-06,BUKIT MERAH,5 ROOM,75C,REDHILL RD,19 TO 21,115.0,Improved,2007,815000.0,93 Years 7 Months
2015-09,GEYLANG,5 ROOM,56,CASSIA CRES,13 TO 15,120.0,Improved,1998,815000.0,81 Years 4 Months
2013-04,WOODLANDS,EXECUTIVE,834,WOODLANDS ST 83,10 TO 12,189.0,Apartment,1994,815000.0,79 Years 9 Months
2012-10,BUKIT MERAH,4 ROOM,75C,REDHILL RD,13 TO 15,100.0,Model A,2007,815000.0,93 Years 3 Months
2012-08,ANG MO KIO,EXECUTIVE,614,ANG MO KIO AVE 4,04 TO 06,156.0,Apartment,1996,815000.0,82 Years 4 Months
2014-08,MARINE PARADE,5 ROOM,78,MARINE DR,13 TO 15,120.0,Standard,1977,814000.0,61 Years 5 Months
2016-02,QUEENSTOWN,5 ROOM,19,DOVER CRES,19 TO 21,111.0,Improved,2003,814000.0,85 Years 10 Months
2016-06,TOA PAYOH,5 ROOM,147,LOR 2 TOA PAYOH,16 TO 18,110.0,Improved,2006,813888.0,88 Years 7 Months
2016-05,JURONG EAST,EXECUTIVE,287C,JURONG EAST ST 21,13 TO 15,144.0,Apartment,1998,813000.0,80 Years 8 Months
2012-05,BISHAN,EXECUTIVE,169,BISHAN ST 13,01 TO 05,152.0,Maisonette,1986,813000.0,72 Years 8 Months
2016-08,GEYLANG,5 ROOM,47,JLN TIGA,07 TO 09,110.0,Improved,2005,813000.0,87 Years 5 Months
2015-10,MARINE PARADE,5 ROOM,14,MARINE TER,19 TO 21,120.0,Standard,1975,813000.0,58 Years 3 Months
2013-05,QUEENSTOWN,4 ROOM,91,TANGLIN HALT RD,31 TO 33,90.0,Model A,2008,813000.0,93 Years 8 Months
2013-02,ANG MO KIO,EXECUTIVE,615,ANG MO KIO AVE 4,07 TO 09,152.0,Apartment,1996,813000.0,81 Years 10 Months
2013-06,MARINE PARADE,5 ROOM,27,MARINE CRES,04 TO 06,128.0,Standard,1975,812888.0,60 Years 7 Months
2013-12,CLEMENTI,5 ROOM,114,CLEMENTI ST 13,01 TO 03,142.0,Model A-Maisonette,1984,812800.0,69 Years 0 Months
2016-11,QUEENSTOWN,5 ROOM,58,STRATHMORE AVE,22 TO 24,110.0,Improved,2000,812000.0,82 Years 1 Months
2016-08,TAMPINES,EXECUTIVE,856D,TAMPINES ST 82,07 TO 09,154.0,Maisonette,1995,812000.0,77 Years 5 Months
2012-03,QUEENSTOWN,5 ROOM,48,STRATHMORE AVE,26 TO 30,110.0,Improved,2006,812000.0,92 Years 10 Months
2015-05,JURONG EAST,EXECUTIVE,287A,JURONG EAST ST 21,19 TO 21,140.0,Apartment,1998,812000.0,81 Years 8 Months
2015-12,KALLANG/WHAMPOA,5 ROOM,5,BOON KENG RD,10 TO 12,122.0,Improved,1996,812000.0,79 Years 1 Months
2012-11,KALLANG/WHAMPOA,3 ROOM,56,JLN MA'MOR,01 TO 03,78.0,Terrace,1972,812000.0,58 Years 1 Months
2015-04,BISHAN,EXECUTIVE,257,BISHAN ST 22,07 TO 09,146.0,Maisonette,1992,812000.0,75 Years 9 Months
2016-09,BEDOK,5 ROOM,219B,BEDOK CTRL,13 TO 15,112.0,Improved,2010,812000.0,92 Years 3 Months
2016-08,KALLANG/WHAMPOA,EXECUTIVE,105,JLN RAJAH,04 TO 06,150.0,Maisonette,1984,811000.0,66 Years 4 Months
2012-06,SERANGOON,EXECUTIVE,234A,SERANGOON AVE 2,16 TO 18,140.0,Apartment,1998,811000.0,84 Years 7 Months
2013-08,TOA PAYOH,5 ROOM,122,LOR 2 TOA PAYOH,13 TO 15,120.0,Improved,1999,810888.0,84 Years 5 Months
2015-02,ANG MO KIO,5 ROOM,700A,ANG MO KIO AVE 6,10 TO 12,111.0,Improved,2003,810888.0,86 Years 10 Months
2012-11,GEYLANG,EXECUTIVE,133,GEYLANG EAST AVE 1,04 TO 06,144.0,Apartment,1987,810500.0,73 Years 1 Months
2014-05,BISHAN,EXECUTIVE,301,SHUNFU RD,01 TO 03,150.0,Maisonette,1985,810000.0,69 Years 8 Months
2012-07,KALLANG/WHAMPOA,5 ROOM,2,BEACH RD,16 TO 18,148.0,Adjoined flat,1979,810000.0,65 Years 6 Months
2012-07,KALLANG/WHAMPOA,3 ROOM,61,JLN TENTERAM,01 TO 03,94.0,Terrace,1972,810000.0,58 Years 6 Months
2014-09,MARINE PARADE,5 ROOM,27,MARINE CRES,07 TO 09,126.0,Standard,1975,810000.0,59 Years 3 Months
2016-06,KALLANG/WHAMPOA,EXECUTIVE,106,JLN RAJAH,04 TO 06,160.0,Maisonette,1984,810000.0,66 Years 6 Months
2014-05,SERANGOON,EXECUTIVE,321,SERANGOON AVE 2,01 TO 03,147.0,Apartment,1986,810000.0,70 Years 8 Months
2014-04,SERANGOON,EXECUTIVE,423,SERANGOON CTRL,04 TO 06,146.0,Maisonette,1989,810000.0,73 Years 9 Months
2013-05,BISHAN,EXECUTIVE,257,BISHAN ST 22,01 TO 03,144.0,Apartment,1992,810000.0,77 Years 8 Months
2013-12,MARINE PARADE,5 ROOM,43,MARINE CRES,16 TO 18,122.0,Standard,1975,810000.0,60 Years 1 Months
2012-07,BUKIT MERAH,5 ROOM,119B,KIM TIAN RD,22 TO 24,110.0,Improved,2002,810000.0,88 Years 6 Months
2016-09,KALLANG/WHAMPOA,4 ROOM,9,BOON KENG RD,25 TO 27,94.0,DBSS,2011,810000.0,93 Years 3 Months
2016-06,GEYLANG,5 ROOM,7,PINE CL,13 TO 15,111.0,Improved,2000,810000.0,82 Years 7 Months
2016-08,BUKIT MERAH,5 ROOM,88,TELOK BLANGAH HTS,19 TO 21,110.0,Improved,2003,810000.0,85 Years 5 Months
2013-08,BUKIT MERAH,4 ROOM,76A,REDHILL RD,22 TO 24,100.0,Model A,2005,810000.0,90 Years 5 Months
2014-09,TOA PAYOH,5 ROOM,97,LOR 3 TOA PAYOH,16 TO 18,122.0,Improved,1993,810000.0,77 Years 4 Months
2013-05,SERANGOON,5 ROOM,409,SERANGOON CTRL,07 TO 09,123.0,Improved,1989,810000.0,74 Years 8 Months
2014-09,KALLANG/WHAMPOA,5 ROOM,13,UPP BOON KENG RD,19 TO 21,123.0,Improved,1999,810000.0,83 Years 4 Months
2014-05,QUEENSTOWN,4 ROOM,18A,HOLLAND DR,37 TO 39,92.0,Model A,2012,810000.0,96 Years 8 Months
2015-02,CENTRAL AREA,4 ROOM,1F,CANTONMENT RD,19 TO 21,96.0,Type S1,2011,810000.0,94 Years 10 Months
2014-04,BUKIT MERAH,5 ROOM,85,TELOK BLANGAH HTS,16 TO 18,110.0,Improved,2003,810000.0,87 Years 9 Months
2016-10,BISHAN,4 ROOM,273A,BISHAN ST 24,31 TO 33,95.0,DBSS,2011,810000.0,93 Years 3 Months
2012-12,BISHAN,MULTI-GENERATION,148,BISHAN ST 11,04 TO 06,134.0,Multi Generation,1987,810000.0,73 Years 0 Months
2014-04,BUKIT MERAH,5 ROOM,120A,KIM TIAN PL,07 TO 09,115.0,Improved,2001,810000.0,85 Years 9 Months
2016-09,BISHAN,4 ROOM,273A,BISHAN ST 24,34 TO 36,95.0,DBSS,2011,810000.0,93 Years 3 Months
2013-05,BUKIT MERAH,5 ROOM,87,TELOK BLANGAH HTS,28 TO 30,110.0,Improved,2003,810000.0,88 Years 8 Months
2012-04,CLEMENTI,EXECUTIVE,201,CLEMENTI AVE 6,11 TO 15,149.0,Apartment,1985,810000.0,71 Years 9 Months
2016-08,TOA PAYOH,5 ROOM,81A,LOR 4 TOA PAYOH,16 TO 18,122.0,Improved,1997,810000.0,79 Years 5 Months
2014-10,KALLANG/WHAMPOA,3 ROOM,43,JLN BAHAGIA,01 TO 03,100.0,Terrace,1972,810000.0,56 Years 3 Months
2012-09,JURONG EAST,EXECUTIVE,286B,TOH GUAN RD,19 TO 21,140.0,Apartment,1998,810000.0,84 Years 3 Months
2014-10,KALLANG/WHAMPOA,5 ROOM,108B,MCNAIR RD,28 TO 30,119.0,Improved,2004,810000.0,88 Years 3 Months
2012-09,MARINE PARADE,5 ROOM,29,MARINE CRES,10 TO 12,120.0,Standard,1975,810000.0,61 Years 3 Months
2012-10,BUKIT MERAH,4 ROOM,75A,REDHILL RD,28 TO 30,100.0,Model A,2005,810000.0,91 Years 3 Months
2014-01,GEYLANG,5 ROOM,28,CASSIA CRES,07 TO 09,120.0,Improved,1998,810000.0,82 Years 11 Months
2013-10,BUKIT MERAH,4 ROOM,76A,REDHILL RD,22 TO 24,100.0,Model A,2005,810000.0,90 Years 3 Months
2016-05,TOA PAYOH,EXECUTIVE,236,LOR 1 TOA PAYOH,01 TO 03,151.0,Maisonette,1986,810000.0,68 Years 8 Months
2013-09,GEYLANG,5 ROOM,7,PINE CL,04 TO 06,113.0,Improved,2000,810000.0,85 Years 3 Months
2014-08,QUEENSTOWN,4 ROOM,89,TANGLIN HALT RD,40 TO 42,90.0,Model A,2008,810000.0,92 Years 5 Months
2013-07,HOUGANG,EXECUTIVE,237,HOUGANG ST 21,01 TO 03,142.0,Apartment,1984,810000.0,69 Years 6 Months
2016-04,TOA PAYOH,5 ROOM,122,LOR 2 TOA PAYOH,07 TO 09,124.0,Improved,1999,810000.0,81 Years 9 Months
2016-04,BISHAN,5 ROOM,156,BISHAN ST 13,19 TO 21,121.0,Improved,1988,810000.0,70 Years 9 Months
2015-03,QUEENSTOWN,5 ROOM,17,DOVER CRES,28 TO 30,111.0,Improved,2003,810000.0,86 Years 10 Months
2016-02,ANG MO KIO,EXECUTIVE,104A,ANG MO KIO ST 11,01 TO 03,146.0,Maisonette,1996,810000.0,78 Years 10 Months
2016-04,BISHAN,5 ROOM,249,BISHAN ST 22,10 TO 12,132.0,Model A,1992,810000.0,74 Years 9 Months
2013-04,QUEENSTOWN,5 ROOM,146,MEI LING ST,04 TO 06,132.0,Model A,1995,810000.0,80 Years 9 Months
2013-07,BUKIT MERAH,5 ROOM,87,ZION RD,13 TO 15,117.0,Improved,1974,810000.0,59 Years 6 Months
2013-02,BUKIT MERAH,4 ROOM,6B,BOON TIONG RD,16 TO 18,100.0,Model A,2005,810000.0,90 Years 10 Months
2012-05,KALLANG/WHAMPOA,5 ROOM,816,JELLICOE RD,21 TO 25,110.0,Improved,2003,810000.0,89 Years 8 Months
2012-05,BUKIT MERAH,5 ROOM,70,REDHILL CL,26 TO 30,115.0,Improved,2001,810000.0,87 Years 8 Months
2012-06,KALLANG/WHAMPOA,3 ROOM,63,JLN MA'MOR,01 TO 03,108.0,Terrace,1972,810000.0,58 Years 6 Months
2012-05,QUEENSTOWN,5 ROOM,56,STRATHMORE AVE,16 TO 20,110.0,Improved,2002,810000.0,88 Years 8 Months
2016-05,BUKIT MERAH,4 ROOM,127D,KIM TIAN RD,37 TO 39,93.0,Model A,2013,810000.0,95 Years 8 Months
2013-01,BUKIT MERAH,4 ROOM,26D,JLN MEMBINA,25 TO 27,90.0,Model A,2009,810000.0,94 Years 11 Months
2013-10,BISHAN,5 ROOM,289,BISHAN ST 24,16 TO 18,121.0,Premium Apartment,1998,810000.0,83 Years 3 Months
2013-07,WOODLANDS,EXECUTIVE,832,WOODLANDS ST 83,04 TO 06,189.0,Apartment,1994,810000.0,79 Years 6 Months
2015-03,BEDOK,EXECUTIVE,105,LENGKONG TIGA,01 TO 03,148.0,Maisonette,1989,810000.0,72 Years 10 Months
2015-05,YISHUN,EXECUTIVE,652,YISHUN AVE 4,07 TO 09,169.0,Apartment,1992,810000.0,75 Years 8 Months
2015-05,BEDOK,EXECUTIVE,104,LENGKONG TIGA,04 TO 06,146.0,Maisonette,1989,810000.0,72 Years 8 Months
2012-06,BUKIT MERAH,5 ROOM,75A,REDHILL RD,04 TO 06,115.0,Improved,2005,810000.0,91 Years 7 Months
2012-04,BUKIT MERAH,5 ROOM,75A,REDHILL RD,01 TO 05,115.0,Improved,2005,810000.0,91 Years 9 Months
2014-06,BISHAN,5 ROOM,221,BISHAN ST 23,01 TO 03,121.0,Improved,1992,810000.0,76 Years 7 Months
2015-08,CENTRAL AREA,4 ROOM,1G,CANTONMENT RD,19 TO 21,93.0,Type S1,2011,810000.0,94 Years 5 Months
2015-12,TOA PAYOH,5 ROOM,84,LOR 2 TOA PAYOH,07 TO 09,124.0,Improved,1997,810000.0,80 Years 1 Months
2013-01,QUEENSTOWN,4 ROOM,91,TANGLIN HALT RD,28 TO 30,90.0,Model A,2008,810000.0,93 Years 11 Months
2012-12,BUKIT MERAH,5 ROOM,8,KIM TIAN PL,01 TO 03,131.0,Model A,1984,810000.0,70 Years 0 Months
2015-03,ANG MO KIO,5 ROOM,259,ANG MO KIO AVE 2,13 TO 15,135.0,Model A,1982,810000.0,65 Years 10 Months
2015-02,QUEENSTOWN,5 ROOM,8,GHIM MOH RD,19 TO 21,119.0,Standard,1977,808668.0,60 Years 10 Months
2012-04,TAMPINES,EXECUTIVE,146,TAMPINES AVE 5,06 TO 10,150.0,Maisonette,1985,808080.0,71 Years 9 Months
2015-12,TOA PAYOH,5 ROOM,142,POTONG PASIR AVE 3,16 TO 18,144.0,Model A-Maisonette,1984,808000.0,67 Years 1 Months
2013-04,ANG MO KIO,5 ROOM,259,ANG MO KIO AVE 2,04 TO 06,135.0,Model A,1982,808000.0,67 Years 9 Months
2016-08,BISHAN,EXECUTIVE,257,BISHAN ST 22,04 TO 06,147.0,Maisonette,1992,808000.0,74 Years 4 Months
2013-02,BUKIT MERAH,5 ROOM,119C,KIM TIAN RD,19 TO 21,110.0,Improved,2003,808000.0,88 Years 10 Months
2016-06,CENTRAL AREA,4 ROOM,1E,CANTONMENT RD,07 TO 09,95.0,Type S1,2011,808000.0,93 Years 7 Months
2012-11,BEDOK,5 ROOM,9,BEDOK STH AVE 2,22 TO 24,124.0,Improved,1993,808000.0,79 Years 1 Months
2016-08,BISHAN,5 ROOM,179,BISHAN ST 13,10 TO 12,121.0,Improved,1987,808000.0,69 Years 5 Months
2014-01,KALLANG/WHAMPOA,EXECUTIVE,105,JLN RAJAH,07 TO 09,148.0,Maisonette,1984,808000.0,68 Years 11 Months
2016-04,BUKIT TIMAH,5 ROOM,12,TOH YI DR,10 TO 12,128.0,Improved,1989,808000.0,71 Years 9 Months
2016-04,KALLANG/WHAMPOA,4 ROOM,7,BOON KENG RD,22 TO 24,94.0,DBSS,2011,808000.0,93 Years 9 Months
2014-05,BUKIT MERAH,5 ROOM,110,SPOTTISWOODE PK RD,19 TO 21,123.0,Standard,1979,808000.0,63 Years 8 Months
2013-07,BUKIT MERAH,5 ROOM,63A,LENGKOK BAHRU,10 TO 12,115.0,Improved,2001,808000.0,86 Years 6 Months
2013-05,ANG MO KIO,EXECUTIVE,178,ANG MO KIO AVE 4,07 TO 09,163.0,Adjoined flat,1981,808000.0,66 Years 8 Months
2014-04,TOA PAYOH,5 ROOM,10B,LOR 7 TOA PAYOH,25 TO 27,120.0,Improved,1998,808000.0,82 Years 9 Months
2012-09,TOA PAYOH,5 ROOM,84A,LOR 2 TOA PAYOH,07 TO 09,121.0,Improved,1997,808000.0,83 Years 4 Months
2015-08,BUKIT MERAH,5 ROOM,69,REDHILL CL,10 TO 12,115.0,Improved,2001,808000.0,84 Years 5 Months
2016-06,BUKIT MERAH,5 ROOM,74A,REDHILL RD,04 TO 06,115.0,Improved,2005,808000.0,87 Years 7 Months
2015-08,BUKIT MERAH,5 ROOM,126,BT MERAH VIEW,13 TO 15,128.0,Improved,1996,808000.0,79 Years 5 Months
2012-09,TOA PAYOH,5 ROOM,147,LOR 2 TOA PAYOH,28 TO 30,110.0,Improved,2006,808000.0,92 Years 3 Months
2016-11,BEDOK,5 ROOM,220C,BEDOK CTRL,07 TO 09,112.0,Improved,2010,808000.0,92 Years 1 Months
2014-12,ANG MO KIO,5 ROOM,700B,ANG MO KIO AVE 6,16 TO 18,111.0,Improved,2003,808000.0,87 Years 1 Months
2016-09,BUKIT MERAH,5 ROOM,119C,KIM TIAN RD,16 TO 18,110.0,Improved,2003,808000.0,85 Years 3 Months
2016-07,BISHAN,EXECUTIVE,159,BISHAN ST 13,01 TO 03,144.0,Maisonette,1988,808000.0,70 Years 6 Months
2012-05,BUKIT MERAH,5 ROOM,77A,REDHILL RD,06 TO 10,115.0,Improved,2005,808000.0,91 Years 8 Months
2013-12,BUKIT TIMAH,5 ROOM,4,TOH YI DR,07 TO 09,127.0,Improved,1988,808000.0,73 Years 0 Months
2015-04,CENTRAL AREA,4 ROOM,1E,CANTONMENT RD,13 TO 15,95.0,Type S1,2011,808000.0,94 Years 9 Months
2012-05,BISHAN,EXECUTIVE,187,BISHAN ST 13,06 TO 10,146.0,Maisonette,1987,807000.0,73 Years 8 Months
2013-08,BISHAN,EXECUTIVE,245,BISHAN ST 22,13 TO 15,154.0,Maisonette,1992,807000.0,77 Years 5 Months
2014-05,KALLANG/WHAMPOA,5 ROOM,2C,UPP BOON KENG RD,01 TO 03,110.0,Improved,2006,806000.0,90 Years 8 Months
2012-08,BISHAN,EXECUTIVE,174,BISHAN ST 13,01 TO 03,152.0,Maisonette,1986,806000.0,72 Years 5 Months
2013-02,BUKIT MERAH,4 ROOM,76A,REDHILL RD,19 TO 21,100.0,Model A,2005,805000.0,90 Years 10 Months
2016-09,QUEENSTOWN,4 ROOM,27,GHIM MOH LINK,37 TO 39,92.0,Model A,2013,805000.0,95 Years 4 Months
2014-02,MARINE PARADE,5 ROOM,28,MARINE CRES,16 TO 18,126.0,Standard,1975,805000.0,59 Years 10 Months
2013-07,TOA PAYOH,5 ROOM,121,POTONG PASIR AVE 1,01 TO 03,143.0,Model A,1984,805000.0,69 Years 6 Months
2016-08,CLEMENTI,4 ROOM,421,CLEMENTI AVE 1,34 TO 36,96.0,Model A,2013,805000.0,95 Years 5 Months
2016-09,QUEENSTOWN,4 ROOM,61A,STRATHMORE AVE,25 TO 27,98.0,Model A,2011,805000.0,93 Years 3 Months
2015-04,MARINE PARADE,5 ROOM,43,MARINE CRES,13 TO 15,120.0,Standard,1975,805000.0,58 Years 9 Months
2016-03,WOODLANDS,EXECUTIVE,832,WOODLANDS ST 83,04 TO 06,192.0,Apartment,1994,805000.0,76 Years 10 Months
2016-03,SERANGOON,EXECUTIVE,318,SERANGOON AVE 2,10 TO 12,151.0,Maisonette,1985,805000.0,67 Years 10 Months
2013-04,BUKIT MERAH,5 ROOM,4A,BOON TIONG RD,04 TO 06,115.0,Improved,2005,805000.0,90 Years 9 Months
2013-02,BISHAN,5 ROOM,266,BISHAN ST 24,13 TO 15,134.0,Model A,1992,805000.0,77 Years 10 Months
2016-04,BUKIT MERAH,5 ROOM,14,JLN BT MERAH,19 TO 21,127.0,Improved,1996,805000.0,78 Years 9 Months
2012-12,BUKIT MERAH,5 ROOM,13,CANTONMENT CL,04 TO 06,110.0,Improved,2003,805000.0,89 Years 0 Months
2015-06,BISHAN,MULTI-GENERATION,137,BISHAN ST 12,04 TO 06,147.0,Multi Generation,1987,805000.0,70 Years 7 Months
2012-10,TOA PAYOH,5 ROOM,141,LOR 2 TOA PAYOH,28 TO 30,116.0,Improved,2001,805000.0,87 Years 3 Months
2013-03,CLEMENTI,5 ROOM,459,CLEMENTI AVE 3,04 TO 06,110.0,Improved,2002,805000.0,87 Years 10 Months
2014-09,HOUGANG,EXECUTIVE,222,HOUGANG ST 21,04 TO 06,148.0,Maisonette,1992,805000.0,76 Years 3 Months
2013-07,BUKIT MERAH,5 ROOM,87,ZION RD,16 TO 18,117.0,Improved,1974,805000.0,59 Years 6 Months
2014-08,TOA PAYOH,5 ROOM,142,LOR 2 TOA PAYOH,22 TO 24,116.0,Improved,2001,805000.0,85 Years 5 Months
2015-05,BUKIT MERAH,5 ROOM,119B,KIM TIAN RD,25 TO 27,110.0,Improved,2002,805000.0,85 Years 8 Months
2012-11,CLEMENTI,EXECUTIVE,116,CLEMENTI ST 13,10 TO 12,146.0,Maisonette,1984,805000.0,70 Years 1 Months
2012-11,BUKIT MERAH,4 ROOM,6B,BOON TIONG RD,19 TO 21,100.0,Model A,2005,805000.0,91 Years 2 Months
2012-11,BUKIT MERAH,4 ROOM,6A,BOON TIONG RD,19 TO 21,100.0,Model A,2005,805000.0,91 Years 2 Months
2012-12,QUEENSTOWN,5 ROOM,131,CLARENCE LANE,01 TO 03,125.0,Improved,1996,805000.0,82 Years 0 Months
2015-06,JURONG EAST,EXECUTIVE,286B,TOH GUAN RD,10 TO 12,144.0,Apartment,1998,805000.0,81 Years 7 Months
2015-12,BUKIT MERAH,4 ROOM,127A,KIM TIAN RD,34 TO 36,93.0,Model A,2013,805000.0,96 Years 1 Months
2016-11,JURONG EAST,EXECUTIVE,287D,JURONG EAST ST 21,10 TO 12,145.0,Maisonette,1998,805000.0,80 Years 1 Months
2015-01,BUKIT MERAH,5 ROOM,119B,KIM TIAN RD,28 TO 30,110.0,Improved,2002,805000.0,86 Years 0 Months
2012-04,CLEMENTI,EXECUTIVE,116,CLEMENTI ST 13,06 TO 10,161.0,Maisonette,1984,805000.0,70 Years 9 Months
2016-04,KALLANG/WHAMPOA,5 ROOM,813,JELLICOE RD,13 TO 15,110.0,Improved,2003,805000.0,85 Years 9 Months
2012-04,KALLANG/WHAMPOA,EXECUTIVE,46,BENDEMEER RD,11 TO 15,146.0,Apartment,1994,805000.0,80 Years 9 Months
2012-05,BUKIT MERAH,5 ROOM,17,CANTONMENT CL,16 TO 20,110.0,Improved,2003,804000.0,89 Years 8 Months
2015-04,CENTRAL AREA,4 ROOM,1C,CANTONMENT RD,07 TO 09,95.0,Type S1,2011,804000.0,94 Years 9 Months
2015-01,BUKIT MERAH,5 ROOM,82,REDHILL LANE,16 TO 18,124.0,Improved,1996,803888.0,79 Years 11 Months
2016-11,BISHAN,5 ROOM,290,BISHAN ST 24,16 TO 18,123.0,Premium Apartment,1998,803888.0,80 Years 1 Months
2016-11,ANG MO KIO,5 ROOM,310B,ANG MO KIO AVE 1,04 TO 06,119.0,Improved,2012,803888.0,94 Years 1 Months
2013-04,TOA PAYOH,5 ROOM,79C,TOA PAYOH CTRL,07 TO 09,110.0,Improved,2009,803000.0,94 Years 9 Months
2016-11,BEDOK,5 ROOM,220C,BEDOK CTRL,10 TO 12,112.0,Improved,2010,803000.0,92 Years 1 Months
2013-03,QUEENSTOWN,4 ROOM,91,TANGLIN HALT RD,37 TO 39,90.0,Model A,2008,803000.0,93 Years 10 Months
2012-12,BUKIT MERAH,5 ROOM,74A,REDHILL RD,04 TO 06,115.0,Improved,2005,803000.0,91 Years 1 Months
2012-03,BUKIT MERAH,5 ROOM,76A,REDHILL RD,11 TO 15,115.0,Improved,2005,803000.0,91 Years 10 Months
2012-11,BEDOK,EXECUTIVE,29A,CHAI CHEE AVE,10 TO 12,145.0,Maisonette,1996,803000.0,82 Years 1 Months
2016-04,WOODLANDS,EXECUTIVE,805,WOODLANDS ST 81,07 TO 09,189.0,Apartment,1994,803000.0,76 Years 9 Months
2016-10,BISHAN,4 ROOM,273A,BISHAN ST 24,25 TO 27,95.0,DBSS,2011,803000.0,93 Years 3 Months
2014-10,QUEENSTOWN,4 ROOM,18A,HOLLAND DR,40 TO 42,92.0,Model A,2012,802000.0,96 Years 3 Months
2013-09,QUEENSTOWN,5 ROOM,55,STRATHMORE AVE,01 TO 03,110.0,Improved,2002,802000.0,87 Years 4 Months
2015-09,QUEENSTOWN,5 ROOM,27,DOVER CRES,16 TO 18,125.0,Standard,1976,802000.0,59 Years 3 Months
2016-12,KALLANG/WHAMPOA,5 ROOM,816,JELLICOE RD,10 TO 12,110.0,Improved,2003,802000.0,85 Years 0 Months
2014-02,BUKIT MERAH,5 ROOM,8B,BOON TIONG RD,01 TO 03,115.0,Improved,2005,802000.0,89 Years 10 Months
2013-11,WOODLANDS,EXECUTIVE,830,WOODLANDS ST 83,04 TO 06,192.0,Apartment,1994,802000.0,79 Years 1 Months
2013-06,HOUGANG,EXECUTIVE,221,HOUGANG ST 21,04 TO 06,148.0,Maisonette,1992,802000.0,77 Years 7 Months
2014-03,BUKIT MERAH,5 ROOM,11,CANTONMENT CL,10 TO 12,110.0,Improved,2002,801888.0,86 Years 10 Months
2015-06,BISHAN,EXECUTIVE,212,BISHAN ST 23,01 TO 03,147.0,Maisonette,1992,801800.0,75 Years 7 Months
2013-04,BISHAN,EXECUTIVE,119,BISHAN ST 12,04 TO 06,144.0,Apartment,1987,801000.0,72 Years 9 Months
2016-08,BISHAN,5 ROOM,117,BISHAN ST 12,16 TO 18,121.0,Improved,1987,801000.0,69 Years 5 Months
2012-12,QUEENSTOWN,4 ROOM,48,STRATHMORE AVE,31 TO 33,90.0,Model A,2006,801000.0,92 Years 1 Months
2015-04,CENTRAL AREA,4 ROOM,1G,CANTONMENT RD,16 TO 18,95.0,Type S1,2011,801000.0,94 Years 9 Months
2016-04,ANG MO KIO,EXECUTIVE,462,ANG MO KIO AVE 10,10 TO 12,163.0,Adjoined flat,1980,800888.0,62 Years 9 Months
2015-02,BUKIT MERAH,4 ROOM,76A,REDHILL RD,22 TO 24,100.0,Model A,2005,800800.0,88 Years 10 Months
2014-08,BUKIT MERAH,5 ROOM,1,DELTA AVE,07 TO 09,119.0,Improved,1983,800088.0,67 Years 5 Months
2015-09,CLEMENTI,EXECUTIVE,201,CLEMENTI AVE 6,07 TO 09,149.0,Apartment,1985,800000.0,68 Years 4 Months
2014-06,BUKIT MERAH,5 ROOM,119C,KIM TIAN RD,22 TO 24,110.0,Improved,2003,800000.0,87 Years 7 Months
2015-09,SERANGOON,EXECUTIVE,318,SERANGOON AVE 2,04 TO 06,151.0,Maisonette,1985,800000.0,68 Years 4 Months
2016-11,BISHAN,5 ROOM,290,BISHAN ST 24,19 TO 21,121.0,Premium Apartment,1998,800000.0,80 Years 1 Months
2014-08,YISHUN,EXECUTIVE,652,YISHUN AVE 4,07 TO 09,187.0,Apartment,1992,800000.0,76 Years 5 Months
2013-07,BUKIT MERAH,5 ROOM,43,TELOK BLANGAH RISE,04 TO 06,141.0,Adjoined flat,1976,800000.0,61 Years 6 Months
2012-09,ANG MO KIO,EXECUTIVE,615,ANG MO KIO AVE 4,10 TO 12,147.0,Apartment,1996,800000.0,82 Years 3 Months
2012-07,QUEENSTOWN,5 ROOM,12,DOVER CL EAST,07 TO 09,114.0,Standard,1978,800000.0,64 Years 6 Months
2012-07,BUKIT MERAH,5 ROOM,111,BT PURMEI RD,07 TO 09,157.0,Model A,1984,800000.0,70 Years 6 Months
2015-08,KALLANG/WHAMPOA,5 ROOM,108B,MCNAIR RD,13 TO 15,119.0,Improved,2004,800000.0,87 Years 5 Months
2014-04,BUKIT MERAH,5 ROOM,14,JLN BT MERAH,13 TO 15,123.0,Improved,1996,800000.0,80 Years 9 Months
2012-07,JURONG EAST,EXECUTIVE,285C,TOH GUAN RD,10 TO 12,145.0,Maisonette,1998,800000.0,84 Years 6 Months
2012-07,CLEMENTI,EXECUTIVE,201,CLEMENTI AVE 6,13 TO 15,147.0,Apartment,1985,800000.0,71 Years 6 Months
2012-09,BEDOK,EXECUTIVE,10D,BEDOK STH AVE 2,13 TO 15,144.0,Apartment,1995,800000.0,81 Years 3 Months
2014-06,BISHAN,5 ROOM,291,BISHAN ST 24,07 TO 09,121.0,Premium Apartment,1998,800000.0,82 Years 7 Months
2016-12,WOODLANDS,EXECUTIVE,808,WOODLANDS ST 81,10 TO 12,189.0,Apartment,1994,800000.0,76 Years 1 Months
2013-06,QUEENSTOWN,5 ROOM,132,CLARENCE LANE,07 TO 09,121.0,Improved,1996,800000.0,81 Years 7 Months
2012-07,BUKIT MERAH,5 ROOM,45,LENGKOK BAHRU,01 TO 03,139.0,Model A-Maisonette,1984,800000.0,70 Years 6 Months
2015-08,BUKIT MERAH,4 ROOM,4B,BOON TIONG RD,13 TO 15,100.0,Model A,2005,800000.0,88 Years 5 Months
2016-10,BUKIT MERAH,5 ROOM,17,CANTONMENT CL,04 TO 06,110.0,Improved,2003,800000.0,85 Years 3 Months
2013-07,BUKIT MERAH,5 ROOM,82,REDHILL LANE,01 TO 03,126.0,Improved,1996,800000.0,81 Years 6 Months
2016-11,TOA PAYOH,5 ROOM,147,LOR 2 TOA PAYOH,07 TO 09,110.0,Improved,2006,800000.0,88 Years 1 Months
2012-05,HOUGANG,EXECUTIVE,237,HOUGANG ST 21,06 TO 10,156.0,Maisonette,1984,800000.0,70 Years 8 Months
2015-07,QUEENSTOWN,5 ROOM,6,HOLLAND CL,10 TO 12,130.0,Adjoined flat,1974,800000.0,57 Years 6 Months
2016-09,TOA PAYOH,5 ROOM,122,LOR 2 TOA PAYOH,07 TO 09,123.0,Improved,1999,800000.0,81 Years 3 Months
2016-12,ANG MO KIO,EXECUTIVE,556,ANG MO KIO AVE 10,10 TO 12,163.0,Adjoined flat,1980,800000.0,62 Years 0 Months
2012-08,QUEENSTOWN,5 ROOM,184,STIRLING RD,16 TO 18,115.0,Improved,2000,800000.0,86 Years 4 Months
2016-11,TOA PAYOH,5 ROOM,156,LOR 1 TOA PAYOH,10 TO 12,118.0,Improved,1999,800000.0,81 Years 1 Months
2016-09,MARINE PARADE,5 ROOM,43,MARINE CRES,07 TO 09,120.0,Standard,1975,800000.0,57 Years 3 Months
2015-09,BUKIT MERAH,4 ROOM,76A,REDHILL RD,28 TO 30,100.0,Model A,2005,800000.0,88 Years 4 Months
2014-07,ANG MO KIO,5 ROOM,596B,ANG MO KIO ST 52,07 TO 09,110.0,Improved,2002,800000.0,86 Years 6 Months
2013-07,HOUGANG,EXECUTIVE,237,HOUGANG ST 21,13 TO 15,150.0,Maisonette,1984,800000.0,69 Years 6 Months
2014-07,BISHAN,5 ROOM,192,BISHAN ST 13,04 TO 06,120.0,Improved,1987,800000.0,71 Years 6 Months
2014-04,KALLANG/WHAMPOA,5 ROOM,813,JELLICOE RD,16 TO 18,110.0,Improved,2003,800000.0,87 Years 9 Months
2015-08,QUEENSTOWN,EXECUTIVE,22,DOVER CRES,10 TO 12,146.0,Apartment,1993,800000.0,76 Years 5 Months
2013-08,BUKIT MERAH,4 ROOM,6B,BOON TIONG RD,13 TO 15,100.0,Model A,2005,800000.0,90 Years 5 Months
2016-11,QUEENSTOWN,4 ROOM,91,TANGLIN HALT RD,37 TO 39,90.0,Model A,2008,800000.0,90 Years 1 Months
2012-07,SERANGOON,EXECUTIVE,424,SERANGOON CTRL,10 TO 12,146.0,Maisonette,1989,800000.0,75 Years 6 Months
2012-07,SERANGOON,EXECUTIVE,319,SERANGOON AVE 2,07 TO 09,150.0,Apartment,1985,800000.0,71 Years 6 Months
2016-10,BUKIT MERAH,4 ROOM,75C,REDHILL RD,19 TO 21,100.0,Model A,2007,800000.0,89 Years 3 Months
2016-09,BUKIT BATOK,EXECUTIVE,288A,BT BATOK ST 25,07 TO 09,144.0,Apartment,1997,800000.0,79 Years 4 Months
2016-02,BUKIT MERAH,4 ROOM,88,REDHILL CL,13 TO 15,117.0,Model A,1995,800000.0,77 Years 10 Months
2012-11,TOA PAYOH,5 ROOM,81B,LOR 4 TOA PAYOH,04 TO 06,121.0,Improved,1997,800000.0,83 Years 2 Months
2016-08,ANG MO KIO,5 ROOM,316A,ANG MO KIO ST 31,25 TO 27,110.0,Improved,2006,800000.0,88 Years 5 Months
2012-11,TOA PAYOH,4 ROOM,79B,TOA PAYOH CTRL,34 TO 36,91.0,Model A,2009,800000.0,95 Years 2 Months
2012-11,TAMPINES,EXECUTIVE,151,TAMPINES ST 12,04 TO 06,148.0,Apartment,1984,800000.0,70 Years 1 Months
2012-11,PASIR RIS,EXECUTIVE,531,PASIR RIS DR 1,01 TO 03,148.0,Maisonette,1992,800000.0,78 Years 1 Months
2016-06,QUEENSTOWN,5 ROOM,19,DOVER CRES,28 TO 30,112.0,Improved,2003,800000.0,85 Years 7 Months
2013-04,WOODLANDS,EXECUTIVE,807,WOODLANDS ST 81,07 TO 09,192.0,Apartment,1994,800000.0,79 Years 9 Months
2016-04,BUKIT MERAH,4 ROOM,6B,BOON TIONG RD,16 TO 18,100.0,Model A,2005,800000.0,87 Years 9 Months
2013-12,BEDOK,EXECUTIVE,29A,CHAI CHEE AVE,07 TO 09,145.0,Apartment,1996,800000.0,81 Years 0 Months
2015-12,BISHAN,5 ROOM,292,BISHAN ST 22,07 TO 09,123.0,Premium Apartment,1998,800000.0,81 Years 1 Months
2013-05,ANG MO KIO,5 ROOM,596D,ANG MO KIO ST 52,07 TO 09,110.0,Improved,2003,800000.0,88 Years 8 Months
2015-12,BISHAN,5 ROOM,117,BISHAN ST 12,16 TO 18,121.0,Improved,1987,800000.0,70 Years 1 Months
2013-12,BUKIT MERAH,5 ROOM,115,BT PURMEI RD,16 TO 18,138.0,Model A,1985,800000.0,70 Years 1 Months
2016-04,BUKIT MERAH,4 ROOM,127A,KIM TIAN RD,25 TO 27,93.0,Model A,2013,800000.0,95 Years 9 Months
2015-01,MARINE PARADE,5 ROOM,79,MARINE DR,10 TO 12,117.0,Standard,1977,800000.0,61 Years 0 Months
2015-04,KALLANG/WHAMPOA,5 ROOM,461,CRAWFORD LANE,19 TO 21,122.0,Standard,1981,800000.0,64 Years 9 Months
2012-11,CLEMENTI,5 ROOM,459,CLEMENTI AVE 3,22 TO 24,110.0,Improved,2002,800000.0,88 Years 1 Months
2013-05,BUKIT BATOK,EXECUTIVE,288A,BT BATOK ST 25,10 TO 12,144.0,Apartment,1997,800000.0,82 Years 8 Months
2012-03,CLEMENTI,EXECUTIVE,111,CLEMENTI ST 13,06 TO 10,147.0,Maisonette,1985,800000.0,71 Years 10 Months
2012-10,QUEENSTOWN,5 ROOM,17,DOVER CRES,19 TO 21,112.0,Improved,2003,800000.0,89 Years 3 Months
2016-07,KALLANG/WHAMPOA,5 ROOM,3A,UPP BOON KENG RD,10 TO 12,110.0,Improved,2006,800000.0,88 Years 6 Months
2014-01,BISHAN,5 ROOM,288,BISHAN ST 24,19 TO 21,121.0,Premium Apartment,1998,800000.0,82 Years 11 Months
2012-04,BISHAN,EXECUTIVE,240,BISHAN ST 22,01 TO 05,156.0,Maisonette,1992,800000.0,78 Years 9 Months
2013-02,GEYLANG,5 ROOM,36,CASSIA CRES,01 TO 03,127.0,Adjoined flat,1986,800000.0,71 Years 10 Months
2012-10,HOUGANG,EXECUTIVE,851,HOUGANG CTRL,10 TO 12,136.0,Apartment,1997,800000.0,83 Years 3 Months
2013-02,MARINE PARADE,5 ROOM,28,MARINE CRES,07 TO 09,123.0,Standard,1975,800000.0,60 Years 10 Months
2013-02,MARINE PARADE,5 ROOM,1,MARINE TER,04 TO 06,120.0,Standard,1975,800000.0,60 Years 10 Months
2015-04,HOUGANG,EXECUTIVE,850,HOUGANG CTRL,13 TO 15,135.0,Apartment,1997,800000.0,80 Years 9 Months
2013-02,BUKIT MERAH,4 ROOM,77A,REDHILL RD,28 TO 30,90.0,Model A,2005,800000.0,90 Years 10 Months
2012-12,BISHAN,5 ROOM,235,BISHAN ST 22,04 TO 06,139.0,Model A,1992,800000.0,78 Years 0 Months
2016-05,JURONG EAST,EXECUTIVE,285D,TOH GUAN RD,19 TO 21,140.0,Apartment,1998,800000.0,80 Years 8 Months
2016-05,BISHAN,EXECUTIVE,162,BISHAN ST 13,01 TO 03,144.0,Maisonette,1988,800000.0,70 Years 8 Months
2016-05,BISHAN,EXECUTIVE,257,BISHAN ST 22,04 TO 06,147.0,Maisonette,1992,800000.0,74 Years 8 Months
2016-05,BUKIT MERAH,4 ROOM,126C,KIM TIAN RD,19 TO 21,93.0,Model A,2013,800000.0,95 Years 8 Months
2015-12,TOA PAYOH,5 ROOM,36,LOR 5 TOA PAYOH,25 TO 27,117.0,Improved,1997,800000.0,80 Years 1 Months
2012-03,QUEENSTOWN,5 ROOM,132,CLARENCE LANE,06 TO 10,125.0,Improved,1996,800000.0,82 Years 10 Months
2012-03,QUEENSTOWN,5 ROOM,50,STRATHMORE AVE,16 TO 20,110.0,Improved,2006,800000.0,92 Years 10 Months
2013-10,WOODLANDS,EXECUTIVE,832,WOODLANDS ST 83,07 TO 09,189.0,Apartment,1994,800000.0,79 Years 3 Months
2015-03,GEYLANG,5 ROOM,45,JLN TIGA,16 TO 18,110.0,Improved,2005,800000.0,88 Years 10 Months
2015-12,QUEENSTOWN,4 ROOM,5,HOLLAND CL,25 TO 27,105.0,Model A,1998,800000.0,81 Years 1 Months
2013-01,BISHAN,EXECUTIVE,401,SIN MING AVE,01 TO 03,155.0,Maisonette,1985,800000.0,70 Years 11 Months
2016-04,JURONG EAST,EXECUTIVE,288C,JURONG EAST ST 21,13 TO 15,142.0,Maisonette,2000,800000.0,82 Years 9 Months
2015-12,MARINE PARADE,5 ROOM,29,MARINE CRES,10 TO 12,120.0,Standard,1975,800000.0,58 Years 1 Months
2015-08,CENTRAL AREA,4 ROOM,1E,CANTONMENT RD,13 TO 15,93.0,Type S1,2011,800000.0,94 Years 5 Months
2016-05,MARINE PARADE,5 ROOM,14,MARINE TER,10 TO 12,120.0,Standard,1975,800000.0,57 Years 8 Months
2015-03,BUKIT MERAH,5 ROOM,119C,KIM TIAN RD,19 TO 21,110.0,Improved,2003,800000.0,86 Years 10 Months
2013-11,MARINE PARADE,5 ROOM,2,MARINE TER,16 TO 18,120.0,Standard,1975,800000.0,60 Years 1 Months
2015-03,BUKIT BATOK,EXECUTIVE,289A,BT BATOK ST 25,13 TO 15,144.0,Apartment,1997,800000.0,80 Years 10 Months
2016-06,BEDOK,5 ROOM,103,LENGKONG TIGA,13 TO 15,130.0,Improved,1989,800000.0,71 Years 7 Months
2016-06,BUKIT MERAH,4 ROOM,53,HAVELOCK RD,25 TO 27,95.0,Model A,2013,800000.0,95 Years 7 Months
2016-06,BUKIT MERAH,5 ROOM,2,DELTA AVE,07 TO 09,122.0,Improved,1985,800000.0,67 Years 7 Months
2016-04,GEYLANG,5 ROOM,43,JLN TIGA,10 TO 12,111.0,Improved,2005,800000.0,87 Years 9 Months
2013-11,WOODLANDS,EXECUTIVE,807,WOODLANDS ST 81,10 TO 12,192.0,Apartment,1994,800000.0,79 Years 1 Months
2016-01,BISHAN,5 ROOM,182,BISHAN ST 13,07 TO 09,121.0,Improved,1987,800000.0,70 Years 0 Months
2012-12,BUKIT MERAH,4 ROOM,19,CANTONMENT CL,25 TO 27,90.0,Model A,2002,800000.0,88 Years 1 Months
2013-01,GEYLANG,EXECUTIVE,846,SIMS AVE,04 TO 06,149.0,Maisonette,1985,800000.0,70 Years 11 Months
2012-10,BUKIT MERAH,5 ROOM,74A,REDHILL RD,01 TO 03,115.0,Improved,2005,800000.0,91 Years 3 Months
2013-05,QUEENSTOWN,5 ROOM,26,DOVER CRES,13 TO 15,125.0,Standard,1978,800000.0,63 Years 8 Months
2016-08,QUEENSTOWN,5 ROOM,21,HOLLAND DR,13 TO 15,119.0,Standard,1975,800000.0,57 Years 5 Months
2015-11,BUKIT BATOK,5 ROOM,101,BT BATOK WEST AVE 6,13 TO 15,150.0,Model A,1985,800000.0,68 Years 2 Months
2015-10,BUKIT MERAH,5 ROOM,131B,KIM TIAN RD,07 TO 09,110.0,Improved,2002,800000.0,85 Years 3 Months
2013-03,BUKIT MERAH,5 ROOM,119D,KIM TIAN RD,22 TO 24,110.0,Improved,2002,800000.0,87 Years 10 Months
2013-06,HOUGANG,EXECUTIVE,235,HOUGANG ST 21,01 TO 03,146.0,Apartment,1984,800000.0,69 Years 7 Months
2014-11,SERANGOON,EXECUTIVE,424,SERANGOON CTRL,04 TO 06,146.0,Maisonette,1989,800000.0,73 Years 2 Months
2014-03,BUKIT MERAH,5 ROOM,7,KIM TIAN PL,04 TO 06,131.0,Model A,1984,800000.0,68 Years 10 Months
2013-03,BUKIT MERAH,5 ROOM,87,ZION RD,16 TO 18,117.0,Improved,1974,800000.0,59 Years 10 Months
2012-09,PASIR RIS,EXECUTIVE,585,PASIR RIS ST 53,10 TO 12,151.0,Maisonette,1995,800000.0,81 Years 3 Months
2014-03,BUKIT MERAH,5 ROOM,84,TELOK BLANGAH HTS,16 TO 18,118.0,Improved,1997,800000.0,81 Years 10 Months
2012-09,MARINE PARADE,5 ROOM,14,MARINE TER,07 TO 09,120.0,Standard,1975,800000.0,61 Years 3 Months
2015-05,QUEENSTOWN,4 ROOM,129,CLARENCE LANE,10 TO 12,104.0,Model A,1996,800000.0,79 Years 8 Months
2016-03,BUKIT MERAH,4 ROOM,126C,KIM TIAN RD,31 TO 33,93.0,Model A,2013,800000.0,95 Years 10 Months
2016-03,BISHAN,5 ROOM,236,BISHAN ST 22,16 TO 18,138.0,Model A,1992,800000.0,74 Years 10 Months
2014-11,BUKIT MERAH,5 ROOM,118C,JLN MEMBINA,28 TO 30,110.0,Improved,2003,800000.0,87 Years 2 Months
2014-11,BUKIT MERAH,5 ROOM,12,CANTONMENT CL,01 TO 03,110.0,Improved,2003,800000.0,87 Years 2 Months
2015-10,BEDOK,EXECUTIVE,29A,CHAI CHEE AVE,04 TO 06,151.0,Maisonette,1996,800000.0,79 Years 3 Months
2013-03,HOUGANG,EXECUTIVE,237,HOUGANG ST 21,10 TO 12,148.0,Maisonette,1984,800000.0,69 Years 10 Months
2015-10,ANG MO KIO,EXECUTIVE,613,ANG MO KIO AVE 4,10 TO 12,153.0,Apartment,1996,800000.0,79 Years 3 Months
2014-03,TOA PAYOH,5 ROOM,147,LOR 2 TOA PAYOH,19 TO 21,110.0,Improved,2006,800000.0,90 Years 10 Months
2016-02,SERANGOON,5 ROOM,257,SERANGOON CTRL DR,13 TO 15,115.0,Improved,1999,800000.0,81 Years 10 Months
2016-02,KALLANG/WHAMPOA,5 ROOM,813,JELLICOE RD,04 TO 06,110.0,Improved,2003,800000.0,85 Years 10 Months
2014-04,ANG MO KIO,5 ROOM,700C,ANG MO KIO AVE 6,13 TO 15,111.0,Improved,2003,800000.0,87 Years 9 Months
2016-02,BEDOK,EXECUTIVE,29,CHAI CHEE AVE,13 TO 15,143.0,Apartment,1996,800000.0,78 Years 10 Months
2016-08,QUEENSTOWN,5 ROOM,56,STRATHMORE AVE,07 TO 09,110.0,Improved,2002,800000.0,84 Years 5 Months
2012-04,BUKIT MERAH,5 ROOM,1,DELTA AVE,06 TO 10,119.0,Improved,1983,800000.0,69 Years 9 Months
2016-08,QUEENSTOWN,4 ROOM,28A,DOVER CRES,22 TO 24,95.0,Model A,2012,800000.0,94 Years 5 Months
2013-06,BUKIT MERAH,5 ROOM,13,JLN BT MERAH,13 TO 15,123.0,Improved,1996,800000.0,81 Years 7 Months
2016-04,BEDOK,EXECUTIVE,162,BEDOK STH RD,01 TO 03,152.0,Maisonette,1985,800000.0,67 Years 9 Months
2013-02,TOA PAYOH,5 ROOM,122,LOR 2 TOA PAYOH,04 TO 06,124.0,Improved,1999,800000.0,84 Years 10 Months
2013-02,TOA PAYOH,EXECUTIVE,130,POTONG PASIR AVE 1,01 TO 03,161.0,Maisonette,1984,800000.0,69 Years 10 Months
2015-11,BISHAN,EXECUTIVE,222,BISHAN ST 23,01 TO 03,146.0,Maisonette,1992,800000.0,75 Years 1 Months
2014-12,TAMPINES,EXECUTIVE,149,TAMPINES ST 12,04 TO 06,150.0,Maisonette,1984,800000.0,68 Years 1 Months
2013-05,TOA PAYOH,5 ROOM,36,LOR 5 TOA PAYOH,22 TO 24,117.0,Improved,1997,800000.0,82 Years 8 Months
2013-10,BUKIT MERAH,5 ROOM,88,TELOK BLANGAH HTS,07 TO 09,110.0,Improved,2003,800000.0,88 Years 3 Months
2015-07,BISHAN,5 ROOM,291,BISHAN ST 24,16 TO 18,123.0,Premium Apartment,1998,800000.0,81 Years 6 Months
2014-02,ANG MO KIO,EXECUTIVE,616,ANG MO KIO AVE 4,04 TO 06,149.0,Maisonette,1996,800000.0,80 Years 10 Months
2015-05,BUKIT BATOK,EXECUTIVE,288A,BT BATOK ST 25,16 TO 18,144.0,Apartment,1997,800000.0,80 Years 8 Months
2013-10,BUKIT MERAH,5 ROOM,119B,KIM TIAN RD,19 TO 21,110.0,Improved,2002,800000.0,87 Years 3 Months
2015-10,QUEENSTOWN,4 ROOM,28,GHIM MOH LINK,40 TO 42,92.0,Model A,2013,800000.0,96 Years 3 Months
2012-09,TOA PAYOH,EXECUTIVE,237,LOR 1 TOA PAYOH,04 TO 06,146.0,Maisonette,1986,800000.0,72 Years 3 Months
2014-12,BISHAN,5 ROOM,502,BISHAN ST 11,04 TO 06,121.0,Improved,1989,800000.0,73 Years 1 Months
2015-10,CENTRAL AREA,4 ROOM,1G,CANTONMENT RD,07 TO 09,95.0,Type S1,2011,800000.0,94 Years 3 Months
2016-03,KALLANG/WHAMPOA,5 ROOM,2B,UPP BOON KENG RD,10 TO 12,110.0,Improved,2006,800000.0,88 Years 10 Months
2013-04,BISHAN,EXECUTIVE,159,BISHAN ST 13,01 TO 03,149.0,Maisonette,1988,800000.0,73 Years 9 Months
2016-08,KALLANG/WHAMPOA,3 ROOM,42,JLN BAHAGIA,01 TO 03,117.0,Terrace,1972,800000.0,54 Years 4 Months
2016-04,TOA PAYOH,5 ROOM,35,LOR 5 TOA PAYOH,19 TO 21,119.0,Improved,1997,800000.0,79 Years 9 Months
2013-04,BUKIT MERAH,5 ROOM,19,CANTONMENT CL,10 TO 12,110.0,Improved,2002,800000.0,87 Years 9 Months
2014-02,BUKIT MERAH,5 ROOM,1,DELTA AVE,10 TO 12,119.0,Improved,1983,800000.0,67 Years 10 Months
2014-02,BUKIT MERAH,4 ROOM,6A,BOON TIONG RD,13 TO 15,100.0,Model A,2005,800000.0,89 Years 10 Months
2015-08,BUKIT MERAH,5 ROOM,115,BT PURMEI RD,01 TO 03,157.0,Model A,1985,799000.0,68 Years 5 Months
2016-03,BISHAN,5 ROOM,191,BISHAN ST 13,01 TO 03,123.0,Improved,1987,799000.0,69 Years 10 Months
2012-04,BISHAN,5 ROOM,290,BISHAN ST 24,21 TO 25,121.0,Premium Apartment,1998,799000.0,84 Years 9 Months
2012-05,BUKIT MERAH,5 ROOM,14,JLN BT MERAH,11 TO 15,123.0,Improved,1996,799000.0,82 Years 8 Months
2012-09,ANG MO KIO,5 ROOM,596A,ANG MO KIO ST 52,13 TO 15,110.0,Improved,2002,798888.0,88 Years 3 Months
2013-04,GEYLANG,5 ROOM,1,PINE CL,01 TO 03,113.0,Improved,2000,798000.0,85 Years 9 Months
2015-09,WOODLANDS,EXECUTIVE,808,WOODLANDS ST 81,10 TO 12,189.0,Apartment,1994,798000.0,77 Years 4 Months
2016-11,HOUGANG,EXECUTIVE,374,HOUGANG ST 31,16 TO 18,144.0,Apartment,2000,798000.0,82 Years 1 Months
2014-04,BISHAN,5 ROOM,289,BISHAN ST 24,16 TO 18,123.0,Premium Apartment,1998,798000.0,82 Years 9 Months
2012-09,BUKIT MERAH,5 ROOM,87,ZION RD,13 TO 15,117.0,Improved,1974,798000.0,60 Years 3 Months
2012-09,KALLANG/WHAMPOA,5 ROOM,816,JELLICOE RD,01 TO 03,110.0,Improved,2003,798000.0,89 Years 3 Months
2014-11,GEYLANG,5 ROOM,5,PINE CL,01 TO 03,113.0,Improved,2000,798000.0,84 Years 1 Months
2014-11,WOODLANDS,EXECUTIVE,803,WOODLANDS ST 81,04 TO 06,192.0,Apartment,1994,798000.0,78 Years 2 Months
2014-10,BUKIT MERAH,5 ROOM,83,REDHILL LANE,16 TO 18,120.0,Improved,1996,798000.0,80 Years 3 Months
2013-08,TAMPINES,EXECUTIVE,148,TAMPINES AVE 5,07 TO 09,150.0,Maisonette,1985,798000.0,70 Years 5 Months
2012-10,TOA PAYOH,5 ROOM,144,LOR 2 TOA PAYOH,22 TO 24,110.0,Improved,2002,798000.0,88 Years 3 Months
2015-08,CENTRAL AREA,4 ROOM,1G,CANTONMENT RD,13 TO 15,93.0,Type S1,2011,798000.0,94 Years 5 Months
2013-12,BEDOK,EXECUTIVE,94B,BEDOK NTH AVE 4,13 TO 15,141.0,Apartment,1993,798000.0,78 Years 1 Months
2015-02,QUEENSTOWN,4 ROOM,130,CLARENCE LANE,10 TO 12,105.0,Model A,1996,798000.0,79 Years 10 Months
2015-03,MARINE PARADE,5 ROOM,79,MARINE DR,04 TO 06,120.0,Standard,1977,798000.0,60 Years 10 Months
2015-05,BUKIT MERAH,5 ROOM,131B,KIM TIAN RD,07 TO 09,110.0,Improved,2002,797000.0,85 Years 8 Months
2012-09,BUKIT MERAH,5 ROOM,114,BT PURMEI RD,16 TO 18,138.0,Model A,1985,795800.0,71 Years 4 Months
2012-09,KALLANG/WHAMPOA,5 ROOM,104,JLN RAJAH,19 TO 21,139.0,Model A,1984,795000.0,70 Years 3 Months
2016-09,KALLANG/WHAMPOA,EXECUTIVE,108,JLN RAJAH,01 TO 03,150.0,Maisonette,1984,795000.0,66 Years 3 Months
2013-04,ANG MO KIO,5 ROOM,315B,ANG MO KIO ST 31,19 TO 21,110.0,Improved,2006,795000.0,91 Years 9 Months
2012-09,QUEENSTOWN,3 ROOM,55,STIRLING RD,01 TO 03,87.0,Terrace,1968,795000.0,54 Years 3 Months
2014-04,CLEMENTI,EXECUTIVE,206,CLEMENTI AVE 6,01 TO 03,150.0,Maisonette,1985,795000.0,69 Years 9 Months
2015-12,MARINE PARADE,5 ROOM,3,MARINE TER,10 TO 12,117.0,Standard,1975,795000.0,58 Years 1 Months
2015-06,BUKIT BATOK,EXECUTIVE,289A,BT BATOK ST 25,10 TO 12,144.0,Apartment,1997,795000.0,80 Years 7 Months
2016-01,BUKIT BATOK,EXECUTIVE,289A,BT BATOK ST 25,04 TO 06,144.0,Apartment,1997,795000.0,80 Years 0 Months
2014-04,SERANGOON,EXECUTIVE,317,SERANGOON AVE 2,10 TO 12,145.0,Apartment,1985,795000.0,69 Years 9 Months
2015-05,CENTRAL AREA,4 ROOM,1F,CANTONMENT RD,13 TO 15,95.0,Type S1,2011,795000.0,94 Years 8 Months
2014-11,BUKIT MERAH,4 ROOM,76A,REDHILL RD,28 TO 30,100.0,Model A,2005,795000.0,89 Years 2 Months
2014-03,GEYLANG,5 ROOM,30,CASSIA CRES,04 TO 06,120.0,Improved,1998,795000.0,82 Years 10 Months
2014-04,BUKIT MERAH,4 ROOM,4B,BOON TIONG RD,16 TO 18,100.0,Model A,2005,795000.0,89 Years 9 Months
2015-05,JURONG EAST,EXECUTIVE,287D,JURONG EAST ST 21,10 TO 12,145.0,Maisonette,1998,795000.0,81 Years 8 Months
2012-04,QUEENSTOWN,5 ROOM,8,HOLLAND AVE,01 TO 05,135.0,Adjoined flat,1974,795000.0,60 Years 9 Months
2015-07,JURONG EAST,EXECUTIVE,287C,JURONG EAST ST 21,07 TO 09,143.0,Apartment,1998,795000.0,81 Years 6 Months
2016-12,QUEENSTOWN,4 ROOM,89,TANGLIN HALT RD,34 TO 36,85.0,Model A,2008,795000.0,90 Years 0 Months
2012-09,TOA PAYOH,EXECUTIVE,133,POTONG PASIR AVE 1,01 TO 03,161.0,Maisonette,1984,795000.0,70 Years 3 Months
2012-06,ANG MO KIO,EXECUTIVE,550,ANG MO KIO AVE 10,01 TO 03,163.0,Adjoined flat,1981,795000.0,67 Years 7 Months
2016-12,HOUGANG,EXECUTIVE,407,HOUGANG AVE 10,10 TO 12,156.0,Maisonette,1986,795000.0,68 Years 1 Months
2014-06,QUEENSTOWN,5 ROOM,13,GHIM MOH RD,13 TO 15,125.0,Standard,1977,795000.0,61 Years 7 Months
2012-07,MARINE PARADE,5 ROOM,44,MARINE CRES,10 TO 12,120.0,Standard,1975,795000.0,61 Years 6 Months
2012-03,BUKIT MERAH,5 ROOM,131B,KIM TIAN RD,06 TO 10,110.0,Improved,2002,795000.0,88 Years 10 Months
2014-09,KALLANG/WHAMPOA,EXECUTIVE,110,MCNAIR RD,07 TO 09,144.0,Maisonette,1987,795000.0,71 Years 4 Months
2016-04,BUKIT MERAH,4 ROOM,75C,REDHILL RD,28 TO 30,100.0,Model A,2007,795000.0,89 Years 9 Months
2016-04,BUKIT MERAH,4 ROOM,75B,REDHILL RD,25 TO 27,100.0,Model A,2005,795000.0,87 Years 9 Months
2014-06,BEDOK,5 ROOM,221A,BEDOK CTRL,10 TO 12,112.0,Improved,2010,795000.0,94 Years 7 Months
2016-07,QUEENSTOWN,4 ROOM,61A,STRATHMORE AVE,19 TO 21,98.0,Model A,2011,795000.0,93 Years 6 Months
2012-08,BUKIT MERAH,4 ROOM,76A,REDHILL RD,22 TO 24,100.0,Model A,2005,795000.0,91 Years 5 Months
2012-06,BUKIT MERAH,5 ROOM,75C,REDHILL RD,01 TO 03,115.0,Improved,2007,795000.0,93 Years 7 Months
2013-07,WOODLANDS,EXECUTIVE,331,WOODLANDS AVE 1,07 TO 09,192.0,Apartment,1994,795000.0,79 Years 6 Months
2016-08,BUKIT MERAH,4 ROOM,127D,KIM TIAN RD,37 TO 39,93.0,Model A,2013,795000.0,95 Years 5 Months
2013-07,BUKIT MERAH,4 ROOM,2A,BOON TIONG RD,16 TO 18,100.0,Model A,2001,795000.0,86 Years 6 Months
2014-10,ANG MO KIO,5 ROOM,328,ANG MO KIO AVE 3,10 TO 12,146.0,Adjoined flat,1978,795000.0,62 Years 3 Months
2012-03,QUEENSTOWN,5 ROOM,20,HOLLAND DR,06 TO 10,117.0,Standard,1975,795000.0,61 Years 10 Months
2014-10,BISHAN,EXECUTIVE,222,BISHAN ST 23,04 TO 06,146.0,Maisonette,1992,795000.0,76 Years 3 Months
2014-04,WOODLANDS,EXECUTIVE,835,WOODLANDS ST 83,04 TO 06,192.0,Apartment,1994,795000.0,78 Years 9 Months
2015-10,TOA PAYOH,EXECUTIVE,236,LOR 1 TOA PAYOH,01 TO 03,146.0,Maisonette,1986,795000.0,69 Years 3 Months
2016-04,BUKIT MERAH,4 ROOM,8A,BOON TIONG RD,13 TO 15,100.0,Model A,2005,794888.0,87 Years 9 Months
2014-11,ANG MO KIO,EXECUTIVE,614,ANG MO KIO AVE 4,07 TO 09,147.0,Apartment,1996,793888.0,80 Years 1 Months
2015-10,CENTRAL AREA,4 ROOM,1G,CANTONMENT RD,10 TO 12,93.0,Type S1,2011,793800.0,94 Years 3 Months
2015-04,CENTRAL AREA,4 ROOM,1G,CANTONMENT RD,04 TO 06,93.0,Type S1,2011,793800.0,94 Years 9 Months
2015-05,BISHAN,5 ROOM,196,BISHAN ST 13,07 TO 09,121.0,Improved,1987,793000.0,70 Years 8 Months
2013-07,BUKIT MERAH,5 ROOM,17A,TELOK BLANGAH CRES,19 TO 21,119.0,Improved,2002,793000.0,87 Years 6 Months
2013-06,ANG MO KIO,5 ROOM,316A,ANG MO KIO ST 31,25 TO 27,110.0,Improved,2006,793000.0,91 Years 7 Months
2014-03,TOA PAYOH,EXECUTIVE,236,LOR 1 TOA PAYOH,01 TO 03,146.0,Maisonette,1986,793000.0,70 Years 10 Months
2013-09,KALLANG/WHAMPOA,EXECUTIVE,106,JLN RAJAH,07 TO 09,150.0,Maisonette,1984,792888.0,69 Years 3 Months
2015-05,BISHAN,4 ROOM,291,BISHAN ST 24,28 TO 30,122.0,Premium Apartment,1998,792800.0,81 Years 8 Months
2014-05,BEDOK,5 ROOM,112,LENGKONG TIGA,16 TO 18,130.0,Improved,1989,792000.0,73 Years 8 Months
2015-08,TOA PAYOH,EXECUTIVE,240,LOR 1 TOA PAYOH,04 TO 06,146.0,Maisonette,1986,792000.0,69 Years 5 Months
2015-06,KALLANG/WHAMPOA,5 ROOM,2B,UPP BOON KENG RD,10 TO 12,110.0,Improved,2006,792000.0,89 Years 7 Months
2016-10,QUEENSTOWN,4 ROOM,61A,STRATHMORE AVE,16 TO 18,98.0,Model A,2011,792000.0,93 Years 3 Months
2015-07,BUKIT MERAH,5 ROOM,119B,KIM TIAN RD,22 TO 24,110.0,Improved,2002,792000.0,85 Years 6 Months
2013-04,BUKIT MERAH,4 ROOM,25A,JLN MEMBINA,13 TO 15,90.0,Model A,2008,792000.0,93 Years 9 Months
2013-02,TOA PAYOH,5 ROOM,122,LOR 2 TOA PAYOH,04 TO 06,121.0,Improved,1999,792000.0,84 Years 10 Months
2013-06,BUKIT MERAH,5 ROOM,14,JLN BT MERAH,04 TO 06,124.0,Improved,1996,791888.0,81 Years 7 Months
2013-12,GEYLANG,5 ROOM,30,CASSIA CRES,10 TO 12,120.0,Improved,1998,790188.0,83 Years 1 Months
2013-11,TOA PAYOH,5 ROOM,143,LOR 2 TOA PAYOH,16 TO 18,110.0,Improved,2002,790000.0,87 Years 2 Months
2016-07,KALLANG/WHAMPOA,5 ROOM,9,BOON KENG RD,07 TO 09,109.0,DBSS,2011,790000.0,93 Years 6 Months
2012-08,QUEENSTOWN,5 ROOM,2,DOVER RD,10 TO 12,147.0,Adjoined flat,1975,790000.0,61 Years 5 Months
2012-10,MARINE PARADE,5 ROOM,3,MARINE TER,04 TO 06,120.0,Standard,1975,790000.0,61 Years 2 Months
2015-10,BUKIT MERAH,5 ROOM,119,BT MERAH VIEW,10 TO 12,130.0,Adjoined flat,1983,790000.0,66 Years 3 Months
2014-04,TAMPINES,EXECUTIVE,942,TAMPINES AVE 5,10 TO 12,154.0,Maisonette,1988,790000.0,72 Years 9 Months
2012-07,BUKIT MERAH,4 ROOM,120,KIM TIAN PL,28 TO 30,101.0,Model A,2001,790000.0,87 Years 6 Months
2013-07,WOODLANDS,EXECUTIVE,835,WOODLANDS ST 83,04 TO 06,192.0,Apartment,1994,790000.0,79 Years 6 Months
2013-08,ANG MO KIO,5 ROOM,596A,ANG MO KIO ST 52,04 TO 06,110.0,Improved,2002,790000.0,87 Years 5 Months
2014-11,BUKIT MERAH,5 ROOM,131B,KIM TIAN RD,13 TO 15,110.0,Improved,2002,790000.0,86 Years 2 Months
2015-03,SERANGOON,EXECUTIVE,322,SERANGOON AVE 3,04 TO 06,146.0,Maisonette,1986,790000.0,69 Years 10 Months
2015-01,GEYLANG,5 ROOM,45,JLN TIGA,16 TO 18,110.0,Improved,2005,790000.0,89 Years 0 Months
2013-06,BUKIT MERAH,5 ROOM,103,SPOTTISWOODE PK RD,16 TO 18,122.0,Standard,1979,790000.0,64 Years 7 Months
2013-06,BUKIT MERAH,4 ROOM,8B,BOON TIONG RD,07 TO 09,100.0,Model A,2005,790000.0,90 Years 7 Months
2012-06,BUKIT MERAH,5 ROOM,4A,BOON TIONG RD,04 TO 06,115.0,Improved,2005,790000.0,91 Years 7 Months
2016-06,ANG MO KIO,EXECUTIVE,433,ANG MO KIO AVE 10,04 TO 06,162.0,Adjoined flat,1979,790000.0,61 Years 7 Months
2016-07,ANG MO KIO,5 ROOM,353,ANG MO KIO ST 32,28 TO 30,110.0,Improved,2001,790000.0,83 Years 6 Months
2016-05,BUKIT MERAH,5 ROOM,53,TELOK BLANGAH DR,19 TO 21,115.0,Standard,1978,790000.0,60 Years 8 Months
2014-11,BUKIT MERAH,5 ROOM,9,JLN RUMAH TINGGI,10 TO 12,137.0,Model A,1984,790000.0,68 Years 1 Months
2013-10,BUKIT MERAH,4 ROOM,77A,REDHILL RD,25 TO 27,100.0,Model A,2005,790000.0,90 Years 3 Months
2013-06,WOODLANDS,EXECUTIVE,331,WOODLANDS AVE 1,07 TO 09,192.0,Apartment,1994,790000.0,79 Years 7 Months
2016-10,BUKIT MERAH,4 ROOM,6A,BOON TIONG RD,07 TO 09,100.0,Model A,2005,790000.0,87 Years 3 Months
2016-07,CLEMENTI,EXECUTIVE,362,CLEMENTI AVE 2,01 TO 03,163.0,Adjoined flat,1978,790000.0,60 Years 6 Months
2013-01,BISHAN,5 ROOM,190,BISHAN ST 13,16 TO 18,121.0,Improved,1987,790000.0,72 Years 11 Months
2013-04,BUKIT MERAH,4 ROOM,75C,REDHILL RD,22 TO 24,100.0,Model A,2007,790000.0,92 Years 9 Months
2013-07,CLEMENTI,5 ROOM,459,CLEMENTI AVE 3,07 TO 09,110.0,Improved,2002,790000.0,87 Years 6 Months
2015-02,BUKIT MERAH,5 ROOM,75C,REDHILL RD,01 TO 03,115.0,Improved,2007,790000.0,90 Years 10 Months
2016-02,MARINE PARADE,5 ROOM,28,MARINE CRES,10 TO 12,126.0,Standard,1975,790000.0,57 Years 10 Months
2016-10,HOUGANG,EXECUTIVE,235,HOUGANG ST 21,04 TO 06,141.0,Apartment,1984,790000.0,66 Years 2 Months
2016-03,BUKIT MERAH,4 ROOM,126A,KIM TIAN RD,22 TO 24,93.0,Model A,2013,790000.0,95 Years 10 Months
2015-08,MARINE PARADE,5 ROOM,29,MARINE CRES,13 TO 15,117.0,Standard,1975,790000.0,58 Years 5 Months
2016-10,BISHAN,5 ROOM,156,BISHAN ST 13,16 TO 18,121.0,Improved,1988,790000.0,70 Years 2 Months
2013-07,KALLANG/WHAMPOA,5 ROOM,106,TOWNER RD,10 TO 12,140.0,Model A-Maisonette,1983,790000.0,68 Years 6 Months
2013-11,WOODLANDS,EXECUTIVE,307,WOODLANDS AVE 1,07 TO 09,192.0,Apartment,1994,790000.0,79 Years 1 Months
2013-01,BUKIT TIMAH,5 ROOM,9,TOH YI DR,07 TO 09,124.0,Improved,1989,790000.0,74 Years 11 Months
2014-03,TOA PAYOH,5 ROOM,80,LOR 4 TOA PAYOH,04 TO 06,123.0,Improved,1996,790000.0,80 Years 10 Months
2012-10,QUEENSTOWN,4 ROOM,91,TANGLIN HALT RD,37 TO 39,90.0,Model A,2008,790000.0,94 Years 2 Months
2013-10,BISHAN,EXECUTIVE,231,BISHAN ST 23,10 TO 12,146.0,Maisonette,1992,790000.0,77 Years 3 Months
2013-07,ANG MO KIO,5 ROOM,521,ANG MO KIO AVE 5,22 TO 24,118.0,Improved,1980,790000.0,65 Years 6 Months
2014-04,MARINE PARADE,5 ROOM,72,MARINE DR,07 TO 09,120.0,Standard,1977,790000.0,61 Years 9 Months
2013-01,KALLANG/WHAMPOA,5 ROOM,13,FARRER PK RD,22 TO 24,109.0,Improved,2004,790000.0,89 Years 11 Months
2013-10,CENTRAL AREA,5 ROOM,642,ROWELL RD,25 TO 27,138.0,Model A,1984,790000.0,69 Years 2 Months
2016-06,BISHAN,5 ROOM,181,BISHAN ST 13,10 TO 12,121.0,Improved,1987,790000.0,69 Years 7 Months
2013-08,QUEENSTOWN,5 ROOM,17,DOVER CRES,22 TO 24,112.0,Improved,2003,790000.0,88 Years 5 Months
2013-05,BUKIT TIMAH,5 ROOM,17,TOH YI DR,04 TO 06,122.0,Improved,1988,790000.0,73 Years 8 Months
2012-12,BUKIT MERAH,5 ROOM,83,REDHILL LANE,04 TO 06,129.0,Improved,1996,790000.0,82 Years 0 Months
2012-05,BUKIT MERAH,5 ROOM,19,JLN MEMBINA,11 TO 15,110.0,Improved,2003,790000.0,89 Years 8 Months
2014-01,ANG MO KIO,5 ROOM,596A,ANG MO KIO ST 52,22 TO 24,110.0,Improved,2002,790000.0,86 Years 11 Months
2015-11,JURONG EAST,EXECUTIVE,288C,JURONG EAST ST 21,04 TO 06,144.0,Maisonette,2000,790000.0,83 Years 2 Months
2013-05,PASIR RIS,EXECUTIVE,603,ELIAS RD,04 TO 06,149.0,Maisonette,1995,790000.0,80 Years 8 Months
2012-12,BUKIT MERAH,4 ROOM,76A,REDHILL RD,10 TO 12,100.0,Model A,2005,790000.0,91 Years 1 Months
2016-04,BISHAN,5 ROOM,291,BISHAN ST 24,13 TO 15,121.0,Premium Apartment,1998,790000.0,80 Years 9 Months
2012-05,BISHAN,MULTI-GENERATION,148,BISHAN ST 11,06 TO 10,134.0,Multi Generation,1987,790000.0,73 Years 8 Months
2016-04,BUKIT MERAH,5 ROOM,12,JLN BT MERAH,19 TO 21,123.0,Improved,1996,790000.0,78 Years 9 Months
2012-05,ANG MO KIO,EXECUTIVE,615,ANG MO KIO AVE 4,06 TO 10,153.0,Apartment,1996,790000.0,82 Years 8 Months
2016-08,SERANGOON,EXECUTIVE,321,SERANGOON AVE 2,04 TO 06,146.0,Maisonette,1986,790000.0,68 Years 5 Months
2012-09,TOA PAYOH,5 ROOM,84,LOR 2 TOA PAYOH,07 TO 09,123.0,Improved,1997,790000.0,83 Years 4 Months
2013-09,BUKIT MERAH,5 ROOM,85,TELOK BLANGAH HTS,04 TO 06,112.0,Improved,2003,790000.0,88 Years 3 Months
2014-07,BUKIT MERAH,5 ROOM,84,TELOK BLANGAH HTS,19 TO 21,118.0,Improved,1997,790000.0,81 Years 6 Months
2013-08,WOODLANDS,EXECUTIVE,402,WOODLANDS ST 41,07 TO 09,177.0,Apartment,1995,790000.0,80 Years 5 Months
2016-04,GEYLANG,5 ROOM,30,CASSIA CRES,10 TO 12,120.0,Improved,1998,790000.0,80 Years 9 Months
2013-01,TAMPINES,MULTI-GENERATION,460,TAMPINES ST 42,01 TO 03,166.0,Multi Generation,1987,790000.0,72 Years 11 Months
2014-07,CLEMENTI,5 ROOM,414,C'WEALTH AVE WEST,22 TO 24,125.0,Improved,1978,790000.0,62 Years 6 Months
2015-05,TOA PAYOH,EXECUTIVE,237,LOR 1 TOA PAYOH,01 TO 03,146.0,Maisonette,1986,790000.0,69 Years 8 Months
2012-03,BEDOK,EXECUTIVE,115,BEDOK NTH RD,01 TO 05,176.0,Adjoined flat,1978,790000.0,64 Years 10 Months
2013-10,BUKIT TIMAH,5 ROOM,9,TOH YI DR,07 TO 09,122.0,Improved,1989,790000.0,74 Years 3 Months
2016-03,TOA PAYOH,5 ROOM,35,LOR 5 TOA PAYOH,19 TO 21,119.0,Improved,1997,790000.0,79 Years 10 Months
2015-04,TOA PAYOH,EXECUTIVE,101A,LOR 2 TOA PAYOH,01 TO 03,147.0,Apartment,1993,790000.0,76 Years 9 Months
2016-04,WOODLANDS,EXECUTIVE,834,WOODLANDS ST 83,07 TO 09,189.0,Apartment,1994,790000.0,76 Years 9 Months
2012-09,ANG MO KIO,EXECUTIVE,616,ANG MO KIO AVE 4,07 TO 09,147.0,Apartment,1996,790000.0,82 Years 3 Months
2012-03,MARINE PARADE,5 ROOM,78,MARINE DR,06 TO 10,120.0,Standard,1977,790000.0,63 Years 10 Months
2012-08,TOA PAYOH,EXECUTIVE,254,KIM KEAT AVE,07 TO 09,153.0,Maisonette,1989,790000.0,75 Years 5 Months
2015-12,BISHAN,5 ROOM,242,BISHAN ST 22,07 TO 09,121.0,Improved,1992,790000.0,75 Years 1 Months
2013-12,QUEENSTOWN,5 ROOM,3A,HOLLAND CL,10 TO 12,124.0,Improved,1998,790000.0,83 Years 1 Months
2015-10,TOA PAYOH,5 ROOM,97,LOR 3 TOA PAYOH,16 TO 18,123.0,Improved,1993,790000.0,76 Years 3 Months
2016-03,MARINE PARADE,5 ROOM,29,MARINE CRES,22 TO 24,120.0,Standard,1975,790000.0,57 Years 10 Months
2016-08,ANG MO KIO,5 ROOM,259,ANG MO KIO AVE 2,07 TO 09,135.0,Model A,1982,790000.0,64 Years 5 Months
2014-06,KALLANG/WHAMPOA,5 ROOM,103,JLN RAJAH,25 TO 27,138.0,Model A,1984,790000.0,68 Years 7 Months
2013-12,TAMPINES,EXECUTIVE,148,TAMPINES AVE 5,10 TO 12,150.0,Maisonette,1985,790000.0,70 Years 1 Months
2014-02,BUKIT TIMAH,5 ROOM,17,TOH YI DR,10 TO 12,122.0,Improved,1988,790000.0,72 Years 10 Months
2012-04,BUKIT MERAH,5 ROOM,16,CANTONMENT CL,21 TO 25,110.0,Improved,2003,790000.0,89 Years 9 Months
2012-10,BUKIT MERAH,5 ROOM,23,JLN MEMBINA,07 TO 09,110.0,Improved,2003,790000.0,89 Years 3 Months
2014-12,BUKIT MERAH,5 ROOM,8B,BOON TIONG RD,01 TO 03,115.0,Improved,2005,790000.0,89 Years 1 Months
2015-07,TAMPINES,EXECUTIVE,856C,TAMPINES ST 82,10 TO 12,148.0,Maisonette,1995,790000.0,78 Years 6 Months
2015-12,KALLANG/WHAMPOA,5 ROOM,807,KING GEORGE'S AVE,22 TO 24,115.0,Improved,1981,789888.0,64 Years 1 Months
2015-10,QUEENSTOWN,4 ROOM,61B,STRATHMORE AVE,22 TO 24,96.0,Model A,2011,789888.0,94 Years 3 Months
2015-11,QUEENSTOWN,4 ROOM,28,GHIM MOH LINK,37 TO 39,92.0,Model A,2013,789000.0,96 Years 2 Months
2015-09,BUKIT MERAH,4 ROOM,6A,BOON TIONG RD,13 TO 15,100.0,Model A,2005,789000.0,88 Years 4 Months
2013-02,BISHAN,5 ROOM,163,BISHAN ST 13,19 TO 21,121.0,Improved,1988,788000.0,73 Years 10 Months
2016-08,BUKIT MERAH,5 ROOM,82,REDHILL LANE,04 TO 06,124.0,Improved,1996,788000.0,78 Years 4 Months
2015-01,GEYLANG,5 ROOM,5,PINE CL,01 TO 03,111.0,Improved,2000,788000.0,83 Years 11 Months
2016-10,BUKIT MERAH,4 ROOM,54,HAVELOCK RD,16 TO 18,95.0,Model A,2013,788000.0,95 Years 3 Months
2013-12,BEDOK,5 ROOM,219C,BEDOK CTRL,16 TO 18,112.0,Improved,2010,788000.0,95 Years 1 Months
2013-01,BEDOK,5 ROOM,109,LENGKONG TIGA,07 TO 09,126.0,Improved,1989,788000.0,74 Years 11 Months
2016-04,BISHAN,5 ROOM,237,BISHAN ST 22,01 TO 03,121.0,Improved,1992,788000.0,74 Years 9 Months
2012-07,TOA PAYOH,5 ROOM,143,LOR 2 TOA PAYOH,13 TO 15,110.0,Improved,2002,788000.0,88 Years 6 Months
2013-12,BUKIT MERAH,4 ROOM,6A,BOON TIONG RD,13 TO 15,100.0,Model A,2005,788000.0,90 Years 1 Months
2014-11,TOA PAYOH,EXECUTIVE,101A,LOR 2 TOA PAYOH,01 TO 03,147.0,Apartment,1993,788000.0,77 Years 2 Months
2012-10,KALLANG/WHAMPOA,5 ROOM,108C,MCNAIR RD,19 TO 21,119.0,Improved,2005,788000.0,91 Years 3 Months
2013-03,BUKIT BATOK,EXECUTIVE,290B,BT BATOK ST 24,13 TO 15,141.0,Apartment,1997,788000.0,82 Years 10 Months
2012-03,BUKIT MERAH,5 ROOM,73A,REDHILL RD,11 TO 15,115.0,Improved,2005,788000.0,91 Years 10 Months
2012-06,GEYLANG,5 ROOM,11,PINE CL,04 TO 06,113.0,Improved,2000,788000.0,86 Years 7 Months
2013-04,BUKIT MERAH,5 ROOM,22,TELOK BLANGAH CRES,10 TO 12,141.0,Adjoined flat,1975,788000.0,60 Years 9 Months
2015-04,TOA PAYOH,5 ROOM,122,LOR 2 TOA PAYOH,07 TO 09,120.0,Improved,1999,788000.0,82 Years 9 Months
2015-03,TOA PAYOH,4 ROOM,79C,TOA PAYOH CTRL,22 TO 24,91.0,Model A,2009,788000.0,92 Years 10 Months
2016-01,BEDOK,5 ROOM,219B,BEDOK CTRL,04 TO 06,112.0,Improved,2010,788000.0,93 Years 0 Months
2012-12,HOUGANG,EXECUTIVE,375,HOUGANG ST 31,04 TO 06,144.0,Apartment,1999,788000.0,85 Years 0 Months
2015-11,TOA PAYOH,5 ROOM,82A,LOR 4 TOA PAYOH,07 TO 09,121.0,Improved,1996,788000.0,79 Years 1 Months
2014-07,WOODLANDS,EXECUTIVE,830,WOODLANDS ST 83,10 TO 12,189.0,Apartment,1994,788000.0,78 Years 6 Months
2014-07,BUKIT MERAH,5 ROOM,70,REDHILL CL,07 TO 09,115.0,Improved,2001,788000.0,85 Years 6 Months
2012-12,QUEENSTOWN,4 ROOM,91,TANGLIN HALT RD,40 TO 42,85.0,Model A,2008,788000.0,94 Years 0 Months
2016-11,HOUGANG,EXECUTIVE,375,HOUGANG ST 31,16 TO 18,144.0,Apartment,1999,788000.0,81 Years 1 Months
2014-09,TAMPINES,EXECUTIVE,245,TAMPINES ST 21,10 TO 12,151.0,Apartment,1984,788000.0,68 Years 3 Months
2012-03,BUKIT MERAH,5 ROOM,6B,BOON TIONG RD,01 TO 05,115.0,Improved,2005,788000.0,91 Years 10 Months
2013-06,JURONG EAST,EXECUTIVE,287B,JURONG EAST ST 21,16 TO 18,142.0,Apartment,1998,788000.0,83 Years 7 Months
2015-04,QUEENSTOWN,4 ROOM,18D,HOLLAND DR,25 TO 27,92.0,Model A,2012,788000.0,95 Years 9 Months
2013-10,QUEENSTOWN,4 ROOM,89,TANGLIN HALT RD,34 TO 36,90.0,Model A,2008,788000.0,93 Years 3 Months
2016-05,PUNGGOL,5 ROOM,305A,PUNGGOL RD,16 TO 18,147.0,Premium Apartment Loft,2012,788000.0,94 Years 8 Months
2012-07,TAMPINES,EXECUTIVE,856B,TAMPINES ST 82,04 TO 06,149.0,Apartment,1995,787000.0,81 Years 6 Months
2016-02,GEYLANG,EXECUTIVE,130,GEYLANG EAST AVE 1,10 TO 12,146.0,Maisonette,1987,786000.0,69 Years 10 Months
2012-05,QUEENSTOWN,5 ROOM,133,CLARENCE LANE,06 TO 10,125.0,Improved,1996,786000.0,82 Years 8 Months
2013-02,BUKIT BATOK,EXECUTIVE,288B,BT BATOK ST 25,07 TO 09,144.0,Apartment,1998,786000.0,83 Years 10 Months
2016-04,BUKIT MERAH,4 ROOM,126A,KIM TIAN RD,22 TO 24,93.0,Model A,2013,786000.0,95 Years 9 Months
2015-06,WOODLANDS,EXECUTIVE,805,WOODLANDS ST 81,04 TO 06,189.0,Apartment,1994,786000.0,77 Years 7 Months
2016-11,CLEMENTI,4 ROOM,425,CLEMENTI AVE 1,28 TO 30,100.0,Model A,2013,785000.0,95 Years 2 Months
2014-09,BUKIT MERAH,5 ROOM,77A,REDHILL RD,04 TO 06,115.0,Improved,2005,785000.0,89 Years 4 Months
2014-03,GEYLANG,5 ROOM,28,CASSIA CRES,16 TO 18,120.0,Improved,1998,785000.0,82 Years 10 Months
2014-07,BUKIT MERAH,5 ROOM,119D,KIM TIAN RD,16 TO 18,110.0,Improved,2002,785000.0,86 Years 6 Months
2014-05,WOODLANDS,EXECUTIVE,307,WOODLANDS AVE 1,10 TO 12,189.0,Apartment,1994,785000.0,78 Years 8 Months
2016-11,BUKIT MERAH,4 ROOM,57,HAVELOCK RD,25 TO 27,89.0,Model A,2013,785000.0,95 Years 2 Months
2013-07,ANG MO KIO,EXECUTIVE,616,ANG MO KIO AVE 4,01 TO 03,148.0,Maisonette,1996,785000.0,81 Years 6 Months
2014-03,JURONG EAST,EXECUTIVE,285D,TOH GUAN RD,16 TO 18,143.0,Apartment,1998,785000.0,82 Years 10 Months
2015-04,GEYLANG,5 ROOM,45,JLN TIGA,07 TO 09,110.0,Improved,2005,785000.0,88 Years 9 Months
2016-04,JURONG EAST,EXECUTIVE,288C,JURONG EAST ST 21,10 TO 12,142.0,Maisonette,2000,785000.0,82 Years 9 Months
2016-03,HOUGANG,EXECUTIVE,522,HOUGANG AVE 6,10 TO 12,145.0,Maisonette,1987,785000.0,69 Years 10 Months
2015-06,CLEMENTI,5 ROOM,355,CLEMENTI AVE 2,22 TO 24,117.0,Standard,1978,785000.0,61 Years 7 Months
2016-05,BISHAN,5 ROOM,264,BISHAN ST 24,10 TO 12,134.0,Model A,1992,785000.0,74 Years 8 Months
2014-06,QUEENSTOWN,5 ROOM,49,STRATHMORE AVE,07 TO 09,110.0,Improved,2006,785000.0,90 Years 7 Months
2016-06,BUKIT MERAH,4 ROOM,75A,REDHILL RD,22 TO 24,100.0,Model A,2005,785000.0,87 Years 7 Months
2012-05,HOUGANG,EXECUTIVE,237,HOUGANG ST 21,06 TO 10,150.0,Maisonette,1984,785000.0,70 Years 8 Months
2013-02,QUEENSTOWN,4 ROOM,52,STRATHMORE AVE,34 TO 36,90.0,Model A,2006,785000.0,91 Years 10 Months
2014-02,CLEMENTI,5 ROOM,101,CLEMENTI ST 14,01 TO 03,121.0,Improved,1984,785000.0,68 Years 10 Months
2015-11,TOA PAYOH,EXECUTIVE,237,LOR 1 TOA PAYOH,04 TO 06,146.0,Maisonette,1986,785000.0,69 Years 2 Months
2014-06,BUKIT MERAH,5 ROOM,126,BT MERAH VIEW,04 TO 06,128.0,Improved,1996,785000.0,80 Years 7 Months
2015-10,TAMPINES,EXECUTIVE,156,TAMPINES ST 12,07 TO 09,151.0,Apartment,1984,785000.0,67 Years 3 Months
2013-11,BUKIT MERAH,5 ROOM,17A,TELOK BLANGAH CRES,25 TO 27,119.0,Improved,2002,785000.0,87 Years 2 Months
2016-03,JURONG EAST,EXECUTIVE,286B,TOH GUAN RD,16 TO 18,143.0,Apartment,1998,785000.0,80 Years 10 Months
2013-05,PASIR RIS,EXECUTIVE,608,ELIAS RD,13 TO 15,155.0,Apartment,1995,785000.0,80 Years 8 Months
2013-07,TOA PAYOH,EXECUTIVE,236,LOR 1 TOA PAYOH,01 TO 03,146.0,Maisonette,1986,785000.0,71 Years 6 Months
2014-03,ANG MO KIO,5 ROOM,596D,ANG MO KIO ST 52,16 TO 18,110.0,Improved,2003,785000.0,87 Years 10 Months
2016-08,QUEENSTOWN,4 ROOM,22,GHIM MOH LINK,28 TO 30,92.0,Model A,2013,785000.0,95 Years 5 Months
2014-09,BISHAN,5 ROOM,155,BISHAN ST 13,19 TO 21,131.0,Improved,1987,785000.0,71 Years 4 Months
2016-05,BUKIT MERAH,5 ROOM,134,JLN BT MERAH,13 TO 15,129.0,Improved,1997,785000.0,79 Years 8 Months
2013-01,BUKIT MERAH,4 ROOM,118D,JLN MEMBINA,25 TO 27,91.0,Model A,2003,785000.0,88 Years 11 Months
2014-04,ANG MO KIO,EXECUTIVE,104A,ANG MO KIO ST 11,01 TO 03,146.0,Maisonette,1996,785000.0,80 Years 9 Months
2013-01,ANG MO KIO,5 ROOM,596C,ANG MO KIO ST 52,04 TO 06,110.0,Improved,2002,785000.0,87 Years 11 Months
2014-10,WOODLANDS,EXECUTIVE,402,WOODLANDS ST 41,10 TO 12,176.0,Apartment,1995,785000.0,79 Years 3 Months
2015-09,QUEENSTOWN,4 ROOM,61C,STRATHMORE AVE,25 TO 27,98.0,Model A,2011,785000.0,94 Years 4 Months
2014-04,BUKIT MERAH,4 ROOM,26B,JLN MEMBINA,28 TO 30,85.0,Model A,2009,785000.0,93 Years 9 Months
2015-11,MARINE PARADE,5 ROOM,79,MARINE DR,07 TO 09,117.0,Standard,1977,785000.0,60 Years 2 Months
2013-04,BUKIT MERAH,5 ROOM,81,REDHILL LANE,04 TO 06,120.0,Improved,1996,785000.0,81 Years 9 Months
2016-03,BISHAN,5 ROOM,290,BISHAN ST 24,16 TO 18,121.0,Premium Apartment,1998,785000.0,80 Years 10 Months
2012-08,MARINE PARADE,5 ROOM,71,MARINE DR,07 TO 09,126.0,Standard,1977,785000.0,63 Years 5 Months
2012-03,BUKIT MERAH,5 ROOM,14,JLN BT MERAH,16 TO 20,123.0,Improved,1996,785000.0,82 Years 10 Months
2012-03,ANG MO KIO,5 ROOM,596D,ANG MO KIO ST 52,21 TO 25,110.0,Improved,2003,785000.0,89 Years 10 Months
2016-01,BEDOK,EXECUTIVE,10D,BEDOK STH AVE 2,04 TO 06,144.0,Apartment,1995,785000.0,78 Years 0 Months
2013-07,BUKIT MERAH,4 ROOM,25B,JLN MEMBINA,25 TO 27,90.0,Model A,2009,785000.0,94 Years 6 Months
2016-03,BUKIT MERAH,4 ROOM,77A,REDHILL RD,19 TO 21,100.0,Model A,2005,785000.0,87 Years 10 Months
2016-07,BUKIT MERAH,4 ROOM,75B,REDHILL RD,22 TO 24,100.0,Model A,2005,785000.0,87 Years 6 Months
2016-03,BISHAN,5 ROOM,179,BISHAN ST 13,13 TO 15,121.0,Improved,1987,784000.0,69 Years 10 Months
2013-04,WOODLANDS,EXECUTIVE,307,WOODLANDS AVE 1,10 TO 12,189.0,Apartment,1994,784000.0,79 Years 9 Months
2015-08,BUKIT MERAH,4 ROOM,120A,KIM TIAN PL,16 TO 18,100.0,Model A,2001,783888.0,84 Years 5 Months
2016-11,KALLANG/WHAMPOA,5 ROOM,816,JELLICOE RD,04 TO 06,110.0,Improved,2003,783888.0,85 Years 1 Months
2012-12,TAMPINES,EXECUTIVE,138,TAMPINES ST 11,01 TO 03,154.0,Adjoined flat,1984,783000.0,70 Years 0 Months
2012-05,QUEENSTOWN,5 ROOM,51,STRATHMORE AVE,01 TO 05,110.0,Improved,2006,783000.0,92 Years 8 Months
2012-10,BUKIT MERAH,4 ROOM,25B,JLN MEMBINA,25 TO 27,90.0,Model A,2009,783000.0,95 Years 3 Months
2012-07,BISHAN,5 ROOM,292,BISHAN ST 22,19 TO 21,123.0,Premium Apartment,1998,783000.0,84 Years 6 Months
2013-06,QUEENSTOWN,4 ROOM,60,STRATHMORE AVE,28 TO 30,96.0,Model A,2000,783000.0,85 Years 7 Months
2014-08,GEYLANG,EXECUTIVE,130,GEYLANG EAST AVE 1,16 TO 18,155.0,Maisonette,1987,783000.0,71 Years 5 Months
2013-06,BUKIT MERAH,5 ROOM,104,SPOTTISWOODE PK RD,13 TO 15,122.0,Standard,1979,783000.0,64 Years 7 Months
2016-09,JURONG EAST,EXECUTIVE,285C,TOH GUAN RD,10 TO 12,145.0,Maisonette,1998,783000.0,80 Years 3 Months
2013-06,TOA PAYOH,4 ROOM,79B,TOA PAYOH CTRL,34 TO 36,91.0,Model A,2009,782888.0,94 Years 7 Months
2016-05,GEYLANG,5 ROOM,415,EUNOS RD 5,16 TO 18,140.0,Model A-Maisonette,1984,782500.0,66 Years 8 Months
2013-03,HOUGANG,EXECUTIVE,407,HOUGANG AVE 10,04 TO 06,150.0,Maisonette,1986,782500.0,71 Years 10 Months
2015-05,TAMPINES,EXECUTIVE,148,TAMPINES AVE 5,07 TO 09,142.0,Apartment,1985,782000.0,68 Years 8 Months
2013-07,TOA PAYOH,4 ROOM,79D,TOA PAYOH CTRL,37 TO 39,90.0,Model A,2009,782000.0,94 Years 6 Months
2013-10,BUKIT MERAH,5 ROOM,103,SPOTTISWOODE PK RD,19 TO 21,122.0,Standard,1979,782000.0,64 Years 3 Months
2012-05,TOA PAYOH,5 ROOM,62,LOR 4 TOA PAYOH,26 TO 30,120.0,Improved,1999,782000.0,85 Years 8 Months
2016-01,BISHAN,5 ROOM,291,BISHAN ST 24,10 TO 12,121.0,Premium Apartment,1998,782000.0,81 Years 0 Months
2015-01,BISHAN,5 ROOM,128,BISHAN ST 12,13 TO 15,121.0,Improved,1987,782000.0,70 Years 11 Months
2012-09,TOA PAYOH,5 ROOM,81B,LOR 4 TOA PAYOH,22 TO 24,122.0,Improved,1997,782000.0,83 Years 4 Months
2016-08,KALLANG/WHAMPOA,4 ROOM,8,BOON KENG RD,22 TO 24,95.0,DBSS,2011,781888.0,93 Years 5 Months
2013-03,TOA PAYOH,5 ROOM,141,LOR 2 TOA PAYOH,07 TO 09,115.0,Improved,2001,781888.0,86 Years 10 Months
2012-11,BUKIT MERAH,5 ROOM,76A,REDHILL RD,01 TO 03,115.0,Improved,2005,781000.0,91 Years 2 Months
2014-01,HOUGANG,EXECUTIVE,522,HOUGANG AVE 6,10 TO 12,145.0,Maisonette,1987,781000.0,71 Years 11 Months
2014-10,SERANGOON,EXECUTIVE,232A,SERANGOON AVE 2,07 TO 09,140.0,Apartment,1998,781000.0,82 Years 3 Months
2015-11,BEDOK,EXECUTIVE,42,CHAI CHEE ST,07 TO 09,162.0,Adjoined flat,1985,780888.0,68 Years 2 Months
2013-10,QUEENSTOWN,3 ROOM,56,STIRLING RD,01 TO 03,108.0,Terrace,1968,780000.0,53 Years 2 Months
2016-08,ANG MO KIO,EXECUTIVE,330,ANG MO KIO AVE 1,07 TO 09,163.0,Adjoined flat,1981,780000.0,63 Years 5 Months
2013-10,KALLANG/WHAMPOA,EXECUTIVE,110,MCNAIR RD,01 TO 03,144.0,Apartment,1987,780000.0,72 Years 3 Months
2013-09,BEDOK,EXECUTIVE,94C,BEDOK NTH AVE 4,04 TO 06,143.0,Apartment,1993,780000.0,78 Years 4 Months
2015-06,KALLANG/WHAMPOA,EXECUTIVE,105,JLN RAJAH,04 TO 06,157.0,Maisonette,1984,780000.0,67 Years 7 Months
2016-08,BISHAN,5 ROOM,173,BISHAN ST 13,16 TO 18,121.0,Improved,1987,780000.0,69 Years 5 Months
2013-09,HOUGANG,EXECUTIVE,430,HOUGANG AVE 6,07 TO 09,146.0,Maisonette,1989,780000.0,74 Years 4 Months
2016-06,HOUGANG,EXECUTIVE,221,HOUGANG ST 21,01 TO 03,146.0,Maisonette,1992,780000.0,74 Years 7 Months
2016-04,SERANGOON,EXECUTIVE,322,SERANGOON AVE 3,04 TO 06,146.0,Maisonette,1986,780000.0,68 Years 9 Months
2016-06,GEYLANG,EXECUTIVE,133,GEYLANG EAST AVE 1,13 TO 15,144.0,Apartment,1987,780000.0,69 Years 7 Months
2016-06,QUEENSTOWN,4 ROOM,62A,STRATHMORE AVE,25 TO 27,90.0,Model A,2011,780000.0,93 Years 7 Months
2012-11,BISHAN,5 ROOM,161,BISHAN ST 13,19 TO 21,131.0,Improved,1988,780000.0,74 Years 1 Months
2012-12,BUKIT MERAH,5 ROOM,103,SPOTTISWOODE PK RD,19 TO 21,121.0,Standard,1979,780000.0,65 Years 0 Months
2015-04,BISHAN,5 ROOM,179,BISHAN ST 13,16 TO 18,121.0,Improved,1987,780000.0,70 Years 9 Months
2012-11,BUKIT MERAH,4 ROOM,2A,BOON TIONG RD,16 TO 18,100.0,Model A,2001,780000.0,87 Years 2 Months
2012-11,BUKIT MERAH,4 ROOM,23,JLN MEMBINA,25 TO 27,90.0,Model A,2003,780000.0,89 Years 1 Months
2015-02,TAMPINES,EXECUTIVE,149,TAMPINES ST 12,07 TO 09,150.0,Apartment,1984,780000.0,67 Years 10 Months
2013-10,BEDOK,5 ROOM,114,LENGKONG TIGA,10 TO 12,120.0,Improved,1989,780000.0,74 Years 3 Months
2013-10,BUKIT MERAH,5 ROOM,86,TELOK BLANGAH HTS,22 TO 24,110.0,Improved,2003,780000.0,88 Years 3 Months
2015-02,BUKIT MERAH,5 ROOM,111B,DEPOT RD,22 TO 24,116.0,Improved,2006,780000.0,89 Years 10 Months
2013-12,BISHAN,EXECUTIVE,212,BISHAN ST 23,04 TO 06,149.0,Maisonette,1992,780000.0,77 Years 0 Months
2013-09,WOODLANDS,EXECUTIVE,807,WOODLANDS ST 81,04 TO 06,192.0,Apartment,1994,780000.0,79 Years 4 Months
2015-01,QUEENSTOWN,5 ROOM,19,DOVER CRES,28 TO 30,111.0,Improved,2003,780000.0,86 Years 11 Months
2015-03,GEYLANG,5 ROOM,34,EUNOS CRES,04 TO 06,110.0,Improved,2006,780000.0,89 Years 10 Months
2013-01,BUKIT MERAH,5 ROOM,13,JLN BT MERAH,01 TO 03,124.0,Improved,1996,780000.0,81 Years 11 Months
2012-11,GEYLANG,5 ROOM,34,EUNOS CRES,10 TO 12,110.0,Improved,2006,780000.0,92 Years 1 Months
2015-05,QUEENSTOWN,4 ROOM,18D,HOLLAND DR,16 TO 18,87.0,Model A,2012,780000.0,95 Years 8 Months
2016-07,KALLANG/WHAMPOA,5 ROOM,813,JELLICOE RD,07 TO 09,110.0,Improved,2003,780000.0,85 Years 6 Months
2012-10,PASIR RIS,EXECUTIVE,408,PASIR RIS DR 6,01 TO 03,147.0,Maisonette,1990,780000.0,76 Years 3 Months
2015-01,HOUGANG,EXECUTIVE,851,HOUGANG CTRL,10 TO 12,137.0,Apartment,1997,780000.0,81 Years 0 Months
2015-04,ANG MO KIO,5 ROOM,596C,ANG MO KIO ST 52,13 TO 15,110.0,Improved,2002,780000.0,85 Years 9 Months
2016-05,BEDOK,5 ROOM,14,BEDOK STH AVE 2,19 TO 21,132.0,Model A,1995,780000.0,77 Years 8 Months
2012-11,JURONG EAST,EXECUTIVE,286B,TOH GUAN RD,04 TO 06,144.0,Apartment,1998,780000.0,84 Years 1 Months
2012-10,BUKIT TIMAH,5 ROOM,12,TOH YI DR,07 TO 09,122.0,Improved,1989,780000.0,75 Years 3 Months
2015-01,BUKIT MERAH,5 ROOM,95,HAVELOCK RD,10 TO 12,118.0,Improved,1983,780000.0,66 Years 11 Months
2012-11,KALLANG/WHAMPOA,EXECUTIVE,11,JLN BATU,01 TO 03,140.0,Apartment,1986,780000.0,72 Years 1 Months
2013-01,HOUGANG,EXECUTIVE,374,HOUGANG ST 31,04 TO 06,144.0,Apartment,2000,780000.0,85 Years 11 Months
2016-06,BISHAN,5 ROOM,183,BISHAN ST 13,13 TO 15,121.0,Improved,1987,780000.0,69 Years 7 Months
2012-12,CLEMENTI,EXECUTIVE,506,WEST COAST DR,04 TO 06,155.0,Adjoined flat,1978,780000.0,64 Years 1 Months
2012-12,HOUGANG,EXECUTIVE,374,HOUGANG ST 31,13 TO 15,141.0,Apartment,2000,780000.0,86 Years 0 Months
2015-11,QUEENSTOWN,4 ROOM,129,CLARENCE LANE,10 TO 12,103.0,Model A,1996,780000.0,79 Years 1 Months
2012-10,BEDOK,5 ROOM,115,LENGKONG TIGA,04 TO 06,127.0,Improved,1989,780000.0,75 Years 3 Months
2013-04,ANG MO KIO,5 ROOM,309A,ANG MO KIO ST 31,22 TO 24,110.0,Improved,2006,780000.0,91 Years 9 Months
2015-09,QUEENSTOWN,4 ROOM,61B,STRATHMORE AVE,25 TO 27,96.0,Model A,2011,780000.0,94 Years 4 Months
2016-11,BISHAN,5 ROOM,173,BISHAN ST 13,13 TO 15,121.0,Improved,1987,780000.0,69 Years 1 Months
2016-11,BISHAN,5 ROOM,153,BISHAN ST 13,07 TO 09,130.0,Improved,1987,780000.0,69 Years 1 Months
2014-05,ANG MO KIO,5 ROOM,700A,ANG MO KIO AVE 6,19 TO 21,111.0,Improved,2003,780000.0,87 Years 8 Months
2013-04,BUKIT MERAH,4 ROOM,6B,BOON TIONG RD,07 TO 09,100.0,Model A,2005,780000.0,90 Years 9 Months
2016-10,TAMPINES,EXECUTIVE,856C,TAMPINES ST 82,04 TO 06,148.0,Maisonette,1995,780000.0,77 Years 3 Months
2015-09,HOUGANG,EXECUTIVE,852,HOUGANG CTRL,10 TO 12,137.0,Apartment,1997,780000.0,80 Years 4 Months
2016-01,QUEENSTOWN,4 ROOM,61A,STRATHMORE AVE,22 TO 24,98.0,Model A,2011,780000.0,94 Years 0 Months
2015-09,BUKIT BATOK,EXECUTIVE,289B,BT BATOK ST 25,10 TO 12,144.0,Apartment,1997,780000.0,80 Years 4 Months
2014-09,TOA PAYOH,EXECUTIVE,236,LOR 1 TOA PAYOH,01 TO 03,151.0,Maisonette,1986,780000.0,70 Years 4 Months
2016-10,BUKIT MERAH,4 ROOM,126C,KIM TIAN RD,25 TO 27,88.0,Model A,2013,780000.0,95 Years 3 Months
2016-02,BUKIT MERAH,5 ROOM,109,SPOTTISWOODE PK RD,19 TO 21,118.0,Standard,1979,780000.0,61 Years 10 Months
2016-10,BUKIT MERAH,4 ROOM,56,HAVELOCK RD,10 TO 12,94.0,Model A,2013,780000.0,95 Years 3 Months
2012-07,TOA PAYOH,5 ROOM,60,LOR 4 TOA PAYOH,19 TO 21,120.0,Improved,1999,780000.0,85 Years 6 Months
2016-10,BISHAN,EXECUTIVE,261,BISHAN ST 22,01 TO 03,146.0,Maisonette,1992,780000.0,74 Years 2 Months
2015-08,KALLANG/WHAMPOA,5 ROOM,13,FARRER PK RD,25 TO 27,110.0,Improved,2004,780000.0,87 Years 5 Months
2016-03,BUKIT MERAH,4 ROOM,6B,BOON TIONG RD,16 TO 18,100.0,Model A,2005,780000.0,87 Years 10 Months
2014-03,TOA PAYOH,EXECUTIVE,257,KIM KEAT AVE,04 TO 06,146.0,Maisonette,1988,780000.0,72 Years 10 Months
2014-05,BUKIT MERAH,5 ROOM,2,DELTA AVE,16 TO 18,122.0,Improved,1985,780000.0,69 Years 8 Months
2016-01,BUKIT MERAH,4 ROOM,76A,REDHILL RD,25 TO 27,100.0,Model A,2005,780000.0,88 Years 0 Months
2012-08,CLEMENTI,5 ROOM,459,CLEMENTI AVE 3,10 TO 12,110.0,Improved,2002,780000.0,88 Years 5 Months
2016-11,TOA PAYOH,4 ROOM,79C,TOA PAYOH CTRL,19 TO 21,91.0,Model A,2009,780000.0,91 Years 2 Months
2015-11,QUEENSTOWN,4 ROOM,22,GHIM MOH LINK,40 TO 42,92.0,Model A,2013,780000.0,96 Years 2 Months
2012-04,SERANGOON,EXECUTIVE,236A,SERANGOON AVE 2,06 TO 10,140.0,Apartment,1998,780000.0,84 Years 9 Months
2016-12,QUEENSTOWN,5 ROOM,7,GHIM MOH RD,25 TO 27,117.0,Standard,1977,780000.0,59 Years 1 Months
2014-08,ANG MO KIO,5 ROOM,700B,ANG MO KIO AVE 6,16 TO 18,111.0,Improved,2003,780000.0,87 Years 5 Months
2016-12,BUKIT MERAH,5 ROOM,131C,KIM TIAN RD,10 TO 12,110.0,Improved,2002,780000.0,84 Years 1 Months
2013-05,BUKIT MERAH,4 ROOM,76A,REDHILL RD,07 TO 09,100.0,Model A,2005,780000.0,90 Years 8 Months
2015-11,CENTRAL AREA,4 ROOM,1F,CANTONMENT RD,13 TO 15,95.0,Type S1,2011,780000.0,94 Years 2 Months
2013-05,BEDOK,EXECUTIVE,629,BEDOK RESERVOIR RD,01 TO 03,173.0,Apartment,1993,780000.0,78 Years 8 Months
2015-12,BISHAN,5 ROOM,264,BISHAN ST 24,13 TO 15,134.0,Model A,1992,780000.0,75 Years 1 Months
2014-09,QUEENSTOWN,4 ROOM,61A,STRATHMORE AVE,19 TO 21,98.0,Model A,2011,780000.0,95 Years 4 Months
2013-04,WOODLANDS,EXECUTIVE,308,WOODLANDS AVE 1,07 TO 09,189.0,Apartment,1994,780000.0,79 Years 9 Months
2015-10,SERANGOON,EXECUTIVE,142,SERANGOON NTH AVE 1,01 TO 03,150.0,Apartment,1986,780000.0,69 Years 3 Months
2015-12,MARINE PARADE,5 ROOM,29,MARINE CRES,13 TO 15,120.0,Standard,1975,780000.0,58 Years 1 Months
2015-12,MARINE PARADE,5 ROOM,3,MARINE TER,25 TO 27,120.0,Standard,1975,780000.0,58 Years 1 Months
2015-12,QUEENSTOWN,4 ROOM,50,STRATHMORE AVE,22 TO 24,90.0,Model A,2006,780000.0,89 Years 1 Months
2016-11,BUKIT MERAH,4 ROOM,127A,KIM TIAN RD,31 TO 33,93.0,Model A,2013,780000.0,95 Years 2 Months
2016-11,BUKIT MERAH,4 ROOM,55,HAVELOCK RD,34 TO 36,94.0,Model A,2013,780000.0,95 Years 2 Months
2013-04,CLEMENTI,5 ROOM,413,C'WEALTH AVE WEST,22 TO 24,125.0,Improved,1978,780000.0,63 Years 9 Months
2016-09,TAMPINES,EXECUTIVE,149,TAMPINES ST 12,10 TO 12,150.0,Maisonette,1984,780000.0,66 Years 3 Months
2012-11,TOA PAYOH,4 ROOM,79D,TOA PAYOH CTRL,28 TO 30,91.0,Model A,2009,780000.0,95 Years 2 Months
2016-09,QUEENSTOWN,5 ROOM,7,GHIM MOH RD,19 TO 21,117.0,Standard,1977,780000.0,59 Years 3 Months
2012-08,TAMPINES,EXECUTIVE,856B,TAMPINES ST 82,13 TO 15,145.0,Apartment,1995,780000.0,81 Years 5 Months
2012-08,TOA PAYOH,EXECUTIVE,236,LOR 1 TOA PAYOH,04 TO 06,146.0,Maisonette,1986,780000.0,72 Years 5 Months
2016-03,KALLANG/WHAMPOA,4 ROOM,8,BOON KENG RD,25 TO 27,95.0,DBSS,2011,780000.0,93 Years 10 Months
2016-03,MARINE PARADE,5 ROOM,12,MARINE TER,04 TO 06,120.0,Standard,1975,780000.0,57 Years 10 Months
2012-09,BEDOK,EXECUTIVE,94B,BEDOK NTH AVE 4,10 TO 12,143.0,Apartment,1993,780000.0,79 Years 4 Months
2014-02,KALLANG/WHAMPOA,5 ROOM,103,TOWNER RD,04 TO 06,140.0,Model A-Maisonette,1983,780000.0,67 Years 10 Months
2016-04,ANG MO KIO,5 ROOM,596D,ANG MO KIO ST 52,13 TO 15,110.0,Improved,2003,780000.0,85 Years 9 Months
2013-08,GEYLANG,5 ROOM,36,EUNOS CRES,10 TO 12,110.0,Improved,2006,780000.0,91 Years 5 Months
2012-09,KALLANG/WHAMPOA,3 ROOM,39,JLN BAHAGIA,01 TO 03,83.0,Terrace,1972,780000.0,58 Years 3 Months
2016-09,ANG MO KIO,5 ROOM,588B,ANG MO KIO ST 52,13 TO 15,112.0,DBSS,2011,780000.0,93 Years 3 Months
2013-08,SERANGOON,EXECUTIVE,119,SERANGOON NTH AVE 1,01 TO 03,153.0,Maisonette,1984,780000.0,69 Years 5 Months
2012-09,PASIR RIS,EXECUTIVE,531,PASIR RIS DR 1,04 TO 06,164.0,Maisonette,1992,780000.0,78 Years 3 Months
2013-02,BUKIT MERAH,5 ROOM,109A,DEPOT RD,19 TO 21,116.0,Improved,2006,780000.0,91 Years 10 Months
2015-06,QUEENSTOWN,4 ROOM,91,TANGLIN HALT RD,28 TO 30,90.0,Model A,2008,780000.0,91 Years 7 Months
2014-01,JURONG EAST,EXECUTIVE,286C,TOH GUAN RD,13 TO 15,143.0,Apartment,1998,780000.0,82 Years 11 Months
2016-08,HOUGANG,EXECUTIVE,144,LOR AH SOO,04 TO 06,160.0,Maisonette,1984,780000.0,66 Years 4 Months
2016-08,GEYLANG,EXECUTIVE,130,GEYLANG EAST AVE 1,04 TO 06,144.0,Apartment,1987,780000.0,69 Years 5 Months
2012-10,ANG MO KIO,EXECUTIVE,602,ANG MO KIO AVE 5,04 TO 06,163.0,Adjoined flat,1980,780000.0,66 Years 2 Months
2014-03,BISHAN,EXECUTIVE,404,SIN MING AVE,01 TO 03,148.0,Maisonette,1986,780000.0,70 Years 10 Months
2014-12,BISHAN,5 ROOM,196,BISHAN ST 13,04 TO 06,123.0,Improved,1987,780000.0,71 Years 1 Months
2013-07,WOODLANDS,EXECUTIVE,119,MARSILING RISE,10 TO 12,187.0,Apartment,1995,780000.0,80 Years 6 Months
2014-11,HOUGANG,EXECUTIVE,851,HOUGANG CTRL,07 TO 09,138.0,Apartment,1997,780000.0,81 Years 2 Months
2016-03,BUKIT MERAH,5 ROOM,49,TELOK BLANGAH DR,13 TO 15,123.0,Standard,1976,780000.0,58 Years 10 Months
2016-03,BUKIT MERAH,5 ROOM,55,TELOK BLANGAH DR,10 TO 12,146.0,Adjoined flat,1978,780000.0,60 Years 10 Months
2014-11,GEYLANG,5 ROOM,30,CASSIA CRES,10 TO 12,120.0,Improved,1998,780000.0,82 Years 2 Months
2016-09,PUNGGOL,5 ROOM,305D,PUNGGOL DR,16 TO 18,147.0,Premium Apartment Loft,2012,780000.0,94 Years 3 Months
2013-03,BUKIT MERAH,5 ROOM,22,JLN MEMBINA,04 TO 06,110.0,Improved,2003,780000.0,88 Years 10 Months
2016-03,CLEMENTI,5 ROOM,101,CLEMENTI ST 14,07 TO 09,121.0,Improved,1984,780000.0,66 Years 10 Months
2016-09,ANG MO KIO,EXECUTIVE,615,ANG MO KIO AVE 4,10 TO 12,147.0,Apartment,1996,779000.0,78 Years 3 Months
2015-08,BUKIT MERAH,4 ROOM,75B,REDHILL RD,28 TO 30,100.0,Model A,2005,778888.0,88 Years 5 Months
2012-05,BUKIT MERAH,5 ROOM,94,HAVELOCK RD,16 TO 20,118.0,Improved,1983,778888.0,69 Years 8 Months
2016-11,TOA PAYOH,4 ROOM,154,LOR 2 TOA PAYOH,28 TO 30,101.0,Model A,2001,778888.0,83 Years 2 Months
2012-05,GEYLANG,5 ROOM,36,EUNOS CRES,16 TO 20,110.0,Improved,2006,778000.0,92 Years 8 Months
2013-03,PASIR RIS,EXECUTIVE,778,PASIR RIS ST 71,01 TO 03,143.0,Apartment,1996,778000.0,81 Years 10 Months
2012-04,BUKIT MERAH,4 ROOM,75C,REDHILL RD,16 TO 20,100.0,Model A,2007,778000.0,93 Years 9 Months
2015-04,BUKIT MERAH,4 ROOM,75A,REDHILL RD,22 TO 24,100.0,Model A,2005,778000.0,88 Years 9 Months
2013-03,MARINE PARADE,5 ROOM,12,MARINE TER,01 TO 03,122.0,Standard,1975,778000.0,60 Years 10 Months
2013-05,BUKIT TIMAH,5 ROOM,11,TOH YI DR,01 TO 03,122.0,Improved,1989,778000.0,74 Years 8 Months
2015-11,QUEENSTOWN,5 ROOM,52,STRATHMORE AVE,04 TO 06,110.0,Improved,2006,778000.0,89 Years 2 Months
2016-12,YISHUN,EXECUTIVE,664,YISHUN AVE 4,10 TO 12,181.0,Apartment,1992,778000.0,74 Years 0 Months
2012-12,HOUGANG,5 ROOM,234,HOUGANG AVE 1,04 TO 06,142.0,Model A-Maisonette,1984,778000.0,70 Years 0 Months
2015-03,TOA PAYOH,5 ROOM,84,LOR 2 TOA PAYOH,04 TO 06,124.0,Improved,1997,778000.0,80 Years 10 Months
2013-03,TOA PAYOH,4 ROOM,152,LOR 2 TOA PAYOH,37 TO 39,91.0,Model A,2006,778000.0,91 Years 10 Months
2013-08,BISHAN,5 ROOM,155,BISHAN ST 13,10 TO 12,130.0,Improved,1987,778000.0,72 Years 5 Months
2013-04,BUKIT MERAH,4 ROOM,23,JLN MEMBINA,28 TO 30,90.0,Model A,2003,778000.0,88 Years 9 Months
2016-10,BUKIT MERAH,5 ROOM,2,DELTA AVE,07 TO 09,122.0,Improved,1985,778000.0,67 Years 3 Months
2016-09,BEDOK,5 ROOM,220B,BEDOK CTRL,04 TO 06,112.0,Improved,2010,778000.0,92 Years 3 Months
2013-01,BUKIT TIMAH,5 ROOM,11,TOH YI DR,04 TO 06,122.0,Improved,1989,777000.0,74 Years 11 Months
2012-10,BEDOK,5 ROOM,14,BEDOK STH AVE 2,07 TO 09,136.0,Model A,1995,777000.0,81 Years 3 Months
2016-11,BISHAN,5 ROOM,216,BISHAN ST 23,10 TO 12,137.0,Model A,1992,777000.0,74 Years 1 Months
2015-11,KALLANG/WHAMPOA,5 ROOM,10,JLN BATU,07 TO 09,132.0,Improved,1986,777000.0,69 Years 2 Months
2013-04,TAMPINES,EXECUTIVE,858,TAMPINES AVE 5,10 TO 12,146.0,Maisonette,1988,777000.0,73 Years 9 Months
2016-12,BISHAN,4 ROOM,273A,BISHAN ST 24,16 TO 18,95.0,DBSS,2011,776888.0,93 Years 1 Months
2013-01,QUEENSTOWN,4 ROOM,91,TANGLIN HALT RD,19 TO 21,90.0,Model A,2008,776388.0,93 Years 11 Months
2016-05,QUEENSTOWN,4 ROOM,91,TANGLIN HALT RD,28 TO 30,90.0,Model A,2008,776000.0,90 Years 8 Months
2016-04,QUEENSTOWN,4 ROOM,18D,HOLLAND DR,25 TO 27,87.0,Model A,2012,775800.0,94 Years 9 Months
2012-11,BUKIT MERAH,5 ROOM,85,TELOK BLANGAH HTS,10 TO 12,110.0,Improved,2003,775500.0,89 Years 1 Months
2015-06,GEYLANG,EXECUTIVE,842,SIMS AVE,01 TO 03,147.0,Maisonette,1985,775000.0,68 Years 7 Months
2013-04,BUKIT MERAH,4 ROOM,26B,JLN MEMBINA,19 TO 21,85.0,Model A,2009,775000.0,94 Years 9 Months
2012-04,BUKIT MERAH,5 ROOM,19,JLN MEMBINA,01 TO 05,110.0,Improved,2003,775000.0,89 Years 9 Months
2013-10,BUKIT MERAH,4 ROOM,75A,REDHILL RD,16 TO 18,100.0,Model A,2005,775000.0,90 Years 3 Months
2013-05,TOA PAYOH,5 ROOM,82B,LOR 4 TOA PAYOH,10 TO 12,122.0,Improved,1996,775000.0,81 Years 8 Months
2012-03,MARINE PARADE,5 ROOM,73,MARINE DR,21 TO 25,120.0,Standard,1977,775000.0,63 Years 10 Months
2015-11,BUKIT MERAH,4 ROOM,20,JLN MEMBINA,25 TO 27,90.0,Model A,2003,775000.0,86 Years 2 Months
2013-05,BUKIT MERAH,5 ROOM,37,TELOK BLANGAH RISE,22 TO 24,119.0,Standard,1976,775000.0,61 Years 8 Months
2013-02,HOUGANG,EXECUTIVE,358,HOUGANG AVE 5,07 TO 09,146.0,Apartment,1992,775000.0,77 Years 10 Months
2013-05,WOODLANDS,EXECUTIVE,307,WOODLANDS AVE 1,01 TO 03,192.0,Apartment,1994,775000.0,79 Years 8 Months
2013-06,BISHAN,5 ROOM,194,BISHAN ST 13,07 TO 09,121.0,Improved,1987,775000.0,72 Years 7 Months
2016-03,BUKIT MERAH,5 ROOM,2,DELTA AVE,10 TO 12,122.0,Improved,1985,775000.0,67 Years 10 Months
2013-07,ANG MO KIO,5 ROOM,317,ANG MO KIO ST 31,10 TO 12,138.0,Model A,1994,775000.0,79 Years 6 Months
2015-12,BUKIT MERAH,4 ROOM,127A,KIM TIAN RD,25 TO 27,93.0,Model A,2013,775000.0,96 Years 1 Months
2013-04,JURONG EAST,EXECUTIVE,285D,TOH GUAN RD,16 TO 18,142.0,Apartment,1998,775000.0,83 Years 9 Months
2015-09,BEDOK,5 ROOM,14,BEDOK STH AVE 2,22 TO 24,132.0,Model A,1995,775000.0,78 Years 4 Months
2012-11,QUEENSTOWN,3 ROOM,58,STIRLING RD,01 TO 03,79.0,Terrace,1968,775000.0,54 Years 1 Months
2014-01,BISHAN,EXECUTIVE,257,BISHAN ST 22,04 TO 06,147.0,Maisonette,1992,775000.0,76 Years 11 Months
2014-09,BISHAN,EXECUTIVE,452,SIN MING AVE,01 TO 03,145.0,Maisonette,1989,775000.0,73 Years 4 Months
2016-11,JURONG EAST,EXECUTIVE,287A,JURONG EAST ST 21,07 TO 09,144.0,Apartment,1998,775000.0,80 Years 1 Months
2014-09,BUKIT MERAH,4 ROOM,8A,BOON TIONG RD,07 TO 09,100.0,Model A,2005,775000.0,89 Years 4 Months
2014-11,BUKIT MERAH,5 ROOM,119C,KIM TIAN RD,25 TO 27,110.0,Improved,2003,775000.0,87 Years 2 Months
2012-07,TOA PAYOH,5 ROOM,60,LOR 4 TOA PAYOH,13 TO 15,120.0,Improved,1999,775000.0,85 Years 6 Months
2014-08,BUKIT MERAH,5 ROOM,106,SPOTTISWOODE PK RD,22 TO 24,118.0,Standard,1979,775000.0,63 Years 5 Months
2016-10,BUKIT MERAH,4 ROOM,121A,KIM TIAN PL,16 TO 18,100.0,Model A,2001,775000.0,83 Years 3 Months
2015-03,TAMPINES,EXECUTIVE,149,TAMPINES ST 12,04 TO 06,148.0,Maisonette,1984,775000.0,67 Years 10 Months
2012-10,QUEENSTOWN,4 ROOM,91,TANGLIN HALT RD,28 TO 30,90.0,Model A,2008,775000.0,94 Years 2 Months
2016-10,BISHAN,5 ROOM,178,BISHAN ST 13,04 TO 06,123.0,Improved,1987,775000.0,69 Years 2 Months
2014-10,WOODLANDS,EXECUTIVE,420,WOODLANDS ST 41,07 TO 09,177.0,Apartment,1995,775000.0,79 Years 3 Months
2014-08,TOA PAYOH,5 ROOM,144,LOR 2 TOA PAYOH,16 TO 18,110.0,Improved,2002,775000.0,86 Years 5 Months
2012-09,BUKIT MERAH,4 ROOM,118D,JLN MEMBINA,28 TO 30,92.0,Model A,2003,775000.0,89 Years 3 Months
2012-11,BEDOK,EXECUTIVE,629,BEDOK RESERVOIR RD,07 TO 09,165.0,Apartment,1993,775000.0,79 Years 1 Months
2012-03,BISHAN,EXECUTIVE,244,BISHAN ST 22,01 TO 05,147.0,Maisonette,1992,775000.0,78 Years 10 Months
2015-02,QUEENSTOWN,4 ROOM,90,TANGLIN HALT RD,40 TO 42,85.0,Model A,2008,775000.0,91 Years 10 Months
2012-10,QUEENSTOWN,4 ROOM,90,TANGLIN HALT RD,37 TO 39,85.0,Model A,2008,775000.0,94 Years 2 Months
2016-06,MARINE PARADE,5 ROOM,43,MARINE CRES,22 TO 24,120.0,Standard,1975,775000.0,57 Years 7 Months
2014-05,CENTRAL AREA,4 ROOM,233,BAIN ST,19 TO 21,82.0,Improved,1980,775000.0,64 Years 8 Months
2016-08,BISHAN,5 ROOM,156,BISHAN ST 13,13 TO 15,121.0,Improved,1988,775000.0,70 Years 4 Months
2012-04,QUEENSTOWN,5 ROOM,56,STRATHMORE AVE,06 TO 10,110.0,Improved,2002,775000.0,88 Years 9 Months
2012-09,TOA PAYOH,5 ROOM,36,LOR 5 TOA PAYOH,22 TO 24,120.0,Improved,1997,775000.0,83 Years 4 Months
2012-04,GEYLANG,5 ROOM,60,DAKOTA CRES,01 TO 05,140.0,Model A-Maisonette,1983,775000.0,69 Years 9 Months
2012-06,QUEENSTOWN,5 ROOM,8,GHIM MOH RD,16 TO 18,119.0,Standard,1977,775000.0,63 Years 7 Months
2014-04,BISHAN,EXECUTIVE,452,SIN MING AVE,01 TO 03,146.0,Maisonette,1989,775000.0,73 Years 9 Months
2012-03,ANG MO KIO,5 ROOM,700C,ANG MO KIO AVE 6,16 TO 20,111.0,Improved,2003,775000.0,89 Years 10 Months
2015-01,PASIR RIS,EXECUTIVE,583,PASIR RIS ST 53,10 TO 12,146.0,Apartment,1995,775000.0,78 Years 11 Months
2016-11,GEYLANG,5 ROOM,36,EUNOS CRES,13 TO 15,110.0,Improved,2006,775000.0,88 Years 1 Months
2014-10,HOUGANG,EXECUTIVE,850,HOUGANG CTRL,01 TO 03,142.0,Maisonette,1997,774000.0,81 Years 3 Months
2013-04,HOUGANG,5 ROOM,234,HOUGANG AVE 1,04 TO 06,142.0,Model A-Maisonette,1984,773000.0,69 Years 9 Months
2014-04,KALLANG/WHAMPOA,5 ROOM,104,TOWNER RD,07 TO 09,139.0,Model A-Maisonette,1983,773000.0,67 Years 9 Months
2015-05,JURONG EAST,EXECUTIVE,287A,JURONG EAST ST 21,13 TO 15,143.0,Apartment,1998,773000.0,81 Years 8 Months
2013-03,QUEENSTOWN,4 ROOM,30,HOLLAND CL,19 TO 21,105.0,Model A,1997,773000.0,82 Years 10 Months
2016-05,BUKIT TIMAH,5 ROOM,13,TOH YI DR,10 TO 12,122.0,Improved,1988,773000.0,70 Years 8 Months
2012-05,TAMPINES,EXECUTIVE,856C,TAMPINES ST 82,11 TO 15,151.0,Apartment,1995,773000.0,81 Years 8 Months
2013-02,BEDOK,EXECUTIVE,10C,BEDOK STH AVE 2,01 TO 03,142.0,Apartment,1995,773000.0,80 Years 10 Months
2014-05,YISHUN,EXECUTIVE,652,YISHUN AVE 4,07 TO 09,181.0,Apartment,1992,773000.0,76 Years 8 Months
2012-06,BUKIT MERAH,4 ROOM,2A,BOON TIONG RD,19 TO 21,100.0,Model A,2001,773000.0,87 Years 7 Months
2015-04,HOUGANG,EXECUTIVE,853,HOUGANG CTRL,10 TO 12,138.0,Apartment,1997,773000.0,80 Years 9 Months
2013-05,HOUGANG,EXECUTIVE,371,HOUGANG ST 31,16 TO 18,143.0,Apartment,1999,773000.0,84 Years 8 Months
2016-06,KALLANG/WHAMPOA,4 ROOM,8,BOON KENG RD,13 TO 15,95.0,DBSS,2011,773000.0,93 Years 7 Months
2015-04,TAMPINES,EXECUTIVE,856D,TAMPINES ST 82,07 TO 09,146.0,Maisonette,1995,773000.0,78 Years 9 Months
2016-06,CLEMENTI,5 ROOM,459,CLEMENTI AVE 3,13 TO 15,110.0,Improved,2002,773000.0,84 Years 7 Months
2016-12,BUKIT MERAH,4 ROOM,75B,REDHILL RD,16 TO 18,100.0,Model A,2005,773000.0,87 Years 1 Months
2016-01,CENTRAL AREA,4 ROOM,1G,CANTONMENT RD,04 TO 06,93.0,Type S1,2011,772888.0,94 Years 0 Months
2014-10,KALLANG/WHAMPOA,5 ROOM,108B,MCNAIR RD,19 TO 21,110.0,Improved,2004,772000.0,88 Years 3 Months
2014-05,BUKIT MERAH,5 ROOM,131B,KIM TIAN RD,13 TO 15,110.0,Improved,2002,772000.0,86 Years 8 Months
2013-02,BUKIT MERAH,4 ROOM,26D,JLN MEMBINA,22 TO 24,90.0,Model A,2009,772000.0,94 Years 10 Months
2012-10,TOA PAYOH,EXECUTIVE,128,POTONG PASIR AVE 1,01 TO 03,151.0,Maisonette,1984,772000.0,70 Years 2 Months
2014-04,BEDOK,5 ROOM,112,LENGKONG TIGA,04 TO 06,120.0,Improved,1989,772000.0,73 Years 9 Months
2012-03,BUKIT MERAH,5 ROOM,7,KIM TIAN PL,06 TO 10,131.0,Model A,1984,772000.0,70 Years 10 Months
2013-12,SERANGOON,5 ROOM,425,SERANGOON AVE 1,13 TO 15,121.0,Improved,1989,772000.0,74 Years 1 Months
2012-11,TOA PAYOH,4 ROOM,79C,TOA PAYOH CTRL,19 TO 21,91.0,Model A,2009,772000.0,95 Years 2 Months
2015-09,JURONG EAST,EXECUTIVE,287D,JURONG EAST ST 21,07 TO 09,145.0,Maisonette,1998,772000.0,81 Years 4 Months
2013-12,MARINE PARADE,5 ROOM,13,MARINE TER,04 TO 06,126.0,Standard,1975,772000.0,60 Years 1 Months
2013-03,BISHAN,5 ROOM,117,BISHAN ST 12,16 TO 18,121.0,Improved,1987,771800.0,72 Years 10 Months
2013-08,BUKIT MERAH,5 ROOM,27B,JLN MEMBINA,01 TO 03,110.0,Improved,2008,771800.0,93 Years 5 Months
2013-04,ANG MO KIO,5 ROOM,315B,ANG MO KIO ST 31,10 TO 12,110.0,Improved,2006,771000.0,91 Years 9 Months
2013-08,QUEENSTOWN,4 ROOM,91,TANGLIN HALT RD,19 TO 21,85.0,Model A,2008,771000.0,93 Years 5 Months
2013-11,QUEENSTOWN,4 ROOM,130,CLARENCE LANE,04 TO 06,105.0,Model A,1996,770888.0,81 Years 1 Months
2013-07,BUKIT MERAH,5 ROOM,109A,DEPOT RD,19 TO 21,116.0,Improved,2006,770000.0,91 Years 6 Months
2013-03,BUKIT MERAH,4 ROOM,68,REDHILL CL,28 TO 30,100.0,Model A,2001,770000.0,86 Years 10 Months
2014-12,GEYLANG,5 ROOM,30,CASSIA CRES,07 TO 09,120.0,Improved,1998,770000.0,82 Years 1 Months
2014-10,MARINE PARADE,5 ROOM,72,MARINE DR,07 TO 09,120.0,Standard,1977,770000.0,61 Years 3 Months
2014-11,QUEENSTOWN,5 ROOM,27,DOVER CRES,19 TO 21,125.0,Standard,1976,770000.0,60 Years 1 Months
2016-08,TOA PAYOH,EXECUTIVE,237,LOR 1 TOA PAYOH,07 TO 09,146.0,Maisonette,1986,770000.0,68 Years 5 Months
2016-10,GEYLANG,EXECUTIVE,53,PIPIT RD,13 TO 15,146.0,Maisonette,1986,770000.0,68 Years 3 Months
2016-04,BUKIT MERAH,4 ROOM,126A,KIM TIAN RD,16 TO 18,93.0,Model A,2013,770000.0,95 Years 9 Months
2015-01,BISHAN,5 ROOM,217,BISHAN ST 23,10 TO 12,137.0,Model A,1992,770000.0,75 Years 11 Months
2013-03,BUKIT MERAH,4 ROOM,26B,JLN MEMBINA,16 TO 18,85.0,Model A,2009,770000.0,94 Years 10 Months
2016-01,QUEENSTOWN,4 ROOM,61B,STRATHMORE AVE,16 TO 18,94.0,Model A,2011,770000.0,94 Years 0 Months
2014-11,SERANGOON,EXECUTIVE,321,SERANGOON AVE 2,07 TO 09,146.0,Maisonette,1986,770000.0,70 Years 2 Months
2014-01,GEYLANG,EXECUTIVE,133,GEYLANG EAST AVE 1,10 TO 12,146.0,Maisonette,1987,770000.0,71 Years 11 Months
2013-08,WOODLANDS,EXECUTIVE,848,WOODLANDS ST 82,07 TO 09,176.0,Apartment,1995,770000.0,80 Years 5 Months
2014-12,QUEENSTOWN,4 ROOM,18A,HOLLAND DR,25 TO 27,92.0,Model A,2012,770000.0,96 Years 1 Months
2016-10,CENTRAL AREA,5 ROOM,632,VEERASAMY RD,22 TO 24,137.0,Model A,1985,770000.0,67 Years 3 Months
2015-06,QUEENSTOWN,5 ROOM,30,HOLLAND CL,01 TO 03,125.0,Improved,1997,770000.0,80 Years 7 Months
2015-08,QUEENSTOWN,5 ROOM,55,STRATHMORE AVE,04 TO 06,110.0,Improved,2002,770000.0,85 Years 5 Months
2012-08,QUEENSTOWN,5 ROOM,7A,C'WEALTH AVE,01 TO 03,127.0,Improved,1996,770000.0,82 Years 4 Months
2014-03,BISHAN,5 ROOM,196,BISHAN ST 13,04 TO 06,121.0,Improved,1987,770000.0,71 Years 10 Months
2012-03,MARINE PARADE,5 ROOM,28,MARINE CRES,06 TO 10,126.0,Standard,1975,770000.0,61 Years 10 Months
2016-09,BUKIT TIMAH,5 ROOM,13,TOH YI DR,07 TO 09,122.0,Improved,1988,770000.0,70 Years 3 Months
2013-07,JURONG EAST,EXECUTIVE,288C,JURONG EAST ST 21,07 TO 09,142.0,Maisonette,2000,770000.0,85 Years 6 Months
2016-03,QUEENSTOWN,4 ROOM,91,TANGLIN HALT RD,40 TO 42,90.0,Model A,2008,770000.0,90 Years 10 Months
2013-08,BUKIT MERAH,5 ROOM,111B,DEPOT RD,19 TO 21,116.0,Improved,2006,770000.0,91 Years 5 Months
2012-09,ANG MO KIO,5 ROOM,315B,ANG MO KIO ST 31,19 TO 21,110.0,Improved,2006,770000.0,92 Years 3 Months
2013-07,QUEENSTOWN,4 ROOM,91,TANGLIN HALT RD,34 TO 36,90.0,Model A,2008,770000.0,93 Years 6 Months
2016-10,BISHAN,4 ROOM,273B,BISHAN ST 24,28 TO 30,95.0,DBSS,2011,770000.0,93 Years 3 Months
2013-04,BUKIT MERAH,5 ROOM,3,EVERTON PK,07 TO 09,138.0,Improved,1980,770000.0,65 Years 9 Months
2014-11,BUKIT MERAH,4 ROOM,75A,REDHILL RD,25 TO 27,100.0,Model A,2005,770000.0,89 Years 2 Months
2015-07,BISHAN,EXECUTIVE,301,SHUNFU RD,01 TO 03,146.0,Maisonette,1985,770000.0,68 Years 6 Months
2012-08,TOA PAYOH,4 ROOM,79D,TOA PAYOH CTRL,37 TO 39,91.0,Model A,2009,770000.0,95 Years 5 Months
2013-02,QUEENSTOWN,4 ROOM,89,TANGLIN HALT RD,13 TO 15,90.0,Model A,2008,770000.0,93 Years 10 Months
2014-03,CLEMENTI,5 ROOM,103,CLEMENTI ST 14,04 TO 06,121.0,Improved,1984,770000.0,68 Years 10 Months
2016-02,GEYLANG,5 ROOM,45,JLN TIGA,01 TO 03,110.0,Improved,2005,770000.0,87 Years 11 Months
2014-03,BUKIT BATOK,EXECUTIVE,289B,BT BATOK ST 25,04 TO 06,144.0,Apartment,1997,770000.0,81 Years 10 Months
2013-07,TAMPINES,EXECUTIVE,245,TAMPINES ST 21,01 TO 03,150.0,Maisonette,1984,770000.0,69 Years 6 Months
2015-07,ANG MO KIO,5 ROOM,700C,ANG MO KIO AVE 6,07 TO 09,111.0,Improved,2003,770000.0,86 Years 6 Months
2016-09,TAMPINES,EXECUTIVE,863,TAMPINES ST 83,10 TO 12,154.0,Maisonette,1988,770000.0,70 Years 3 Months
2013-08,BEDOK,5 ROOM,109,LENGKONG TIGA,10 TO 12,129.0,Improved,1989,770000.0,74 Years 5 Months
2012-08,GEYLANG,5 ROOM,34,EUNOS CRES,07 TO 09,110.0,Improved,2006,770000.0,92 Years 5 Months
2014-10,QUEENSTOWN,4 ROOM,130,CLARENCE LANE,07 TO 09,103.0,Model A,1996,770000.0,80 Years 3 Months
2015-08,BUKIT MERAH,4 ROOM,54,HAVELOCK RD,28 TO 30,94.0,Model A,2013,770000.0,96 Years 5 Months
2015-08,QUEENSTOWN,4 ROOM,62B,STRATHMORE AVE,22 TO 24,98.0,Model A,2011,770000.0,94 Years 5 Months
2016-04,BISHAN,5 ROOM,226,BISHAN ST 23,16 TO 18,135.0,Model A,1992,770000.0,74 Years 9 Months
2013-03,GEYLANG,EXECUTIVE,846,SIMS AVE,01 TO 03,147.0,Apartment,1985,770000.0,70 Years 10 Months
2015-09,BUKIT MERAH,5 ROOM,106A,DEPOT RD,22 TO 24,115.0,Improved,2000,770000.0,83 Years 4 Months
2014-07,QUEENSTOWN,4 ROOM,18A,HOLLAND DR,37 TO 39,92.0,Model A,2012,770000.0,96 Years 6 Months
2013-10,BEDOK,EXECUTIVE,643,BEDOK RESERVOIR RD,07 TO 09,143.0,Apartment,1993,770000.0,78 Years 3 Months
2016-06,BISHAN,5 ROOM,165,BISHAN ST 13,16 TO 18,121.0,Improved,1988,770000.0,70 Years 6 Months
2015-09,HOUGANG,EXECUTIVE,853,HOUGANG CTRL,01 TO 03,142.0,Maisonette,1997,770000.0,80 Years 4 Months
2016-07,BUKIT PANJANG,EXECUTIVE,543,JELAPANG RD,16 TO 18,142.0,Maisonette,1999,770000.0,81 Years 6 Months
2016-12,ANG MO KIO,EXECUTIVE,434,ANG MO KIO AVE 10,04 TO 06,160.0,Adjoined flat,1979,770000.0,61 Years 0 Months
2015-10,TOA PAYOH,5 ROOM,82B,LOR 4 TOA PAYOH,04 TO 06,121.0,Improved,1996,770000.0,79 Years 3 Months
2012-05,MARINE PARADE,5 ROOM,1,MARINE TER,06 TO 10,122.0,Standard,1975,770000.0,61 Years 8 Months
2015-02,QUEENSTOWN,4 ROOM,91,TANGLIN HALT RD,40 TO 42,90.0,Model A,2008,770000.0,91 Years 10 Months
2016-12,BISHAN,5 ROOM,290,BISHAN ST 24,10 TO 12,123.0,Premium Apartment,1998,770000.0,80 Years 1 Months
2015-11,TOA PAYOH,5 ROOM,142,LOR 2 TOA PAYOH,07 TO 09,115.0,Improved,2001,770000.0,84 Years 2 Months
2015-02,WOODLANDS,EXECUTIVE,807,WOODLANDS ST 81,07 TO 09,189.0,Apartment,1994,770000.0,77 Years 10 Months
2014-08,HOUGANG,EXECUTIVE,237,HOUGANG ST 21,13 TO 15,150.0,Maisonette,1984,770000.0,68 Years 5 Months
2015-11,BUKIT MERAH,4 ROOM,58,HAVELOCK RD,13 TO 15,94.0,Model A,2013,770000.0,96 Years 2 Months
2015-11,BUKIT MERAH,4 ROOM,121,KIM TIAN PL,25 TO 27,101.0,Model A,2001,770000.0,84 Years 2 Months
2015-03,KALLANG/WHAMPOA,5 ROOM,3C,UPP BOON KENG RD,10 TO 12,110.0,Improved,2006,770000.0,89 Years 10 Months
2013-11,BUKIT MERAH,4 ROOM,8A,BOON TIONG RD,10 TO 12,100.0,Model A,2005,770000.0,90 Years 2 Months
2013-12,BUKIT MERAH,5 ROOM,19,JLN MEMBINA,04 TO 06,110.0,Improved,2003,770000.0,88 Years 1 Months
2014-08,BUKIT MERAH,4 ROOM,121,KIM TIAN PL,22 TO 24,100.0,Model A,2001,770000.0,85 Years 5 Months
2012-11,PASIR RIS,EXECUTIVE,544,PASIR RIS ST 51,10 TO 12,145.0,Apartment,1992,770000.0,78 Years 1 Months
2013-10,BUKIT PANJANG,EXECUTIVE,544,JELAPANG RD,07 TO 09,142.0,Maisonette,1999,770000.0,84 Years 3 Months
2012-11,PASIR RIS,EXECUTIVE,581,PASIR RIS ST 53,07 TO 09,146.0,Apartment,1995,770000.0,81 Years 1 Months
2014-08,BEDOK,5 ROOM,33,BEDOK STH AVE 2,13 TO 15,146.0,Adjoined flat,1978,770000.0,62 Years 5 Months
2015-11,QUEENSTOWN,5 ROOM,22,QUEEN'S CL,13 TO 15,128.0,Improved,1996,770000.0,79 Years 1 Months
2015-04,BUKIT MERAH,5 ROOM,1,DELTA AVE,13 TO 15,119.0,Improved,1983,770000.0,66 Years 9 Months
2015-04,QUEENSTOWN,4 ROOM,50,STRATHMORE AVE,28 TO 30,90.0,Model A,2006,770000.0,89 Years 9 Months
2014-07,BUKIT MERAH,5 ROOM,83,REDHILL LANE,10 TO 12,120.0,Improved,1996,770000.0,80 Years 6 Months
2012-12,BUKIT MERAH,4 ROOM,27A,JLN MEMBINA,13 TO 15,90.0,Model A,2008,770000.0,94 Years 0 Months
2015-11,KALLANG/WHAMPOA,EXECUTIVE,48,BENDEMEER RD,10 TO 12,148.0,Apartment,1994,770000.0,77 Years 2 Months
2016-06,KALLANG/WHAMPOA,5 ROOM,10,JLN BATU,01 TO 03,132.0,Improved,1986,770000.0,68 Years 7 Months
2012-04,QUEENSTOWN,5 ROOM,133,CLARENCE LANE,01 TO 05,121.0,Improved,1996,770000.0,82 Years 9 Months
2014-09,BUKIT MERAH,5 ROOM,9,JLN RUMAH TINGGI,13 TO 15,136.0,Model A,1984,770000.0,68 Years 3 Months
2013-07,WOODLANDS,EXECUTIVE,331,WOODLANDS AVE 1,04 TO 06,192.0,Apartment,1994,770000.0,79 Years 6 Months
2012-10,BUKIT MERAH,5 ROOM,110,SPOTTISWOODE PK RD,19 TO 21,118.0,Standard,1979,770000.0,65 Years 2 Months
2012-08,QUEENSTOWN,4 ROOM,48,STRATHMORE AVE,31 TO 33,90.0,Model A,2006,770000.0,92 Years 5 Months
2012-10,BUKIT MERAH,4 ROOM,26B,JLN MEMBINA,28 TO 30,85.0,Model A,2009,770000.0,95 Years 3 Months
2013-09,JURONG EAST,EXECUTIVE,287D,JURONG EAST ST 21,07 TO 09,145.0,Maisonette,1998,770000.0,83 Years 4 Months
2013-09,BUKIT PANJANG,EXECUTIVE,180,LOMPANG RD,16 TO 18,131.0,Apartment,2002,770000.0,87 Years 4 Months
2015-01,BUKIT MERAH,4 ROOM,2A,BOON TIONG RD,13 TO 15,100.0,Model A,2001,770000.0,85 Years 0 Months
2015-05,WOODLANDS,EXECUTIVE,818,WOODLANDS ST 82,10 TO 12,177.0,Apartment,1994,770000.0,77 Years 8 Months
2013-04,BUKIT TIMAH,5 ROOM,14,TOH YI DR,07 TO 09,122.0,Improved,1988,770000.0,73 Years 9 Months
2013-12,QUEENSTOWN,5 ROOM,7,C'WEALTH AVE,16 TO 18,127.0,Improved,1996,770000.0,81 Years 0 Months
2015-06,BUKIT MERAH,5 ROOM,8,JLN RUMAH TINGGI,13 TO 15,136.0,Model A,1984,770000.0,67 Years 7 Months
2016-01,BISHAN,5 ROOM,216,BISHAN ST 23,04 TO 06,137.0,Model A,1992,770000.0,74 Years 11 Months
2015-06,BUKIT TIMAH,5 ROOM,13,TOH YI DR,04 TO 06,128.0,Improved,1988,770000.0,71 Years 7 Months
2013-06,TOA PAYOH,5 ROOM,10B,LOR 7 TOA PAYOH,25 TO 27,120.0,Improved,1998,770000.0,83 Years 7 Months
2013-12,KALLANG/WHAMPOA,EXECUTIVE,48,BENDEMEER RD,07 TO 09,146.0,Apartment,1994,770000.0,79 Years 1 Months
2014-10,BISHAN,5 ROOM,155,BISHAN ST 13,16 TO 18,131.0,Improved,1987,770000.0,71 Years 3 Months
2014-05,QUEENSTOWN,4 ROOM,18B,HOLLAND DR,31 TO 33,92.0,Model A,2012,770000.0,96 Years 8 Months
2012-06,TOA PAYOH,EXECUTIVE,126,POTONG PASIR AVE 1,01 TO 03,161.0,Maisonette,1984,770000.0,70 Years 6 Months
2012-06,HOUGANG,EXECUTIVE,539,HOUGANG ST 52,10 TO 12,155.0,Maisonette,1992,770000.0,78 Years 7 Months
2016-11,BISHAN,5 ROOM,196,BISHAN ST 13,04 TO 06,121.0,Improved,1987,770000.0,69 Years 1 Months
2014-10,BUKIT MERAH,4 ROOM,76A,REDHILL RD,13 TO 15,100.0,Model A,2005,770000.0,89 Years 3 Months
2014-01,BUKIT MERAH,4 ROOM,121A,KIM TIAN PL,19 TO 21,100.0,Model A,2001,770000.0,86 Years 0 Months
2015-09,SERANGOON,EXECUTIVE,423,SERANGOON CTRL,01 TO 03,146.0,Maisonette,1989,770000.0,72 Years 4 Months
2016-05,CLEMENTI,EXECUTIVE,206,CLEMENTI AVE 6,01 TO 03,155.0,Maisonette,1985,769888.0,67 Years 8 Months
2015-11,KALLANG/WHAMPOA,5 ROOM,103,TOWNER RD,04 TO 06,140.0,Model A-Maisonette,1983,769800.0,66 Years 2 Months
2015-05,KALLANG/WHAMPOA,EXECUTIVE,10,JLN BATU,10 TO 12,141.0,Apartment,1986,769000.0,69 Years 8 Months
2013-02,TOA PAYOH,4 ROOM,79C,TOA PAYOH CTRL,25 TO 27,91.0,Model A,2009,769000.0,94 Years 10 Months
2012-05,CLEMENTI,5 ROOM,459,CLEMENTI AVE 3,06 TO 10,110.0,Improved,2002,768500.0,88 Years 8 Months
2016-12,BUKIT MERAH,4 ROOM,2A,BOON TIONG RD,13 TO 15,100.0,Model A,2001,768000.0,83 Years 1 Months
2013-05,PASIR RIS,EXECUTIVE,606,ELIAS RD,13 TO 15,154.0,Apartment,1995,768000.0,80 Years 8 Months
2014-09,BUKIT MERAH,4 ROOM,77A,REDHILL RD,22 TO 24,100.0,Model A,2005,768000.0,89 Years 4 Months
2015-09,BUKIT MERAH,5 ROOM,112A,DEPOT RD,22 TO 24,115.0,Improved,2006,768000.0,89 Years 4 Months
2014-09,BUKIT MERAH,4 ROOM,88,REDHILL CL,07 TO 09,113.0,Model A,1995,768000.0,79 Years 4 Months
2012-03,TOA PAYOH,EXECUTIVE,99B,LOR 2 TOA PAYOH,01 TO 05,144.0,Apartment,1993,768000.0,79 Years 10 Months
2013-03,KALLANG/WHAMPOA,5 ROOM,104,JLN RAJAH,13 TO 15,135.0,Model A,1984,768000.0,69 Years 10 Months
2014-05,QUEENSTOWN,4 ROOM,89,TANGLIN HALT RD,37 TO 39,90.0,Model A,2008,768000.0,92 Years 8 Months
2012-05,BUKIT MERAH,4 ROOM,25B,JLN MEMBINA,21 TO 25,90.0,Model A,2009,768000.0,95 Years 8 Months
2016-11,BUKIT MERAH,4 ROOM,76A,REDHILL RD,16 TO 18,100.0,Model A,2005,768000.0,87 Years 2 Months
2015-12,BEDOK,5 ROOM,219C,BEDOK CTRL,04 TO 06,112.0,Improved,2010,768000.0,93 Years 1 Months
2016-12,BEDOK,EXECUTIVE,29A,CHAI CHEE AVE,10 TO 12,145.0,Maisonette,1996,768000.0,78 Years 0 Months
2015-10,BISHAN,5 ROOM,117,BISHAN ST 12,04 TO 06,121.0,Improved,1987,768000.0,70 Years 3 Months
2013-04,BISHAN,5 ROOM,167,BISHAN ST 13,07 TO 09,122.0,Improved,1988,768000.0,73 Years 9 Months
2012-07,TOA PAYOH,EXECUTIVE,236,LOR 1 TOA PAYOH,01 TO 03,146.0,Maisonette,1986,768000.0,72 Years 6 Months
2016-01,CLEMENTI,5 ROOM,459,CLEMENTI AVE 3,10 TO 12,110.0,Improved,2002,768000.0,85 Years 0 Months
2016-10,JURONG EAST,EXECUTIVE,286C,TOH GUAN RD,10 TO 12,143.0,Apartment,1998,768000.0,80 Years 3 Months
2014-03,BUKIT MERAH,5 ROOM,81,REDHILL LANE,01 TO 03,131.0,Improved,1996,768000.0,80 Years 10 Months
2016-05,KALLANG/WHAMPOA,5 ROOM,3A,UPP BOON KENG RD,07 TO 09,110.0,Improved,2006,768000.0,88 Years 8 Months
2015-01,BUKIT PANJANG,EXECUTIVE,543,JELAPANG RD,07 TO 09,142.0,Maisonette,1999,768000.0,82 Years 11 Months
2013-01,BUKIT MERAH,4 ROOM,34,JLN BT HO SWEE,07 TO 09,118.0,Adjoined flat,1971,768000.0,56 Years 11 Months
2016-06,BUKIT TIMAH,5 ROOM,9,TOH YI DR,01 TO 03,128.0,Improved,1989,768000.0,71 Years 7 Months
2013-03,BUKIT BATOK,EXECUTIVE,627,BT BATOK CTRL,01 TO 03,143.0,Maisonette,1997,768000.0,82 Years 10 Months
2016-04,CLEMENTI,5 ROOM,459,CLEMENTI AVE 3,22 TO 24,110.0,Improved,2002,768000.0,84 Years 9 Months
2015-04,BUKIT MERAH,5 ROOM,36,JLN RUMAH TINGGI,10 TO 12,119.0,Improved,1999,768000.0,82 Years 9 Months
2015-01,BEDOK,5 ROOM,67,BEDOK STH AVE 3,16 TO 18,123.0,Standard,1977,768000.0,61 Years 0 Months
2013-11,BISHAN,5 ROOM,246,BISHAN ST 22,07 TO 09,132.0,Model A,1992,768000.0,77 Years 1 Months
2012-11,BUKIT MERAH,4 ROOM,20,JLN MEMBINA,10 TO 12,90.0,Model A,2003,768000.0,89 Years 1 Months
2013-10,BUKIT MERAH,4 ROOM,68,REDHILL CL,28 TO 30,100.0,Model A,2001,768000.0,86 Years 3 Months
2015-11,BUKIT MERAH,5 ROOM,1,DELTA AVE,16 TO 18,119.0,Improved,1983,767000.0,66 Years 2 Months
2015-08,MARINE PARADE,5 ROOM,27,MARINE CRES,01 TO 03,126.0,Standard,1975,767000.0,58 Years 5 Months
2016-04,BUKIT MERAH,5 ROOM,76A,REDHILL RD,04 TO 06,115.0,Improved,2005,767000.0,87 Years 9 Months
2013-06,YISHUN,MULTI-GENERATION,666,YISHUN AVE 4,04 TO 06,164.0,Multi Generation,1987,767000.0,72 Years 7 Months
2012-03,ANG MO KIO,5 ROOM,700A,ANG MO KIO AVE 6,16 TO 20,111.0,Improved,2003,767000.0,89 Years 10 Months
2013-05,QUEENSTOWN,4 ROOM,89,TANGLIN HALT RD,37 TO 39,90.0,Model A,2008,767000.0,93 Years 8 Months
2013-11,BUKIT MERAH,4 ROOM,8B,BOON TIONG RD,07 TO 09,100.0,Model A,2005,767000.0,90 Years 2 Months
2013-09,BISHAN,5 ROOM,163,BISHAN ST 13,13 TO 15,121.0,Improved,1988,767000.0,73 Years 3 Months
2014-12,BEDOK,5 ROOM,220B,BEDOK CTRL,13 TO 15,112.0,Improved,2010,766000.0,94 Years 1 Months
2013-05,BISHAN,5 ROOM,168,BISHAN ST 13,07 TO 09,121.0,Improved,1986,766000.0,71 Years 8 Months
2013-06,BEDOK,5 ROOM,60,NEW UPP CHANGI RD,22 TO 24,118.0,Standard,1977,766000.0,62 Years 7 Months
2015-01,QUEENSTOWN,4 ROOM,91,TANGLIN HALT RD,31 TO 33,90.0,Model A,2008,766000.0,91 Years 11 Months
2015-05,BUKIT MERAH,5 ROOM,87,TELOK BLANGAH HTS,13 TO 15,111.0,Improved,2003,766000.0,86 Years 8 Months
2013-07,BUKIT BATOK,5 ROOM,622,BT BATOK CTRL,10 TO 12,113.0,Improved,2003,765999.0,88 Years 6 Months
2016-06,KALLANG/WHAMPOA,3 ROOM,49,JLN BAHAGIA,01 TO 03,80.0,Terrace,1972,765888.0,54 Years 6 Months
2014-09,QUEENSTOWN,4 ROOM,5,HOLLAND CL,22 TO 24,105.0,Model A,1998,765000.0,82 Years 4 Months
2016-07,QUEENSTOWN,5 ROOM,13,GHIM MOH RD,10 TO 12,123.0,Standard,1977,765000.0,59 Years 6 Months
2014-09,QUEENSTOWN,4 ROOM,91,TANGLIN HALT RD,34 TO 36,90.0,Model A,2008,765000.0,92 Years 3 Months
2012-07,BISHAN,EXECUTIVE,452,SIN MING AVE,01 TO 03,145.0,Maisonette,1989,765000.0,75 Years 6 Months
2016-01,BUKIT MERAH,4 ROOM,27B,JLN MEMBINA,19 TO 21,90.0,Model A,2008,765000.0,90 Years 11 Months
2012-06,TOA PAYOH,4 ROOM,79D,TOA PAYOH CTRL,25 TO 27,91.0,Model A,2009,765000.0,95 Years 7 Months
2016-07,TOA PAYOH,5 ROOM,122,POTONG PASIR AVE 1,16 TO 18,140.0,Model A,1984,765000.0,66 Years 6 Months
2014-01,BISHAN,5 ROOM,190,BISHAN ST 13,07 TO 09,121.0,Improved,1987,765000.0,71 Years 11 Months
2014-05,BUKIT MERAH,4 ROOM,75C,REDHILL RD,22 TO 24,100.0,Model A,2007,765000.0,91 Years 8 Months
2015-01,BUKIT MERAH,4 ROOM,27A,JLN MEMBINA,25 TO 27,85.0,Model A,2008,765000.0,91 Years 11 Months
2012-10,BUKIT MERAH,5 ROOM,125,KIM TIAN RD,07 TO 09,126.0,Improved,1995,765000.0,81 Years 3 Months
2015-09,QUEENSTOWN,4 ROOM,22,GHIM MOH LINK,22 TO 24,87.0,Model A,2013,765000.0,96 Years 4 Months
2014-11,QUEENSTOWN,4 ROOM,30,HOLLAND CL,04 TO 06,105.0,Model A,1997,765000.0,81 Years 2 Months
2013-09,QUEENSTOWN,4 ROOM,48,STRATHMORE AVE,31 TO 33,85.0,Model A,2006,765000.0,91 Years 4 Months
2014-08,QUEENSTOWN,4 ROOM,91,TANGLIN HALT RD,34 TO 36,90.0,Model A,2008,765000.0,92 Years 5 Months
2013-10,QUEENSTOWN,5 ROOM,13,GHIM MOH RD,07 TO 09,125.0,Standard,1977,765000.0,62 Years 3 Months
2012-11,QUEENSTOWN,4 ROOM,91,TANGLIN HALT RD,19 TO 21,90.0,Model A,2008,765000.0,94 Years 1 Months
2012-05,BISHAN,EXECUTIVE,186,BISHAN ST 13,01 TO 05,144.0,Apartment,1987,765000.0,73 Years 8 Months
2012-12,BUKIT MERAH,5 ROOM,49,TELOK BLANGAH DR,13 TO 15,123.0,Standard,1976,765000.0,62 Years 0 Months
2016-06,WOODLANDS,EXECUTIVE,830,WOODLANDS ST 83,10 TO 12,192.0,Apartment,1994,765000.0,76 Years 7 Months
2015-03,BUKIT MERAH,4 ROOM,25B,JLN MEMBINA,22 TO 24,90.0,Model A,2009,765000.0,92 Years 10 Months
2013-05,BUKIT MERAH,4 ROOM,63B,LENGKOK BAHRU,25 TO 27,101.0,Model A,2001,765000.0,86 Years 8 Months
2014-08,QUEENSTOWN,4 ROOM,90,TANGLIN HALT RD,25 TO 27,90.0,Model A,2008,765000.0,92 Years 5 Months
2012-12,TAMPINES,EXECUTIVE,148,TAMPINES AVE 5,07 TO 09,142.0,Apartment,1985,765000.0,71 Years 1 Months
2014-05,QUEENSTOWN,4 ROOM,91,TANGLIN HALT RD,31 TO 33,90.0,Model A,2008,765000.0,92 Years 8 Months
2016-11,WOODLANDS,EXECUTIVE,808,WOODLANDS ST 81,04 TO 06,192.0,Apartment,1994,765000.0,76 Years 1 Months
2013-06,BUKIT BATOK,EXECUTIVE,289A,BT BATOK ST 25,04 TO 06,144.0,Apartment,1997,765000.0,82 Years 7 Months
2013-12,BUKIT MERAH,4 ROOM,75B,REDHILL RD,10 TO 12,100.0,Model A,2005,765000.0,90 Years 1 Months
2016-08,BEDOK,EXECUTIVE,29A,CHAI CHEE AVE,07 TO 09,145.0,Maisonette,1996,765000.0,78 Years 4 Months
2015-10,QUEENSTOWN,4 ROOM,49,STRATHMORE AVE,25 TO 27,90.0,Model A,2006,765000.0,89 Years 3 Months
2015-10,QUEENSTOWN,4 ROOM,48,STRATHMORE AVE,34 TO 36,85.0,Model A,2006,765000.0,89 Years 3 Months
2015-10,BUKIT MERAH,5 ROOM,134,JLN BT MERAH,07 TO 09,128.0,Improved,1997,765000.0,80 Years 3 Months
2015-01,QUEENSTOWN,4 ROOM,59,STRATHMORE AVE,22 TO 24,96.0,Model A,2000,765000.0,83 Years 11 Months
2015-10,QUEENSTOWN,4 ROOM,91,TANGLIN HALT RD,31 TO 33,85.0,Model A,2008,765000.0,91 Years 3 Months
2016-06,JURONG EAST,EXECUTIVE,285D,TOH GUAN RD,07 TO 09,144.0,Apartment,1998,765000.0,80 Years 7 Months
2016-08,TOA PAYOH,4 ROOM,155,LOR 1 TOA PAYOH,25 TO 27,100.0,Model A,1999,765000.0,81 Years 5 Months
2013-08,BEDOK,EXECUTIVE,94B,BEDOK NTH AVE 4,10 TO 12,143.0,Apartment,1993,765000.0,78 Years 5 Months
2016-09,BISHAN,5 ROOM,181,BISHAN ST 13,04 TO 06,121.0,Improved,1987,765000.0,69 Years 3 Months
2012-08,BUKIT MERAH,5 ROOM,7,KIM TIAN PL,01 TO 03,131.0,Model A,1984,765000.0,70 Years 4 Months
2014-12,BUKIT MERAH,5 ROOM,87,REDHILL CL,04 TO 06,126.0,Improved,1995,765000.0,79 Years 1 Months
2015-07,TOA PAYOH,5 ROOM,82B,LOR 4 TOA PAYOH,04 TO 06,121.0,Improved,1996,765000.0,79 Years 6 Months
2016-09,TOA PAYOH,EXECUTIVE,237,LOR 1 TOA PAYOH,04 TO 06,146.0,Maisonette,1986,765000.0,68 Years 3 Months
2012-09,MARINE PARADE,5 ROOM,3,MARINE TER,07 TO 09,120.0,Standard,1975,765000.0,61 Years 3 Months
2016-10,CLEMENTI,4 ROOM,421,CLEMENTI AVE 1,34 TO 36,99.0,Model A,2013,765000.0,95 Years 3 Months
2013-04,BEDOK,5 ROOM,219C,BEDOK CTRL,10 TO 12,115.0,Improved,2010,765000.0,95 Years 9 Months
2015-08,BEDOK,5 ROOM,116,LENGKONG TIGA,16 TO 18,120.0,Improved,1989,765000.0,72 Years 5 Months
2015-07,QUEENSTOWN,5 ROOM,26,DOVER CRES,19 TO 21,123.0,Standard,1978,765000.0,61 Years 6 Months
2015-07,BUKIT MERAH,4 ROOM,56,HAVELOCK RD,19 TO 21,94.0,Model A,2013,765000.0,96 Years 6 Months
2015-08,BUKIT MERAH,4 ROOM,75C,REDHILL RD,16 TO 18,100.0,Model A,2007,765000.0,90 Years 5 Months
2012-09,BEDOK,EXECUTIVE,635,BEDOK RESERVOIR RD,10 TO 12,144.0,Apartment,1993,765000.0,79 Years 4 Months
2012-08,QUEENSTOWN,4 ROOM,51,STRATHMORE AVE,22 TO 24,90.0,Model A,2006,765000.0,92 Years 5 Months
2013-01,TOA PAYOH,5 ROOM,141,LOR 2 TOA PAYOH,01 TO 03,116.0,Improved,2001,765000.0,86 Years 11 Months
2012-08,BUKIT MERAH,5 ROOM,75B,REDHILL RD,01 TO 03,115.0,Improved,2005,764000.0,91 Years 5 Months
2014-03,BUKIT MERAH,4 ROOM,6A,BOON TIONG RD,10 TO 12,100.0,Model A,2005,763888.0,89 Years 10 Months
2016-08,BUKIT TIMAH,5 ROOM,11,TOH YI DR,07 TO 09,122.0,Improved,1989,763800.0,71 Years 5 Months
2013-03,BUKIT MERAH,5 ROOM,134,JLN BT MERAH,10 TO 12,128.0,Improved,1997,763000.0,82 Years 10 Months
2013-04,TAMPINES,EXECUTIVE,156,TAMPINES ST 12,01 TO 03,148.0,Maisonette,1984,763000.0,69 Years 9 Months
2014-01,SERANGOON,5 ROOM,203,SERANGOON CTRL,01 TO 03,128.0,Adjoined flat,1986,763000.0,70 Years 11 Months
2012-07,BUKIT MERAH,4 ROOM,21,JLN MEMBINA,19 TO 21,90.0,Model A,2003,763000.0,89 Years 6 Months
2012-12,MARINE PARADE,5 ROOM,2,MARINE TER,01 TO 03,120.0,Standard,1975,763000.0,61 Years 0 Months
2014-04,MARINE PARADE,5 ROOM,28,MARINE CRES,13 TO 15,123.0,Standard,1975,763000.0,59 Years 9 Months
2015-07,BEDOK,EXECUTIVE,629,BEDOK RESERVOIR RD,10 TO 12,172.0,Apartment,1993,763000.0,76 Years 6 Months
2015-03,CHOA CHU KANG,EXECUTIVE,635,CHOA CHU KANG NTH 6,13 TO 15,143.0,Premium Maisonette,1998,763000.0,81 Years 10 Months
2014-08,QUEENSTOWN,4 ROOM,91,TANGLIN HALT RD,22 TO 24,90.0,Model A,2008,763000.0,92 Years 5 Months
2013-05,BUKIT MERAH,4 ROOM,26B,JLN MEMBINA,13 TO 15,85.0,Model A,2009,762500.0,94 Years 8 Months
2013-01,BUKIT MERAH,4 ROOM,118C,JLN MEMBINA,28 TO 30,91.0,Model A,2003,762000.0,88 Years 11 Months
2014-06,BISHAN,5 ROOM,190,BISHAN ST 13,07 TO 09,121.0,Improved,1987,762000.0,71 Years 7 Months
2013-08,TOA PAYOH,4 ROOM,79D,TOA PAYOH CTRL,40 TO 42,90.0,Model A,2009,762000.0,94 Years 5 Months
2014-04,QUEENSTOWN,4 ROOM,89,TANGLIN HALT RD,34 TO 36,90.0,Model A,2008,762000.0,92 Years 9 Months
2012-11,QUEENSTOWN,4 ROOM,51,STRATHMORE AVE,10 TO 12,90.0,Model A,2006,762000.0,92 Years 1 Months
2013-05,BUKIT MERAH,4 ROOM,25B,JLN MEMBINA,19 TO 21,90.0,Model A,2009,762000.0,94 Years 8 Months
2013-03,KALLANG/WHAMPOA,EXECUTIVE,106,JLN RAJAH,04 TO 06,150.0,Maisonette,1984,762000.0,69 Years 10 Months
2012-07,BUKIT MERAH,4 ROOM,2A,BOON TIONG RD,19 TO 21,100.0,Model A,2001,762000.0,87 Years 6 Months
2013-09,KALLANG/WHAMPOA,5 ROOM,108B,MCNAIR RD,10 TO 12,110.0,Improved,2004,761888.0,89 Years 3 Months
2015-11,BISHAN,5 ROOM,288,BISHAN ST 24,10 TO 12,121.0,Premium Apartment,1998,761800.0,81 Years 2 Months
2015-02,BUKIT MERAH,5 ROOM,119C,KIM TIAN RD,16 TO 18,110.0,Improved,2003,761000.0,86 Years 10 Months
2012-08,QUEENSTOWN,5 ROOM,13,DOVER CL EAST,16 TO 18,114.0,Standard,1978,761000.0,64 Years 5 Months
2012-12,PASIR RIS,EXECUTIVE,505,PASIR RIS ST 52,10 TO 12,146.0,Apartment,1993,761000.0,79 Years 1 Months
2016-04,KALLANG/WHAMPOA,5 ROOM,6,BOON KENG RD,07 TO 09,122.0,Improved,1996,761000.0,78 Years 9 Months
2013-06,BUKIT MERAH,4 ROOM,2A,BOON TIONG RD,13 TO 15,100.0,Model A,2001,761000.0,86 Years 7 Months
2013-12,TOA PAYOH,EXECUTIVE,257,KIM KEAT AVE,01 TO 03,153.0,Maisonette,1988,761000.0,73 Years 0 Months
2016-11,BUKIT MERAH,4 ROOM,55,HAVELOCK RD,07 TO 09,94.0,Model A,2013,761000.0,95 Years 2 Months
2016-10,CENTRAL AREA,4 ROOM,1G,CANTONMENT RD,04 TO 06,94.0,Type S1,2011,760888.0,93 Years 3 Months
2016-03,BISHAN,5 ROOM,163,BISHAN ST 13,13 TO 15,121.0,Improved,1988,760000.0,70 Years 10 Months
2016-03,KALLANG/WHAMPOA,4 ROOM,8,BOON KENG RD,19 TO 21,95.0,DBSS,2011,760000.0,93 Years 10 Months
2015-12,ANG MO KIO,EXECUTIVE,613,ANG MO KIO AVE 4,04 TO 06,153.0,Apartment,1996,760000.0,79 Years 1 Months
2013-03,BUKIT BATOK,5 ROOM,117,BT BATOK WEST AVE 6,13 TO 15,132.0,Model A,1985,760000.0,70 Years 10 Months
2012-12,QUEENSTOWN,4 ROOM,91,TANGLIN HALT RD,10 TO 12,90.0,Model A,2008,760000.0,94 Years 0 Months
2016-10,QUEENSTOWN,5 ROOM,14,GHIM MOH RD,07 TO 09,117.0,Standard,1977,760000.0,59 Years 3 Months
2012-03,BUKIT MERAH,4 ROOM,6A,BOON TIONG RD,21 TO 25,100.0,Model A,2005,760000.0,91 Years 10 Months
2016-09,JURONG EAST,EXECUTIVE,287B,JURONG EAST ST 21,07 TO 09,144.0,Apartment,1998,760000.0,80 Years 3 Months
2012-05,CLEMENTI,EXECUTIVE,111,CLEMENTI ST 13,01 TO 05,147.0,Maisonette,1985,760000.0,71 Years 8 Months
2016-07,BUKIT MERAH,5 ROOM,3,EVERTON PK,01 TO 03,133.0,Improved,1980,760000.0,62 Years 6 Months
2016-03,BUKIT MERAH,4 ROOM,26C,JLN MEMBINA,25 TO 27,90.0,Model A,2009,760000.0,91 Years 10 Months
2016-09,JURONG EAST,EXECUTIVE,288C,JURONG EAST ST 21,10 TO 12,142.0,Maisonette,2000,760000.0,82 Years 3 Months
2016-06,SERANGOON,5 ROOM,242,SERANGOON AVE 3,04 TO 06,121.0,Improved,1986,760000.0,68 Years 7 Months
2016-12,CLEMENTI,5 ROOM,103,CLEMENTI ST 14,07 TO 09,123.0,Improved,1984,760000.0,66 Years 0 Months
2012-08,SERANGOON,5 ROOM,255,SERANGOON CTRL DR,13 TO 15,115.0,Improved,1999,760000.0,85 Years 5 Months
2016-09,PASIR RIS,EXECUTIVE,534,PASIR RIS DR 1,10 TO 12,148.0,Maisonette,1992,760000.0,74 Years 3 Months
2012-11,TAMPINES,EXECUTIVE,156,TAMPINES ST 12,04 TO 06,150.0,Maisonette,1984,760000.0,70 Years 1 Months
2016-12,TAMPINES,5 ROOM,167C,SIMEI LANE,10 TO 12,110.0,DBSS,2011,760000.0,93 Years 1 Months
2016-06,CLEMENTI,EXECUTIVE,714,CLEMENTI WEST ST 2,07 TO 09,160.0,Adjoined flat,1980,760000.0,62 Years 6 Months
2016-09,BUKIT MERAH,4 ROOM,27A,JLN MEMBINA,22 TO 24,90.0,Model A,2008,760000.0,90 Years 3 Months
2016-07,KALLANG/WHAMPOA,4 ROOM,9,BOON KENG RD,13 TO 15,94.0,DBSS,2011,760000.0,93 Years 6 Months
2016-09,BUKIT MERAH,4 ROOM,53,HAVELOCK RD,16 TO 18,95.0,Model A,2013,760000.0,95 Years 4 Months
2016-05,JURONG EAST,EXECUTIVE,287A,JURONG EAST ST 21,10 TO 12,144.0,Apartment,1998,760000.0,80 Years 8 Months
2012-09,KALLANG/WHAMPOA,EXECUTIVE,10,JLN BATU,10 TO 12,141.0,Apartment,1986,760000.0,72 Years 3 Months
2016-05,BUKIT MERAH,4 ROOM,8B,BOON TIONG RD,13 TO 15,100.0,Model A,2005,760000.0,87 Years 8 Months
2016-08,QUEENSTOWN,4 ROOM,89,TANGLIN HALT RD,31 TO 33,90.0,Model A,2008,760000.0,90 Years 4 Months
2016-04,TOA PAYOH,4 ROOM,79B,TOA PAYOH CTRL,37 TO 39,90.0,Model A,2009,760000.0,91 Years 9 Months
2016-01,HOUGANG,EXECUTIVE,235,HOUGANG ST 21,01 TO 03,155.0,Maisonette,1984,760000.0,66 Years 11 Months
2013-01,PASIR RIS,EXECUTIVE,782,PASIR RIS ST 71,16 TO 18,142.0,Apartment,1996,760000.0,81 Years 11 Months
2016-11,BUKIT MERAH,4 ROOM,27A,JLN MEMBINA,19 TO 21,85.0,Model A,2008,760000.0,90 Years 1 Months
2016-04,QUEENSTOWN,4 ROOM,28,GHIM MOH LINK,22 TO 24,92.0,Model A,2013,760000.0,95 Years 9 Months
2013-04,BUKIT MERAH,4 ROOM,26C,JLN MEMBINA,22 TO 24,90.0,Model A,2009,760000.0,94 Years 9 Months
2013-04,BUKIT MERAH,4 ROOM,26B,JLN MEMBINA,13 TO 15,85.0,Model A,2009,760000.0,94 Years 9 Months
2016-08,BUKIT MERAH,5 ROOM,87,TELOK BLANGAH HTS,19 TO 21,110.0,Improved,2003,760000.0,85 Years 5 Months
2013-04,BUKIT MERAH,5 ROOM,131B,KIM TIAN RD,04 TO 06,110.0,Improved,2002,760000.0,87 Years 9 Months
2013-02,BEDOK,EXECUTIVE,629,BEDOK RESERVOIR RD,01 TO 03,165.0,Apartment,1993,760000.0,78 Years 10 Months
2012-10,BUKIT MERAH,5 ROOM,68,REDHILL CL,04 TO 06,115.0,Improved,2001,760000.0,87 Years 3 Months
2016-04,MARINE PARADE,5 ROOM,29,MARINE CRES,07 TO 09,117.0,Standard,1975,760000.0,57 Years 9 Months
2012-10,BUKIT BATOK,EXECUTIVE,288F,BT BATOK ST 25,04 TO 06,144.0,Apartment,1998,760000.0,84 Years 3 Months
2013-01,TOA PAYOH,EXECUTIVE,254,KIM KEAT AVE,04 TO 06,146.0,Maisonette,1989,760000.0,74 Years 11 Months
2016-04,BISHAN,5 ROOM,289,BISHAN ST 24,13 TO 15,123.0,Premium Apartment,1998,760000.0,80 Years 9 Months
2016-05,BUKIT MERAH,4 ROOM,25B,JLN MEMBINA,22 TO 24,90.0,Model A,2009,760000.0,91 Years 8 Months
2016-05,BUKIT MERAH,4 ROOM,27A,JLN MEMBINA,22 TO 24,85.0,Model A,2008,760000.0,90 Years 8 Months
2012-10,TOA PAYOH,5 ROOM,80,LOR 4 TOA PAYOH,07 TO 09,123.0,Improved,1996,760000.0,82 Years 2 Months
2012-05,SERANGOON,EXECUTIVE,322,SERANGOON AVE 3,06 TO 10,146.0,Maisonette,1986,760000.0,72 Years 8 Months
2016-07,BUKIT MERAH,5 ROOM,110,SPOTTISWOODE PK RD,04 TO 06,123.0,Standard,1979,760000.0,61 Years 6 Months
2016-10,BUKIT BATOK,EXECUTIVE,121,BT BATOK CTRL,10 TO 12,155.0,Maisonette,1985,760000.0,67 Years 3 Months
2012-05,TOA PAYOH,5 ROOM,147,LOR 2 TOA PAYOH,06 TO 10,110.0,Improved,2006,760000.0,92 Years 8 Months
2013-01,BISHAN,5 ROOM,194,BISHAN ST 13,04 TO 06,121.0,Improved,1987,760000.0,72 Years 11 Months
2012-06,BUKIT MERAH,4 ROOM,8B,BOON TIONG RD,19 TO 21,100.0,Model A,2005,760000.0,91 Years 7 Months
2015-12,BUKIT MERAH,5 ROOM,76A,REDHILL RD,04 TO 06,115.0,Improved,2005,760000.0,88 Years 1 Months
2016-11,TAMPINES,5 ROOM,518D,TAMPINES CTRL 7,16 TO 18,109.0,DBSS,2008,760000.0,90 Years 1 Months
2016-02,BUKIT MERAH,5 ROOM,76A,REDHILL RD,01 TO 03,115.0,Improved,2005,760000.0,87 Years 11 Months
2013-01,TAMPINES,EXECUTIVE,149,TAMPINES ST 12,04 TO 06,148.0,Maisonette,1984,760000.0,69 Years 11 Months
2016-10,BUKIT MERAH,4 ROOM,9,CANTONMENT CL,22 TO 24,90.0,Model A,2002,760000.0,84 Years 3 Months
2016-09,BISHAN,5 ROOM,220,BISHAN ST 23,04 TO 06,139.0,Model A,1992,760000.0,74 Years 3 Months
2013-04,TAMPINES,EXECUTIVE,229,SIMEI ST 4,10 TO 12,146.0,Maisonette,1988,760000.0,73 Years 9 Months
2015-12,KALLANG/WHAMPOA,3 ROOM,59,JLN MA'MOR,01 TO 03,79.0,Terrace,1972,760000.0,55 Years 1 Months
2016-09,BEDOK,EXECUTIVE,167,BEDOK STH AVE 3,04 TO 06,146.0,Maisonette,1986,760000.0,68 Years 3 Months
2016-05,BUKIT MERAH,4 ROOM,27A,JLN MEMBINA,25 TO 27,85.0,Model A,2008,760000.0,90 Years 8 Months
2016-01,CENTRAL AREA,5 ROOM,634,VEERASAMY RD,25 TO 27,130.0,Model A,1985,760000.0,68 Years 0 Months
2014-07,JURONG EAST,EXECUTIVE,287D,JURONG EAST ST 21,04 TO 06,144.0,Maisonette,1998,760000.0,82 Years 6 Months
2015-01,BUKIT MERAH,5 ROOM,95,HAVELOCK RD,07 TO 09,118.0,Improved,1983,760000.0,66 Years 11 Months
2014-01,BUKIT MERAH,5 ROOM,120,KIM TIAN PL,04 TO 06,115.0,Improved,2001,760000.0,86 Years 0 Months
2015-07,WOODLANDS,EXECUTIVE,331,WOODLANDS AVE 1,07 TO 09,189.0,Apartment,1994,760000.0,77 Years 6 Months
2014-11,BEDOK,EXECUTIVE,94C,BEDOK NTH AVE 4,10 TO 12,143.0,Apartment,1993,760000.0,77 Years 2 Months
2014-10,MARINE PARADE,5 ROOM,29,MARINE CRES,19 TO 21,117.0,Standard,1975,760000.0,59 Years 3 Months
2013-06,SERANGOON,EXECUTIVE,322,SERANGOON AVE 3,01 TO 03,146.0,Maisonette,1986,760000.0,71 Years 7 Months
2014-04,QUEENSTOWN,4 ROOM,91,TANGLIN HALT RD,34 TO 36,90.0,Model A,2008,760000.0,92 Years 9 Months
2013-09,QUEENSTOWN,4 ROOM,90,TANGLIN HALT RD,25 TO 27,90.0,Model A,2008,760000.0,93 Years 3 Months
2015-05,TOA PAYOH,4 ROOM,79E,TOA PAYOH CTRL,40 TO 42,90.0,Model A,2009,760000.0,92 Years 8 Months
2012-03,SERANGOON,EXECUTIVE,417,SERANGOON CTRL,06 TO 10,154.0,Maisonette,1989,760000.0,75 Years 10 Months
2014-10,BUKIT PANJANG,EXECUTIVE,544,JELAPANG RD,07 TO 09,142.0,Maisonette,1999,760000.0,83 Years 3 Months
2015-06,ANG MO KIO,5 ROOM,596A,ANG MO KIO ST 52,07 TO 09,110.0,Improved,2002,760000.0,85 Years 7 Months
2013-10,PASIR RIS,EXECUTIVE,609,ELIAS RD,10 TO 12,148.0,Apartment,1995,760000.0,80 Years 3 Months
2014-10,BUKIT MERAH,5 ROOM,35,JLN RUMAH TINGGI,07 TO 09,119.0,Improved,1999,760000.0,83 Years 3 Months
2015-06,BUKIT MERAH,4 ROOM,54,HAVELOCK RD,22 TO 24,89.0,Model A,2013,760000.0,96 Years 7 Months
2013-12,YISHUN,EXECUTIVE,641,YISHUN ST 61,04 TO 06,164.0,Apartment,1992,760000.0,77 Years 0 Months
2013-09,WOODLANDS,EXECUTIVE,835,WOODLANDS ST 83,10 TO 12,176.0,Apartment,1994,760000.0,79 Years 4 Months
2015-05,BUKIT MERAH,4 ROOM,19,JLN MEMBINA,10 TO 12,90.0,Model A,2003,760000.0,86 Years 8 Months
2015-09,GEYLANG,EXECUTIVE,130,GEYLANG EAST AVE 1,04 TO 06,146.0,Maisonette,1987,760000.0,70 Years 4 Months
2015-08,BUKIT MERAH,4 ROOM,120A,KIM TIAN PL,10 TO 12,100.0,Model A,2001,760000.0,84 Years 5 Months
2015-04,TOA PAYOH,5 ROOM,97,LOR 3 TOA PAYOH,04 TO 06,122.0,Improved,1993,760000.0,76 Years 9 Months
2015-10,BISHAN,5 ROOM,157,BISHAN ST 13,16 TO 18,121.0,Improved,1988,760000.0,71 Years 3 Months
2014-12,QUEENSTOWN,4 ROOM,89,TANGLIN HALT RD,34 TO 36,90.0,Model A,2008,760000.0,92 Years 1 Months
2015-04,QUEENSTOWN,4 ROOM,18B,HOLLAND DR,13 TO 15,87.0,Model A,2012,760000.0,95 Years 9 Months
2014-11,WOODLANDS,EXECUTIVE,307,WOODLANDS AVE 1,04 TO 06,189.0,Apartment,1994,760000.0,78 Years 2 Months
2013-06,PASIR RIS,EXECUTIVE,581,PASIR RIS ST 53,07 TO 09,148.0,Apartment,1995,760000.0,80 Years 7 Months
2013-06,HOUGANG,EXECUTIVE,522,HOUGANG AVE 6,04 TO 06,145.0,Maisonette,1987,760000.0,72 Years 7 Months
2012-03,SERANGOON,EXECUTIVE,423,SERANGOON CTRL,01 TO 05,146.0,Maisonette,1989,760000.0,75 Years 10 Months
2014-02,TAMPINES,EXECUTIVE,245,TAMPINES ST 21,10 TO 12,150.0,Maisonette,1984,760000.0,68 Years 10 Months
2014-01,HOUGANG,5 ROOM,233,HOUGANG ST 21,01 TO 03,139.0,Model A-Maisonette,1984,760000.0,68 Years 11 Months
2013-10,BISHAN,5 ROOM,179,BISHAN ST 13,16 TO 18,121.0,Improved,1987,760000.0,72 Years 3 Months
2014-12,TOA PAYOH,5 ROOM,174,LOR 1 TOA PAYOH,10 TO 12,151.0,Adjoined flat,1972,760000.0,56 Years 0 Months
2014-01,CLEMENTI,5 ROOM,458,CLEMENTI AVE 3,13 TO 15,110.0,Improved,2002,760000.0,86 Years 11 Months
2015-04,KALLANG/WHAMPOA,5 ROOM,13,UPP BOON KENG RD,04 TO 06,122.0,Improved,1999,760000.0,82 Years 9 Months
2015-07,KALLANG/WHAMPOA,5 ROOM,3A,UPP BOON KENG RD,04 TO 06,110.0,Improved,2006,760000.0,89 Years 6 Months
2014-12,PASIR RIS,EXECUTIVE,536,PASIR RIS DR 1,07 TO 09,150.0,Apartment,1992,760000.0,76 Years 1 Months
2015-06,TOA PAYOH,5 ROOM,62,LOR 4 TOA PAYOH,07 TO 09,120.0,Improved,1999,760000.0,82 Years 7 Months
2012-03,TAMPINES,MULTI-GENERATION,460,TAMPINES ST 42,01 TO 05,166.0,Multi Generation,1987,760000.0,73 Years 10 Months
2015-11,CENTRAL AREA,5 ROOM,642,ROWELL RD,25 TO 27,137.0,Model A,1984,760000.0,67 Years 1 Months
2014-08,BUKIT MERAH,4 ROOM,8A,BOON TIONG RD,19 TO 21,100.0,Model A,2005,760000.0,89 Years 5 Months
2014-08,HOUGANG,EXECUTIVE,430,HOUGANG AVE 6,04 TO 06,154.0,Maisonette,1989,760000.0,73 Years 5 Months
2014-06,QUEENSTOWN,4 ROOM,89,TANGLIN HALT RD,34 TO 36,85.0,Model A,2008,760000.0,92 Years 7 Months
2013-11,BUKIT MERAH,5 ROOM,49,TELOK BLANGAH DR,13 TO 15,123.0,Standard,1976,760000.0,61 Years 1 Months
2014-06,MARINE PARADE,5 ROOM,3,MARINE TER,07 TO 09,117.0,Standard,1975,760000.0,59 Years 7 Months
2013-10,TOA PAYOH,4 ROOM,155,LOR 1 TOA PAYOH,28 TO 30,101.0,Model A,1999,760000.0,84 Years 3 Months
2015-02,HOUGANG,EXECUTIVE,221,HOUGANG ST 21,04 TO 06,148.0,Maisonette,1992,760000.0,75 Years 10 Months
2013-07,QUEENSTOWN,5 ROOM,27,DOVER CRES,04 TO 06,125.0,Standard,1976,760000.0,61 Years 6 Months
2015-06,YISHUN,EXECUTIVE,665,YISHUN AVE 4,04 TO 06,181.0,Apartment,1992,760000.0,75 Years 7 Months
2015-08,QUEENSTOWN,4 ROOM,61B,STRATHMORE AVE,22 TO 24,98.0,Model A,2011,760000.0,94 Years 5 Months
2015-01,KALLANG/WHAMPOA,3 ROOM,44,JLN BAHAGIA,01 TO 03,85.0,Terrace,1972,760000.0,55 Years 11 Months
2014-09,BUKIT MERAH,5 ROOM,63A,LENGKOK BAHRU,04 TO 06,115.0,Improved,2001,760000.0,85 Years 4 Months
2015-11,PUNGGOL,5 ROOM,306A,PUNGGOL PL,16 TO 18,147.0,Premium Apartment Loft,2012,760000.0,95 Years 2 Months
2015-11,BEDOK,5 ROOM,114,LENGKONG TIGA,16 TO 18,120.0,Improved,1989,760000.0,72 Years 2 Months
2013-07,BUKIT MERAH,4 ROOM,25B,JLN MEMBINA,10 TO 12,90.0,Model A,2009,760000.0,94 Years 6 Months
2013-12,QUEENSTOWN,4 ROOM,18A,HOLLAND DR,22 TO 24,92.0,Model A,2012,760000.0,97 Years 1 Months
2013-09,BUKIT MERAH,4 ROOM,12,CANTONMENT CL,16 TO 18,90.0,Model A,2003,760000.0,88 Years 3 Months
2015-01,KALLANG/WHAMPOA,5 ROOM,103,JLN RAJAH,10 TO 12,135.0,Model A,1984,760000.0,67 Years 11 Months
2012-03,BUKIT MERAH,5 ROOM,12,CANTONMENT CL,11 TO 15,110.0,Improved,2003,759000.0,89 Years 10 Months
2014-06,BUKIT MERAH,4 ROOM,2A,BOON TIONG RD,07 TO 09,100.0,Model A,2001,759000.0,85 Years 7 Months
2012-03,BUKIT MERAH,5 ROOM,83,REDHILL LANE,06 TO 10,126.0,Improved,1996,759000.0,82 Years 10 Months
2016-06,HOUGANG,EXECUTIVE,428,HOUGANG AVE 6,13 TO 15,149.0,Maisonette,1990,758888.0,72 Years 7 Months
2015-05,GEYLANG,EXECUTIVE,846,SIMS AVE,07 TO 09,149.0,Maisonette,1985,758888.0,68 Years 8 Months
2015-12,ANG MO KIO,5 ROOM,700C,ANG MO KIO AVE 6,13 TO 15,111.0,Improved,2003,758888.0,86 Years 1 Months
2013-06,SERANGOON,EXECUTIVE,526,SERANGOON NTH AVE 4,13 TO 15,147.0,Maisonette,1992,758888.0,77 Years 7 Months
2014-07,ANG MO KIO,5 ROOM,315A,ANG MO KIO ST 31,13 TO 15,110.0,Improved,2006,758888.0,90 Years 6 Months
2015-04,TAMPINES,EXECUTIVE,310,TAMPINES ST 32,04 TO 06,153.0,Apartment,1993,758500.0,76 Years 9 Months
2015-10,BUKIT MERAH,4 ROOM,126A,KIM TIAN RD,13 TO 15,93.0,Model A,2013,758000.0,96 Years 3 Months
2016-06,BUKIT MERAH,4 ROOM,26B,JLN MEMBINA,16 TO 18,85.0,Model A,2009,758000.0,91 Years 7 Months
2016-01,BISHAN,5 ROOM,158,BISHAN ST 13,07 TO 09,127.0,Improved,1988,758000.0,70 Years 11 Months
2015-04,KALLANG/WHAMPOA,5 ROOM,2C,UPP BOON KENG RD,04 TO 06,110.0,Improved,2006,758000.0,89 Years 9 Months
2015-03,BUKIT MERAH,5 ROOM,114,BT PURMEI RD,07 TO 09,135.0,Model A,1985,758000.0,68 Years 10 Months
2016-02,ANG MO KIO,5 ROOM,315B,ANG MO KIO ST 31,13 TO 15,110.0,Improved,2006,758000.0,88 Years 10 Months
2013-12,BEDOK,5 ROOM,21,BEDOK STH RD,19 TO 21,117.0,Standard,1976,758000.0,61 Years 0 Months
2016-08,BUKIT BATOK,EXECUTIVE,289A,BT BATOK ST 25,16 TO 18,144.0,Apartment,1997,758000.0,79 Years 5 Months
2016-06,QUEENSTOWN,4 ROOM,22,GHIM MOH LINK,04 TO 06,93.0,Model A,2013,758000.0,95 Years 7 Months
2013-07,KALLANG/WHAMPOA,5 ROOM,37,CAMBRIDGE RD,13 TO 15,120.0,Improved,1997,758000.0,82 Years 6 Months
2012-12,BISHAN,5 ROOM,197,BISHAN ST 13,04 TO 06,121.0,Improved,1987,758000.0,73 Years 0 Months
2014-12,KALLANG/WHAMPOA,EXECUTIVE,48,BENDEMEER RD,04 TO 06,146.0,Apartment,1994,758000.0,78 Years 1 Months
2013-03,CLEMENTI,5 ROOM,415,C'WEALTH AVE WEST,22 TO 24,137.0,Improved,1978,758000.0,63 Years 10 Months
2012-12,TAMPINES,5 ROOM,254,SIMEI ST 1,07 TO 09,118.0,Improved,1996,758000.0,82 Years 0 Months
2012-06,KALLANG/WHAMPOA,5 ROOM,107,JLN RAJAH,13 TO 15,139.0,Model A,1984,758000.0,70 Years 6 Months
2012-08,BEDOK,EXECUTIVE,629,BEDOK RESERVOIR RD,07 TO 09,165.0,Apartment,1993,758000.0,79 Years 5 Months
2016-12,TAMPINES,5 ROOM,518A,TAMPINES CTRL 7,16 TO 18,109.0,DBSS,2008,758000.0,90 Years 0 Months
2016-12,GEYLANG,5 ROOM,415,EUNOS RD 5,04 TO 06,142.0,Model A-Maisonette,1984,758000.0,66 Years 0 Months
2014-06,MARINE PARADE,5 ROOM,29,MARINE CRES,07 TO 09,120.0,Standard,1975,758000.0,59 Years 7 Months
2013-08,PASIR RIS,EXECUTIVE,533,PASIR RIS DR 1,04 TO 06,145.0,Apartment,1992,758000.0,77 Years 5 Months
2012-05,QUEENSTOWN,5 ROOM,183,STIRLING RD,11 TO 15,115.0,Improved,2000,758000.0,86 Years 8 Months
2013-05,BUKIT MERAH,4 ROOM,8B,BOON TIONG RD,07 TO 09,100.0,Model A,2005,758000.0,90 Years 8 Months
2013-08,TOA PAYOH,4 ROOM,79A,TOA PAYOH CTRL,25 TO 27,91.0,Model A,2009,758000.0,94 Years 5 Months
2013-02,ANG MO KIO,5 ROOM,315B,ANG MO KIO ST 31,22 TO 24,110.0,Improved,2006,758000.0,91 Years 10 Months
2013-01,TAMPINES,EXECUTIVE,892A,TAMPINES AVE 8,13 TO 15,141.0,Apartment,1997,758000.0,82 Years 11 Months
2016-11,QUEENSTOWN,4 ROOM,28,GHIM MOH LINK,28 TO 30,92.0,Model A,2013,758000.0,95 Years 2 Months
2012-06,TOA PAYOH,5 ROOM,80B,LOR 4 TOA PAYOH,07 TO 09,125.0,Improved,1997,758000.0,83 Years 7 Months
2015-06,BUKIT MERAH,4 ROOM,21,JLN MEMBINA,22 TO 24,90.0,Model A,2003,758000.0,86 Years 7 Months
2016-03,MARINE PARADE,5 ROOM,27,MARINE CRES,07 TO 09,126.0,Standard,1975,758000.0,57 Years 10 Months
2013-11,BUKIT MERAH,4 ROOM,4B,BOON TIONG RD,19 TO 21,100.0,Model A,2005,758000.0,90 Years 2 Months
2013-10,BISHAN,5 ROOM,157,BISHAN ST 13,10 TO 12,121.0,Improved,1988,758000.0,73 Years 2 Months
2014-03,BUKIT MERAH,5 ROOM,87,TELOK BLANGAH HTS,07 TO 09,110.0,Improved,2003,758000.0,87 Years 10 Months
2015-12,PASIR RIS,EXECUTIVE,408,PASIR RIS DR 6,07 TO 09,147.0,Maisonette,1990,758000.0,73 Years 1 Months
2016-06,SERANGOON,5 ROOM,408,SERANGOON AVE 1,07 TO 09,121.0,Improved,1989,758000.0,71 Years 7 Months
2014-02,QUEENSTOWN,4 ROOM,60,STRATHMORE AVE,28 TO 30,96.0,Model A,2000,758000.0,84 Years 10 Months
2013-09,TAMPINES,EXECUTIVE,147,TAMPINES AVE 5,07 TO 09,142.0,Apartment,1985,757888.0,70 Years 4 Months
2013-06,JURONG EAST,EXECUTIVE,287A,JURONG EAST ST 21,07 TO 09,143.0,Apartment,1998,757000.0,83 Years 7 Months
2012-05,GEYLANG,5 ROOM,5,PINE CL,01 TO 05,114.0,Improved,2000,757000.0,86 Years 8 Months
2016-09,QUEENSTOWN,4 ROOM,28,GHIM MOH LINK,22 TO 24,92.0,Model A,2013,757000.0,95 Years 4 Months
2015-03,BUKIT MERAH,5 ROOM,87,TELOK BLANGAH HTS,10 TO 12,111.0,Improved,2003,757000.0,86 Years 10 Months
2012-04,ANG MO KIO,5 ROOM,315A,ANG MO KIO ST 31,26 TO 30,110.0,Improved,2006,756888.0,92 Years 9 Months
2015-07,KALLANG/WHAMPOA,5 ROOM,14,UPP BOON KENG RD,13 TO 15,123.0,Improved,1999,756000.0,82 Years 6 Months
2015-04,HOUGANG,EXECUTIVE,374,HOUGANG ST 31,16 TO 18,141.0,Apartment,2000,756000.0,83 Years 9 Months
2014-01,MARINE PARADE,5 ROOM,1,MARINE TER,01 TO 03,120.0,Standard,1975,756000.0,59 Years 11 Months
2016-04,MARINE PARADE,5 ROOM,1,MARINE TER,07 TO 09,122.0,Standard,1975,756000.0,57 Years 9 Months
2014-04,TOA PAYOH,5 ROOM,143,LOR 2 TOA PAYOH,07 TO 09,110.0,Improved,2002,756000.0,86 Years 9 Months
2013-06,TOA PAYOH,4 ROOM,79B,TOA PAYOH CTRL,16 TO 18,91.0,Model A,2009,756000.0,94 Years 7 Months
2016-04,BISHAN,5 ROOM,168,BISHAN ST 13,04 TO 06,121.0,Improved,1986,755888.0,68 Years 9 Months
2013-03,BUKIT MERAH,4 ROOM,27A,JLN MEMBINA,19 TO 21,90.0,Model A,2008,755000.0,93 Years 10 Months
2015-08,QUEENSTOWN,4 ROOM,89,TANGLIN HALT RD,34 TO 36,90.0,Model A,2008,755000.0,91 Years 5 Months
2016-06,SERANGOON,5 ROOM,258,SERANGOON CTRL DR,07 TO 09,115.0,Improved,1999,755000.0,81 Years 7 Months
2013-03,BUKIT MERAH,4 ROOM,25B,JLN MEMBINA,10 TO 12,90.0,Model A,2009,755000.0,94 Years 10 Months
2016-02,BUKIT MERAH,4 ROOM,126C,KIM TIAN RD,34 TO 36,87.0,Model A,2013,755000.0,95 Years 11 Months
2013-08,QUEENSTOWN,4 ROOM,28B,DOVER CRES,34 TO 36,95.0,Model A,2012,755000.0,97 Years 5 Months
2012-04,BUKIT MERAH,5 ROOM,120A,KIM TIAN PL,01 TO 05,115.0,Improved,2001,755000.0,87 Years 9 Months
2013-09,BISHAN,EXECUTIVE,238,BISHAN ST 22,01 TO 03,148.0,Maisonette,1992,755000.0,77 Years 3 Months
2016-05,JURONG WEST,EXECUTIVE,469,JURONG WEST ST 41,07 TO 09,157.0,Maisonette,1985,755000.0,67 Years 8 Months
2015-08,PASIR RIS,EXECUTIVE,418,PASIR RIS DR 6,07 TO 09,149.0,Maisonette,1989,755000.0,72 Years 5 Months
2013-08,WOODLANDS,EXECUTIVE,342,WOODLANDS AVE 1,04 TO 06,177.0,Apartment,1995,755000.0,80 Years 5 Months
2013-10,TAMPINES,EXECUTIVE,151,TAMPINES ST 12,04 TO 06,150.0,Maisonette,1984,755000.0,69 Years 2 Months
2015-04,GEYLANG,5 ROOM,23,HAIG RD,13 TO 15,118.0,Improved,1981,755000.0,64 Years 9 Months
2012-12,TAMPINES,EXECUTIVE,863,TAMPINES ST 83,10 TO 12,146.0,Maisonette,1988,755000.0,74 Years 0 Months
2012-12,BEDOK,5 ROOM,61,NEW UPP CHANGI RD,19 TO 21,118.0,Standard,1977,755000.0,63 Years 1 Months
2016-03,SERANGOON,EXECUTIVE,322,SERANGOON AVE 3,01 TO 03,146.0,Maisonette,1986,755000.0,68 Years 10 Months
2013-10,BUKIT MERAH,4 ROOM,12,CANTONMENT CL,13 TO 15,90.0,Model A,2003,755000.0,88 Years 3 Months
2015-08,BUKIT MERAH,5 ROOM,111B,DEPOT RD,13 TO 15,116.0,Improved,2006,755000.0,89 Years 5 Months
2013-01,BEDOK,EXECUTIVE,634,BEDOK RESERVOIR RD,10 TO 12,144.0,Apartment,1993,755000.0,78 Years 11 Months
2015-04,MARINE PARADE,5 ROOM,29,MARINE CRES,10 TO 12,120.0,Standard,1975,755000.0,58 Years 9 Months
2013-07,WOODLANDS,EXECUTIVE,308,WOODLANDS AVE 1,04 TO 06,176.0,Apartment,1994,755000.0,79 Years 6 Months
2015-12,BUKIT MERAH,4 ROOM,26D,JLN MEMBINA,10 TO 12,90.0,Model A,2009,755000.0,92 Years 1 Months
2013-03,TAMPINES,EXECUTIVE,148,TAMPINES AVE 5,01 TO 03,150.0,Maisonette,1985,755000.0,70 Years 10 Months
2014-12,SERANGOON,EXECUTIVE,322,SERANGOON AVE 3,01 TO 03,146.0,Maisonette,1986,755000.0,70 Years 1 Months
2014-12,QUEENSTOWN,4 ROOM,129,CLARENCE LANE,07 TO 09,104.0,Model A,1996,755000.0,80 Years 1 Months
2016-09,BISHAN,5 ROOM,303,SHUNFU RD,04 TO 06,121.0,Improved,1985,755000.0,67 Years 4 Months
2014-02,HOUGANG,EXECUTIVE,427,HOUGANG AVE 6,01 TO 03,146.0,Maisonette,1990,755000.0,74 Years 10 Months
2012-09,ANG MO KIO,5 ROOM,317,ANG MO KIO ST 31,13 TO 15,138.0,Model A,1994,755000.0,80 Years 3 Months
2014-02,WOODLANDS,EXECUTIVE,404,WOODLANDS ST 41,07 TO 09,177.0,Apartment,1995,755000.0,79 Years 10 Months
2013-03,TOA PAYOH,4 ROOM,79E,TOA PAYOH CTRL,16 TO 18,91.0,Model A,2009,755000.0,94 Years 10 Months
2012-08,QUEENSTOWN,4 ROOM,130,CLARENCE LANE,13 TO 15,104.0,Model A,1996,755000.0,82 Years 4 Months
2012-08,BEDOK,5 ROOM,14,BEDOK STH AVE 2,22 TO 24,124.0,Improved,1995,755000.0,81 Years 5 Months
2012-07,QUEENSTOWN,4 ROOM,130,CLARENCE LANE,10 TO 12,104.0,Model A,1996,755000.0,82 Years 6 Months
2012-07,HOUGANG,EXECUTIVE,237,HOUGANG ST 21,07 TO 09,149.0,Apartment,1984,755000.0,70 Years 6 Months
2013-06,BISHAN,5 ROOM,163,BISHAN ST 13,07 TO 09,127.0,Improved,1988,755000.0,73 Years 7 Months
2014-09,TOA PAYOH,5 ROOM,37,LOR 5 TOA PAYOH,13 TO 15,119.0,Improved,1997,755000.0,81 Years 4 Months
2014-05,WOODLANDS,EXECUTIVE,805,WOODLANDS ST 81,10 TO 12,189.0,Apartment,1994,755000.0,78 Years 8 Months
2016-11,SERANGOON,5 ROOM,256,SERANGOON CTRL DR,13 TO 15,115.0,Improved,1999,755000.0,81 Years 1 Months
2012-03,TOA PAYOH,5 ROOM,122,LOR 2 TOA PAYOH,06 TO 10,124.0,Improved,1999,755000.0,85 Years 10 Months
2013-05,WOODLANDS,EXECUTIVE,322,WOODLANDS ST 32,07 TO 09,172.0,Apartment,1994,755000.0,79 Years 8 Months
2015-10,WOODLANDS,EXECUTIVE,803,WOODLANDS ST 81,04 TO 06,176.0,Apartment,1994,755000.0,77 Years 3 Months
2012-06,BISHAN,EXECUTIVE,231,BISHAN ST 23,10 TO 12,146.0,Maisonette,1992,755000.0,78 Years 7 Months
2016-11,TAMPINES,EXECUTIVE,156,TAMPINES ST 12,04 TO 06,150.0,Maisonette,1984,755000.0,66 Years 1 Months
2014-06,KALLANG/WHAMPOA,3 ROOM,54,JLN MA'MOR,01 TO 03,88.0,Terrace,1972,755000.0,56 Years 7 Months
2014-08,KALLANG/WHAMPOA,5 ROOM,103,TOWNER RD,04 TO 06,138.0,Model A-Maisonette,1983,755000.0,67 Years 5 Months
2012-09,TOA PAYOH,5 ROOM,154,LOR 2 TOA PAYOH,01 TO 03,124.0,Improved,2001,755000.0,87 Years 4 Months
2016-09,PASIR RIS,EXECUTIVE,253,PASIR RIS ST 21,07 TO 09,190.0,Maisonette,1993,755000.0,75 Years 4 Months
2016-07,SERANGOON,EXECUTIVE,525,SERANGOON NTH AVE 4,10 TO 12,156.0,Maisonette,1992,755000.0,74 Years 6 Months
2013-05,JURONG EAST,EXECUTIVE,286C,TOH GUAN RD,07 TO 09,144.0,Apartment,1998,755000.0,83 Years 8 Months
2016-07,JURONG EAST,EXECUTIVE,287D,JURONG EAST ST 21,04 TO 06,144.0,Maisonette,1998,755000.0,80 Years 6 Months
2015-01,QUEENSTOWN,4 ROOM,48,STRATHMORE AVE,19 TO 21,90.0,Model A,2006,755000.0,90 Years 0 Months
2013-07,BUKIT MERAH,4 ROOM,74A,REDHILL RD,10 TO 12,100.0,Model A,2005,755000.0,90 Years 6 Months
2012-10,PASIR RIS,EXECUTIVE,782,PASIR RIS ST 71,13 TO 15,143.0,Apartment,1996,755000.0,82 Years 2 Months
2016-07,QUEENSTOWN,4 ROOM,28,GHIM MOH LINK,25 TO 27,92.0,Model A,2013,755000.0,95 Years 6 Months
2013-04,BUKIT MERAH,5 ROOM,111A,DEPOT RD,19 TO 21,115.0,Improved,2006,755000.0,91 Years 9 Months
2016-08,GEYLANG,5 ROOM,417,EUNOS RD 5,04 TO 06,142.0,Model A-Maisonette,1984,755000.0,66 Years 4 Months
2016-07,SERANGOON,5 ROOM,334,SERANGOON AVE 3,10 TO 12,122.0,Improved,1987,755000.0,69 Years 6 Months
2015-09,BUKIT MERAH,5 ROOM,19,JLN MEMBINA,01 TO 03,110.0,Improved,2003,755000.0,86 Years 4 Months
2012-03,BUKIT MERAH,4 ROOM,75C,REDHILL RD,21 TO 25,100.0,Model A,2007,755000.0,93 Years 10 Months
2015-01,ANG MO KIO,5 ROOM,315B,ANG MO KIO ST 31,13 TO 15,110.0,Improved,2006,755000.0,90 Years 0 Months
2012-10,BUKIT MERAH,5 ROOM,4A,BOON TIONG RD,01 TO 03,115.0,Improved,2005,755000.0,91 Years 3 Months
2014-01,BUKIT MERAH,5 ROOM,135,JLN BT MERAH,10 TO 12,120.0,Improved,1997,755000.0,82 Years 0 Months
2013-07,HOUGANG,EXECUTIVE,446,HOUGANG AVE 8,07 TO 09,146.0,Maisonette,1991,754300.0,76 Years 6 Months
2016-09,QUEENSTOWN,4 ROOM,61B,STRATHMORE AVE,13 TO 15,94.0,Model A,2011,754000.0,93 Years 3 Months
2012-09,BUKIT MERAH,5 ROOM,82,REDHILL LANE,01 TO 03,129.0,Improved,1996,754000.0,82 Years 3 Months
2013-08,YISHUN,MULTI-GENERATION,605,YISHUN ST 61,10 TO 12,147.0,Multi Generation,1988,753888.0,73 Years 5 Months
2013-08,CLEMENTI,4 ROOM,460,CLEMENTI AVE 3,25 TO 27,90.0,Model A,2002,753000.0,87 Years 5 Months
2012-04,SERANGOON,EXECUTIVE,319,SERANGOON AVE 2,06 TO 10,146.0,Maisonette,1985,753000.0,71 Years 9 Months
2013-04,BUKIT MERAH,4 ROOM,27A,JLN MEMBINA,16 TO 18,90.0,Model A,2008,753000.0,93 Years 9 Months
2012-05,TOA PAYOH,5 ROOM,142,LOR 2 TOA PAYOH,11 TO 15,115.0,Improved,2001,753000.0,87 Years 8 Months
2013-01,TOA PAYOH,5 ROOM,6,LOR 7 TOA PAYOH,10 TO 12,121.0,Improved,1998,753000.0,83 Years 11 Months
2013-07,TAMPINES,EXECUTIVE,330,TAMPINES ST 32,04 TO 06,147.0,Maisonette,1995,753000.0,80 Years 6 Months
2012-07,QUEENSTOWN,4 ROOM,91,TANGLIN HALT RD,34 TO 36,90.0,Model A,2008,753000.0,94 Years 6 Months
2012-06,BUKIT MERAH,4 ROOM,26B,JLN MEMBINA,25 TO 27,85.0,Model A,2009,753000.0,95 Years 7 Months
2014-02,TAMPINES,EXECUTIVE,149,TAMPINES ST 12,01 TO 03,150.0,Apartment,1984,753000.0,68 Years 10 Months
2015-12,CLEMENTI,5 ROOM,338,CLEMENTI AVE 2,19 TO 21,119.0,Improved,1978,753000.0,61 Years 1 Months
2015-04,BUKIT PANJANG,EXECUTIVE,542,JELAPANG RD,10 TO 12,142.0,Maisonette,1999,753000.0,82 Years 9 Months
2014-04,ANG MO KIO,5 ROOM,309A,ANG MO KIO ST 31,19 TO 21,110.0,Improved,2006,753000.0,90 Years 9 Months
2013-06,BUKIT MERAH,4 ROOM,26B,JLN MEMBINA,07 TO 09,85.0,Model A,2009,753000.0,94 Years 7 Months
2013-01,BUKIT BATOK,EXECUTIVE,290C,BT BATOK EAST AVE 3,13 TO 15,141.0,Apartment,1997,753000.0,82 Years 11 Months
2015-01,BEDOK,EXECUTIVE,629,BEDOK RESERVOIR RD,01 TO 03,173.0,Apartment,1993,753000.0,77 Years 0 Months
2012-06,QUEENSTOWN,3 ROOM,53,STIRLING RD,01 TO 03,81.0,Terrace,1968,752800.0,54 Years 6 Months
2016-10,SERANGOON,5 ROOM,258,SERANGOON CTRL DR,07 TO 09,115.0,Improved,1999,752500.0,81 Years 3 Months
2013-04,PASIR RIS,EXECUTIVE,533,PASIR RIS DR 1,04 TO 06,145.0,Apartment,1992,752500.0,77 Years 9 Months
2014-08,TAMPINES,EXECUTIVE,245,TAMPINES ST 21,07 TO 09,150.0,Maisonette,1984,752000.0,68 Years 5 Months
2013-08,QUEENSTOWN,4 ROOM,89,TANGLIN HALT RD,10 TO 12,90.0,Model A,2008,752000.0,93 Years 5 Months
2015-03,HOUGANG,EXECUTIVE,237,HOUGANG ST 21,04 TO 06,150.0,Maisonette,1984,752000.0,67 Years 10 Months
2014-12,TAMPINES,EXECUTIVE,245,TAMPINES ST 21,10 TO 12,150.0,Maisonette,1984,752000.0,68 Years 1 Months
2013-09,PASIR RIS,EXECUTIVE,535,PASIR RIS DR 1,07 TO 09,145.0,Apartment,1992,752000.0,77 Years 3 Months
2014-10,BUKIT MERAH,5 ROOM,121A,KIM TIAN PL,19 TO 21,115.0,Improved,2001,752000.0,85 Years 3 Months
2015-06,BUKIT MERAH,4 ROOM,21,JLN MEMBINA,25 TO 27,90.0,Model A,2003,752000.0,86 Years 7 Months
2014-11,HOUGANG,EXECUTIVE,221,HOUGANG ST 21,01 TO 03,148.0,Maisonette,1992,752000.0,76 Years 1 Months
2014-03,BUKIT MERAH,4 ROOM,26B,JLN MEMBINA,25 TO 27,85.0,Model A,2009,752000.0,93 Years 10 Months
2012-09,BUKIT BATOK,EXECUTIVE,290C,BT BATOK EAST AVE 3,16 TO 18,141.0,Apartment,1997,752000.0,83 Years 4 Months
2012-09,BUKIT BATOK,EXECUTIVE,287,BT BATOK EAST AVE 3,13 TO 15,149.0,Apartment,1995,752000.0,81 Years 3 Months
2016-04,BISHAN,5 ROOM,503,BISHAN ST 11,01 TO 03,127.0,Improved,1989,752000.0,71 Years 9 Months
2013-05,HOUGANG,EXECUTIVE,237,HOUGANG ST 21,01 TO 03,150.0,Maisonette,1984,752000.0,69 Years 8 Months
2016-01,KALLANG/WHAMPOA,EXECUTIVE,106,JLN RAJAH,04 TO 06,150.0,Maisonette,1984,752000.0,66 Years 11 Months
2013-04,YISHUN,EXECUTIVE,664,YISHUN AVE 4,04 TO 06,164.0,Apartment,1992,752000.0,77 Years 9 Months
2013-03,QUEENSTOWN,4 ROOM,52,STRATHMORE AVE,13 TO 15,90.0,Model A,2006,752000.0,91 Years 10 Months
2012-04,BUKIT MERAH,4 ROOM,75B,REDHILL RD,26 TO 30,100.0,Model A,2005,752000.0,91 Years 9 Months
2014-04,BUKIT MERAH,5 ROOM,1,EVERTON PK,10 TO 12,138.0,Improved,1980,751888.0,64 Years 9 Months
2015-05,JURONG EAST,EXECUTIVE,288C,JURONG EAST ST 21,04 TO 06,142.0,Maisonette,2000,751000.0,83 Years 8 Months
2012-04,BUKIT MERAH,4 ROOM,75A,REDHILL RD,16 TO 20,100.0,Model A,2005,751000.0,91 Years 9 Months
2016-06,TOA PAYOH,4 ROOM,79D,TOA PAYOH CTRL,34 TO 36,91.0,Model A,2009,751000.0,91 Years 7 Months
2014-10,JURONG EAST,EXECUTIVE,288C,JURONG EAST ST 21,04 TO 06,142.0,Maisonette,2000,751000.0,84 Years 3 Months
2015-11,BUKIT MERAH,4 ROOM,26D,JLN MEMBINA,25 TO 27,90.0,Model A,2009,750888.0,92 Years 2 Months
2016-11,ANG MO KIO,EXECUTIVE,615,ANG MO KIO AVE 4,07 TO 09,149.0,Apartment,1996,750888.0,78 Years 1 Months
2015-10,KALLANG/WHAMPOA,3 ROOM,49,JLN BAHAGIA,01 TO 03,80.0,Terrace,1972,750800.0,55 Years 3 Months
